id,timestamp,target_embedding,source_params,model,seed,pooling,norm,batch_size,num_layers,base_dim,activation,dropout_rate,optimizer,learning_rate,weight_decay,use_pca,pca_frac,momentum_sgd,norm_layer,do_layer,hidden_layers,input_dim,label_smoothing,clip_grad_norm,class_weights,train_loss,test_loss,accuracy,epochs_trained,f1_macro,best_f1,best_state_loss,training,duration_sec
1,20251019_192157,baseline_31steps_mean.csv,mlp_results_v2.csv,MLP,42,mean,minmax,64,3,768,silu,0.4,Adam,0.0002,1e-07,True,0.8,,"[1, 2, 3]","[2, 3]","[768, 512, 256]",59,0.03,1.0,"[1.0, 3.1864, 1.3333]",0.14223,1.36295,0.56818,217,0.48148,0.59561,0.14324,STOPPED,9.93
2,20251019_192157,gaitgl_64steps_mean.csv,mlp_results_v2.csv,MLP,42,mean,minmax,64,3,768,silu,0.4,Adam,0.0002,1e-07,True,0.8,,"[1, 2, 3]","[2, 3]","[768, 512, 256]",65,0.03,1.0,"[1.0, 3.1864, 1.3333]",0.14217,1.79535,0.47727,50,0.35425,0.45455,0.15446,STOPPED,12.42
3,20251019_192157,gaitpart_16steps_mean.csv,mlp_results_v2.csv,MLP,42,mean,minmax,64,3,768,silu,0.4,Adam,0.0002,1e-07,True,0.8,,"[1, 2, 3]","[2, 3]","[768, 512, 256]",65,0.03,1.0,"[1.0, 3.1864, 1.3333]",0.14257,1.54349,0.54545,41,0.45258,0.51839,0.15462,STOPPED,10.264
4,20251019_192157,gaitset_62steps_mean.csv,mlp_results_v2.csv,MLP,42,mean,minmax,64,3,768,silu,0.4,Adam,0.0002,1e-07,True,0.8,,"[1, 2, 3]","[2, 3]","[768, 512, 256]",63,0.03,1.0,"[1.0, 3.1864, 1.3333]",0.14314,1.90836,0.45455,29,0.32566,0.37184,0.16995,STOPPED,13.974
5,20251019_192157,gln_93steps_mean.csv,mlp_results_v2.csv,MLP,42,mean,minmax,64,3,768,silu,0.4,Adam,0.0002,1e-07,True,0.8,,"[1, 2, 3]","[2, 3]","[768, 512, 256]",50,0.03,1.0,"[1.0, 3.1864, 1.3333]",0.14196,1.88335,0.40909,85,0.29513,0.48312,0.14887,STOPPED,13.752

6,20251019_192157,baseline_31steps_mean.csv,mlp_results_v2.csv,MLP,42,mean,L2,64,4,896,silu,0.4,Adam,0.0001,0.0,True,0.85,,"[1, 2, 3]","[1, 2]","[896, 640, 384, 192]",74,0.03,1.0,"[1.0, 3.1864, 1.3333]",0.14707,1.49938,0.59091,329,0.44737,0.50131,0.15638,STOPPED,22.837
7,20251019_192157,gaitgl_64steps_mean.csv,mlp_results_v2.csv,MLP,42,mean,L2,64,4,896,silu,0.4,Adam,0.0001,0.0,True,0.85,,"[1, 2, 3]","[1, 2]","[896, 640, 384, 192]",93,0.03,1.0,"[1.0, 3.1864, 1.3333]",0.14088,2.48671,0.40909,567,0.35141,0.39337,0.14672,STOPPED,28.714
8,20251019_192157,gaitpart_16steps_mean.csv,mlp_results_v2.csv,MLP,42,mean,L2,64,4,896,silu,0.4,Adam,0.0001,0.0,True,0.85,,"[1, 2, 3]","[1, 2]","[896, 640, 384, 192]",83,0.03,1.0,"[1.0, 3.1864, 1.3333]",0.14108,1.89632,0.5,645,0.42747,0.4757,0.14346,STOPPED,30.385
9,20251019_192157,gaitset_62steps_mean.csv,mlp_results_v2.csv,MLP,42,mean,L2,64,4,896,silu,0.4,Adam,0.0001,0.0,True,0.85,,"[1, 2, 3]","[1, 2]","[896, 640, 384, 192]",80,0.03,1.0,"[1.0, 3.1864, 1.3333]",0.14111,2.17124,0.47727,335,0.35829,0.4596,0.2313,STOPPED,26.215
10,20251019_192157,gln_93steps_mean.csv,mlp_results_v2.csv,MLP,42,mean,L2,64,4,896,silu,0.4,Adam,0.0001,0.0,True,0.85,,"[1, 2, 3]","[1, 2]","[896, 640, 384, 192]",64,0.03,1.0,"[1.0, 3.1864, 1.3333]",0.14267,2.07055,0.43182,445,0.36508,0.42544,0.14807,STOPPED,26.024

11,20251019_192157,baseline_31steps_mean.csv,mlp_results_v2.csv,MLP,42,mean,L2,64,4,1280,silu,0.5,Adam,0.0001,1e-07,True,0.85,,"[1, 2, 3, 4]","[1, 2]","[1280, 896, 512, 256]",74,0.03,1.0,"[1.0, 3.1864, 1.3333]",0.14184,1.77031,0.54545,359,0.42577,0.47985,0.15289,STOPPED,23.903
12,20251019_192157,gaitgl_64steps_mean.csv,mlp_results_v2.csv,MLP,42,mean,L2,64,4,1280,silu,0.5,Adam,0.0001,1e-07,True,0.85,,"[1, 2, 3, 4]","[1, 2]","[1280, 896, 512, 256]",93,0.03,1.0,"[1.0, 3.1864, 1.3333]",0.14022,2.70506,0.36364,423,0.3118,0.3782,0.2723,STOPPED,32.649
13,20251019_192157,gaitpart_16steps_mean.csv,mlp_results_v2.csv,MLP,42,mean,L2,64,4,1280,silu,0.5,Adam,0.0001,1e-07,True,0.85,,"[1, 2, 3, 4]","[1, 2]","[1280, 896, 512, 256]",83,0.03,1.0,"[1.0, 3.1864, 1.3333]",0.14395,1.84951,0.52273,875,0.43838,0.49238,0.14156,STOPPED,41.636
14,20251019_192157,gaitset_62steps_mean.csv,mlp_results_v2.csv,MLP,42,mean,L2,64,4,1280,silu,0.5,Adam,0.0001,1e-07,True,0.85,,"[1, 2, 3, 4]","[1, 2]","[1280, 896, 512, 256]",80,0.03,1.0,"[1.0, 3.1864, 1.3333]",0.14194,2.10211,0.5,497,0.42311,0.51884,0.14908,STOPPED,33.394
15,20251019_192157,gln_93steps_mean.csv,mlp_results_v2.csv,MLP,42,mean,L2,64,4,1280,silu,0.5,Adam,0.0001,1e-07,True,0.85,,"[1, 2, 3, 4]","[1, 2]","[1280, 896, 512, 256]",64,0.03,1.0,"[1.0, 3.1864, 1.3333]",0.142,1.78926,0.47727,631,0.39418,0.44989,0.14063,STOPPED,27.358

16,20251019_192157,baseline_31steps_mean.csv,mlp_results_v2.csv,MLP,42,mean,minmax,64,3,640,relu,0.35,RMSprop,8e-05,5e-05,True,0.7,,"[1, 2]","[1, 2, 3]","[640, 448, 256]",37,0.03,1.0,"[1.0, 3.1864, 1.3333]",0.15117,0.90228,0.70455,180,0.65909,0.7507,0.29393,STOPPED,39.765
17,20251019_192157,gaitgl_64steps_mean.csv,mlp_results_v2.csv,MLP,42,mean,minmax,64,3,640,relu,0.35,RMSprop,8e-05,5e-05,True,0.7,,"[1, 2]","[1, 2, 3]","[640, 448, 256]",38,0.03,1.0,"[1.0, 3.1864, 1.3333]",0.15063,1.76537,0.45455,503,0.33611,0.40828,0.1805,STOPPED,45.525
18,20251019_192157,gaitpart_16steps_mean.csv,mlp_results_v2.csv,MLP,42,mean,minmax,64,3,640,relu,0.35,RMSprop,8e-05,5e-05,True,0.7,,"[1, 2]","[1, 2, 3]","[640, 448, 256]",41,0.03,1.0,"[1.0, 3.1864, 1.3333]",0.16385,1.46086,0.47727,178,0.4053,0.46703,0.2525,STOPPED,25.455
19,20251019_192157,gaitset_62steps_mean.csv,mlp_results_v2.csv,MLP,42,mean,minmax,64,3,640,relu,0.35,RMSprop,8e-05,5e-05,True,0.7,,"[1, 2]","[1, 2, 3]","[640, 448, 256]",39,0.03,1.0,"[1.0, 3.1864, 1.3333]",0.15749,1.46703,0.52273,312,0.44108,0.47593,0.20022,STOPPED,27.889
20,20251019_192157,gln_93steps_mean.csv,mlp_results_v2.csv,MLP,42,mean,minmax,64,3,640,relu,0.35,RMSprop,8e-05,5e-05,True,0.7,,"[1, 2]","[1, 2, 3]","[640, 448, 256]",30,0.03,1.0,"[1.0, 3.1864, 1.3333]",0.15456,1.37973,0.52273,740,0.47445,0.51082,0.16408,STOPPED,42.525

21,20251019_192157,baseline_31steps_mean.csv,mlp_results_v2.csv,MLP,42,mean,minmax,64,3,768,silu,0.4,Adam,0.0002,1e-07,True,0.8,,"[1, 2, 3]","[1, 2]","[768, 512, 256]",59,0.03,1.0,"[1.0, 3.1864, 1.3333]",0.14422,1.54599,0.56818,137,0.47672,0.54839,0.15978,STOPPED,13.675
22,20251019_192157,gaitgl_64steps_mean.csv,mlp_results_v2.csv,MLP,42,mean,minmax,64,3,768,silu,0.4,Adam,0.0002,1e-07,True,0.8,,"[1, 2, 3]","[1, 2]","[768, 512, 256]",65,0.03,1.0,"[1.0, 3.1864, 1.3333]",0.1431,1.72277,0.47727,73,0.35859,0.46224,0.23702,STOPPED,18.768
23,20251019_192157,gaitpart_16steps_mean.csv,mlp_results_v2.csv,MLP,42,mean,minmax,64,3,768,silu,0.4,Adam,0.0002,1e-07,True,0.8,,"[1, 2, 3]","[1, 2]","[768, 512, 256]",65,0.03,1.0,"[1.0, 3.1864, 1.3333]",0.1417,1.76503,0.52273,131,0.40972,0.54229,0.16223,STOPPED,14.954
24,20251019_192157,gaitset_62steps_mean.csv,mlp_results_v2.csv,MLP,42,mean,minmax,64,3,768,silu,0.4,Adam,0.0002,1e-07,True,0.8,,"[1, 2, 3]","[1, 2]","[768, 512, 256]",63,0.03,1.0,"[1.0, 3.1864, 1.3333]",0.14231,2.14871,0.36364,363,0.31025,0.42287,0.14689,STOPPED,19.194
25,20251019_192157,gln_93steps_mean.csv,mlp_results_v2.csv,MLP,42,mean,minmax,64,3,768,silu,0.4,Adam,0.0002,1e-07,True,0.8,,"[1, 2, 3]","[1, 2]","[768, 512, 256]",50,0.03,1.0,"[1.0, 3.1864, 1.3333]",0.14978,2.05264,0.38636,103,0.3,0.47176,0.20716,STOPPED,19.191

26,20251019_192157,baseline_31steps_mean.csv,mlp_results_v2.csv,MLP,42,mean,L2,64,4,768,silu,0.5,Adam,0.0002,5e-07,True,0.7,,"[1, 2]","[1, 2, 3]","[768, 512, 384, 256]",35,0.03,1.0,"[1.0, 3.1864, 1.3333]",0.15084,1.5804,0.61364,380,0.5887,0.65037,0.22309,STOPPED,35.188
27,20251019_192157,gaitgl_64steps_mean.csv,mlp_results_v2.csv,MLP,42,mean,L2,64,4,768,silu,0.5,Adam,0.0002,5e-07,True,0.7,,"[1, 2]","[1, 2, 3]","[768, 512, 384, 256]",47,0.03,1.0,"[1.0, 3.1864, 1.3333]",0.14578,1.85052,0.5,434,0.36451,0.53535,0.25172,STOPPED,40.299
28,20251019_192157,gaitpart_16steps_mean.csv,mlp_results_v2.csv,MLP,42,mean,L2,64,4,768,silu,0.5,Adam,0.0002,5e-07,True,0.7,,"[1, 2]","[1, 2, 3]","[768, 512, 384, 256]",42,0.03,1.0,"[1.0, 3.1864, 1.3333]",0.14518,2.03791,0.45455,898,0.38996,0.49374,0.14829,STOPPED,35.244
29,20251019_192157,gaitset_62steps_mean.csv,mlp_results_v2.csv,MLP,42,mean,L2,64,4,768,silu,0.5,Adam,0.0002,5e-07,True,0.7,,"[1, 2]","[1, 2, 3]","[768, 512, 384, 256]",38,0.03,1.0,"[1.0, 3.1864, 1.3333]",0.1466,2.04233,0.45455,375,0.33939,0.4548,0.32852,STOPPED,32.618
30,20251019_192157,gln_93steps_mean.csv,mlp_results_v2.csv,MLP,42,mean,L2,64,4,768,silu,0.5,Adam,0.0002,5e-07,True,0.7,,"[1, 2]","[1, 2, 3]","[768, 512, 384, 256]",28,0.03,1.0,"[1.0, 3.1864, 1.3333]",0.15616,2.05555,0.47727,384,0.41847,0.51053,0.27155,STOPPED,35.207

31,20251019_192157,baseline_31steps_mean.csv,mlp_results_v2.csv,MLP,42,mean,L2,64,4,1024,leakyrelu,0.5,Adam,0.0002,1e-06,True,0.8,,"[2, 3]","[1, 2, 3]","[1024, 784, 512, 256]",58,0.03,1.0,"[1.0, 3.1864, 1.3333]",0.14401,1.7893,0.54545,277,0.40833,0.49602,0.15437,STOPPED,22.043
32,20251019_192157,gaitgl_64steps_mean.csv,mlp_results_v2.csv,MLP,42,mean,L2,64,4,1024,leakyrelu,0.5,Adam,0.0002,1e-06,True,0.8,,"[2, 3]","[1, 2, 3]","[1024, 784, 512, 256]",74,0.03,1.0,"[1.0, 3.1864, 1.3333]",0.14635,2.32764,0.45455,599,0.37935,0.43831,0.14287,STOPPED,25.003
33,20251019_192157,gaitpart_16steps_mean.csv,mlp_results_v2.csv,MLP,42,mean,L2,64,4,1024,leakyrelu,0.5,Adam,0.0002,1e-06,True,0.8,,"[2, 3]","[1, 2, 3]","[1024, 784, 512, 256]",66,0.03,1.0,"[1.0, 3.1864, 1.3333]",0.15213,1.83123,0.52273,493,0.44091,0.49376,0.15928,STOPPED,27.666
34,20251019_192157,gaitset_62steps_mean.csv,mlp_results_v2.csv,MLP,42,mean,L2,64,4,1024,leakyrelu,0.5,Adam,0.0002,1e-06,True,0.8,,"[2, 3]","[1, 2, 3]","[1024, 784, 512, 256]",63,0.03,1.0,"[1.0, 3.1864, 1.3333]",0.14432,2.44441,0.36364,634,0.27652,0.35325,0.14588,STOPPED,28.03
35,20251019_192157,gln_93steps_mean.csv,mlp_results_v2.csv,MLP,42,mean,L2,64,4,1024,leakyrelu,0.5,Adam,0.0002,1e-06,True,0.8,,"[2, 3]","[1, 2, 3]","[1024, 784, 512, 256]",48,0.03,1.0,"[1.0, 3.1864, 1.3333]",0.14388,2.10806,0.45455,162,0.37238,0.51754,0.32211,STOPPED,22.947

36,20251019_192157,baseline_31steps_mean.csv,mlp_results_v2.csv,MLP,42,mean,L2,80,4,768,leakyrelu,0.45,Adam,0.0002,0.0,True,0.75,,"[2, 4]","[1, 3]","[768, 512, 384, 256]",45,0.03,1.0,"[1.0, 3.1864, 1.3333]",0.1479,1.56171,0.54545,197,0.39466,0.61845,0.24591,STOPPED,19.396
37,20251019_192157,gaitgl_64steps_mean.csv,mlp_results_v2.csv,MLP,42,mean,L2,80,4,768,leakyrelu,0.45,Adam,0.0002,0.0,True,0.75,,"[2, 4]","[1, 3]","[768, 512, 384, 256]",59,0.03,1.0,"[1.0, 3.1864, 1.3333]",0.16462,2.13277,0.5,322,0.41667,0.47691,0.31466,STOPPED,22.569
38,20251019_192157,gaitpart_16steps_mean.csv,mlp_results_v2.csv,MLP,42,mean,L2,80,4,768,leakyrelu,0.45,Adam,0.0002,0.0,True,0.75,,"[2, 4]","[1, 3]","[768, 512, 384, 256]",52,0.03,1.0,"[1.0, 3.1864, 1.3333]",0.15193,1.92908,0.54545,720,0.42227,0.54569,0.19725,STOPPED,26.078
39,20251019_192157,gaitset_62steps_mean.csv,mlp_results_v2.csv,MLP,42,mean,L2,80,4,768,leakyrelu,0.45,Adam,0.0002,0.0,True,0.75,,"[2, 4]","[1, 3]","[768, 512, 384, 256]",49,0.03,1.0,"[1.0, 3.1864, 1.3333]",0.15559,2.03285,0.52273,366,0.42509,0.45265,0.24258,STOPPED,24.154
40,20251019_192157,gln_93steps_mean.csv,mlp_results_v2.csv,MLP,42,mean,L2,80,4,768,leakyrelu,0.45,Adam,0.0002,0.0,True,0.75,,"[2, 4]","[1, 3]","[768, 512, 384, 256]",37,0.03,1.0,"[1.0, 3.1864, 1.3333]",0.14563,2.36535,0.47727,634,0.34498,0.42312,0.1477,STOPPED,24.366

41,20251019_192157,baseline_31steps_mean.csv,mlp_results_v2.csv,MLP,42,mean,minmax,64,4,1024,silu,0.4,Adam,0.0002,1e-07,True,0.8,,"[1, 2, 3]","[1, 2]","[1024, 768, 512, 256]",59,0.03,1.0,"[1.0, 3.1864, 1.3333]",0.14269,1.40706,0.59091,372,0.53075,0.58838,0.1422,STOPPED,15.384
42,20251019_192157,gaitgl_64steps_mean.csv,mlp_results_v2.csv,MLP,42,mean,minmax,64,4,1024,silu,0.4,Adam,0.0002,1e-07,True,0.8,,"[1, 2, 3]","[1, 2]","[1024, 768, 512, 256]",65,0.03,1.0,"[1.0, 3.1864, 1.3333]",0.14702,1.60937,0.52273,47,0.40741,0.47856,0.24329,STOPPED,15.088
43,20251019_192157,gaitpart_16steps_mean.csv,mlp_results_v2.csv,MLP,42,mean,minmax,64,4,1024,silu,0.4,Adam,0.0002,1e-07,True,0.8,,"[1, 2, 3]","[1, 2]","[1024, 768, 512, 256]",65,0.03,1.0,"[1.0, 3.1864, 1.3333]",0.14199,1.62491,0.52273,197,0.43673,0.62037,0.14486,STOPPED,14.974
44,20251019_192157,gaitset_62steps_mean.csv,mlp_results_v2.csv,MLP,42,mean,minmax,64,4,1024,silu,0.4,Adam,0.0002,1e-07,True,0.8,,"[1, 2, 3]","[1, 2]","[1024, 768, 512, 256]",63,0.03,1.0,"[1.0, 3.1864, 1.3333]",0.14205,2.08111,0.45455,112,0.33611,0.40489,0.15593,STOPPED,15.833
45,20251019_192157,gln_93steps_mean.csv,mlp_results_v2.csv,MLP,42,mean,minmax,64,4,1024,silu,0.4,Adam,0.0002,1e-07,True,0.8,,"[1, 2, 3]","[1, 2]","[1024, 768, 512, 256]",50,0.03,1.0,"[1.0, 3.1864, 1.3333]",0.14099,2.04082,0.38636,70,0.33247,0.45812,0.21459,STOPPED,18.071

46,20251019_192157,baseline_31steps_mean.csv,mlp_results_v2.csv,MLP,42,mean,L2,64,4,896,leakyrelu,0.5,Adam,0.0002,1e-07,True,0.8,,"[1, 2, 3, 4]","[1, 2, 3]","[896, 640, 320, 192]",58,0.03,1.0,"[1.0, 3.1864, 1.3333]",0.14662,2.04046,0.52273,423,0.40093,0.49238,0.15784,STOPPED,21.531
47,20251019_192157,gaitgl_64steps_mean.csv,mlp_results_v2.csv,MLP,42,mean,L2,64,4,896,leakyrelu,0.5,Adam,0.0002,1e-07,True,0.8,,"[1, 2, 3, 4]","[1, 2, 3]","[896, 640, 320, 192]",74,0.03,1.0,"[1.0, 3.1864, 1.3333]",0.14086,2.28978,0.43182,439,0.31534,0.43056,0.14323,STOPPED,21.672
48,20251019_192157,gaitpart_16steps_mean.csv,mlp_results_v2.csv,MLP,42,mean,L2,64,4,896,leakyrelu,0.5,Adam,0.0002,1e-07,True,0.8,,"[1, 2, 3, 4]","[1, 2, 3]","[896, 640, 320, 192]",66,0.03,1.0,"[1.0, 3.1864, 1.3333]",0.1408,1.72382,0.59091,481,0.48381,0.5266,0.14714,STOPPED,24.746
49,20251019_192157,gaitset_62steps_mean.csv,mlp_results_v2.csv,MLP,42,mean,L2,64,4,896,leakyrelu,0.5,Adam,0.0002,1e-07,True,0.8,,"[1, 2, 3, 4]","[1, 2, 3]","[896, 640, 320, 192]",63,0.03,1.0,"[1.0, 3.1864, 1.3333]",0.14251,2.47947,0.43182,215,0.30161,0.45507,0.18659,STOPPED,19.197
50,20251019_192157,gln_93steps_mean.csv,mlp_results_v2.csv,MLP,42,mean,L2,64,4,896,leakyrelu,0.5,Adam,0.0002,1e-07,True,0.8,,"[1, 2, 3, 4]","[1, 2, 3]","[896, 640, 320, 192]",48,0.03,1.0,"[1.0, 3.1864, 1.3333]",0.15506,2.33796,0.47727,214,0.39971,0.49179,0.20329,STOPPED,23.036

51,20251019_192157,baseline_31steps_mean.csv,mlp_results_v2.csv,MLP,42,mean,L2,80,4,768,leakyrelu,0.5,Adam,0.0002,0.0,True,0.85,,"[1, 3]","[2, 4]","[768, 384, 512, 256]",74,0.03,1.0,"[1.0, 3.1864, 1.3333]",0.14327,2.32319,0.45455,255,0.36075,0.44583,0.14504,STOPPED,11.293
52,20251019_192157,gaitgl_64steps_mean.csv,mlp_results_v2.csv,MLP,42,mean,L2,80,4,768,leakyrelu,0.5,Adam,0.0002,0.0,True,0.85,,"[1, 3]","[2, 4]","[768, 384, 512, 256]",93,0.03,1.0,"[1.0, 3.1864, 1.3333]",0.14332,2.42232,0.45455,202,0.3782,0.4422,0.15325,STOPPED,13.094
53,20251019_192157,gaitpart_16steps_mean.csv,mlp_results_v2.csv,MLP,42,mean,L2,80,4,768,leakyrelu,0.5,Adam,0.0002,0.0,True,0.85,,"[1, 3]","[2, 4]","[768, 384, 512, 256]",83,0.03,1.0,"[1.0, 3.1864, 1.3333]",0.1431,1.89631,0.54545,517,0.52863,0.57083,0.14549,STOPPED,17.659
54,20251019_192157,gaitset_62steps_mean.csv,mlp_results_v2.csv,MLP,42,mean,L2,80,4,768,leakyrelu,0.5,Adam,0.0002,0.0,True,0.85,,"[1, 3]","[2, 4]","[768, 384, 512, 256]",80,0.03,1.0,"[1.0, 3.1864, 1.3333]",0.1437,2.72399,0.38636,128,0.31722,0.4225,0.18958,STOPPED,15.985
55,20251019_192157,gln_93steps_mean.csv,mlp_results_v2.csv,MLP,42,mean,L2,80,4,768,leakyrelu,0.5,Adam,0.0002,0.0,True,0.85,,"[1, 3]","[2, 4]","[768, 384, 512, 256]",64,0.03,1.0,"[1.0, 3.1864, 1.3333]",0.14349,2.53189,0.31818,66,0.22685,0.43745,0.23881,STOPPED,13.109

56,20251019_192157,baseline_31steps_mean.csv,mlp_results_v2.csv,MLP,42,mean,L2,80,4,896,leakyrelu,0.5,Adam,0.0002,1e-07,True,0.8,,"[2, 3]","[2, 3]","[896, 640, 320, 192]",58,0.03,1.0,"[1.0, 3.1864, 1.3333]",0.14272,1.56126,0.56818,136,0.47601,0.52658,0.15084,STOPPED,10.83
57,20251019_192157,gaitgl_64steps_mean.csv,mlp_results_v2.csv,MLP,42,mean,L2,80,4,896,leakyrelu,0.5,Adam,0.0002,1e-07,True,0.8,,"[2, 3]","[2, 3]","[896, 640, 320, 192]",74,0.03,1.0,"[1.0, 3.1864, 1.3333]",0.1429,2.01452,0.45455,188,0.38546,0.46215,0.14908,STOPPED,13.337
58,20251019_192157,gaitpart_16steps_mean.csv,mlp_results_v2.csv,MLP,42,mean,L2,80,4,896,leakyrelu,0.5,Adam,0.0002,1e-07,True,0.8,,"[2, 3]","[2, 3]","[896, 640, 320, 192]",66,0.03,1.0,"[1.0, 3.1864, 1.3333]",0.14223,1.74056,0.52273,140,0.44272,0.53283,0.26537,STOPPED,10.952
59,20251019_192157,gaitset_62steps_mean.csv,mlp_results_v2.csv,MLP,42,mean,L2,80,4,896,leakyrelu,0.5,Adam,0.0002,1e-07,True,0.8,,"[2, 3]","[2, 3]","[896, 640, 320, 192]",63,0.03,1.0,"[1.0, 3.1864, 1.3333]",0.14249,2.58084,0.34091,117,0.30198,0.36849,0.26646,STOPPED,12.934
60,20251019_192157,gln_93steps_mean.csv,mlp_results_v2.csv,MLP,42,mean,L2,80,4,896,leakyrelu,0.5,Adam,0.0002,1e-07,True,0.8,,"[2, 3]","[2, 3]","[896, 640, 320, 192]",48,0.03,1.0,"[1.0, 3.1864, 1.3333]",0.14193,1.93677,0.5,130,0.45964,0.52256,0.15653,STOPPED,11.659

61,20251019_192157,baseline_31steps_mean.csv,mlp_results_v2.csv,MLP,42,mean,minmax,64,4,1024,silu,0.4,Adam,0.0001,1e-07,True,0.8,,"[1, 2, 3, 4]","[1, 2, 3]","[1024, 768, 512, 256]",59,0.03,1.0,"[1.0, 3.1864, 1.3333]",0.1404,1.49869,0.61364,393,0.51199,0.64165,0.14417,STOPPED,24.3
62,20251019_192157,gaitgl_64steps_mean.csv,mlp_results_v2.csv,MLP,42,mean,minmax,64,4,1024,silu,0.4,Adam,0.0001,1e-07,True,0.8,,"[1, 2, 3, 4]","[1, 2, 3]","[1024, 768, 512, 256]",65,0.03,1.0,"[1.0, 3.1864, 1.3333]",0.14306,1.91066,0.5,339,0.4236,0.49856,0.14739,STOPPED,20.71
63,20251019_192157,gaitpart_16steps_mean.csv,mlp_results_v2.csv,MLP,42,mean,minmax,64,4,1024,silu,0.4,Adam,0.0001,1e-07,True,0.8,,"[1, 2, 3, 4]","[1, 2, 3]","[1024, 768, 512, 256]",65,0.03,1.0,"[1.0, 3.1864, 1.3333]",0.14184,2.07183,0.52273,356,0.40746,0.50452,0.1463,STOPPED,23.774
64,20251019_192157,gaitset_62steps_mean.csv,mlp_results_v2.csv,MLP,42,mean,minmax,64,4,1024,silu,0.4,Adam,0.0001,1e-07,True,0.8,,"[1, 2, 3, 4]","[1, 2, 3]","[1024, 768, 512, 256]",63,0.03,1.0,"[1.0, 3.1864, 1.3333]",0.14146,2.18087,0.45455,334,0.32952,0.37062,0.14335,STOPPED,22.808
65,20251019_192157,gln_93steps_mean.csv,mlp_results_v2.csv,MLP,42,mean,minmax,64,4,1024,silu,0.4,Adam,0.0001,1e-07,True,0.8,,"[1, 2, 3, 4]","[1, 2, 3]","[1024, 768, 512, 256]",50,0.03,1.0,"[1.0, 3.1864, 1.3333]",0.14242,1.96978,0.5,231,0.46124,0.49767,0.15769,STOPPED,23.241

66,20251019_192157,baseline_31steps_mean.csv,mlp_results_v2.csv,MLP,42,mean,minmax,64,3,896,silu,0.4,RMSprop,8e-05,5e-05,True,0.7,,"[1, 2]","[1, 2, 3]","[896, 512, 256]",37,0.03,1.0,"[1.0, 3.1864, 1.3333]",0.15635,1.00482,0.75,344,0.72179,0.7398,0.19405,STOPPED,40.437
67,20251019_192157,gaitgl_64steps_mean.csv,mlp_results_v2.csv,MLP,42,mean,minmax,64,3,896,silu,0.4,RMSprop,8e-05,5e-05,True,0.7,,"[1, 2]","[1, 2, 3]","[896, 512, 256]",38,0.03,1.0,"[1.0, 3.1864, 1.3333]",0.1578,1.81771,0.47727,393,0.36618,0.47385,0.20326,STOPPED,46.577
68,20251019_192157,gaitpart_16steps_mean.csv,mlp_results_v2.csv,MLP,42,mean,minmax,64,3,896,silu,0.4,RMSprop,8e-05,5e-05,True,0.7,,"[1, 2]","[1, 2, 3]","[896, 512, 256]",41,0.03,1.0,"[1.0, 3.1864, 1.3333]",0.16373,1.52776,0.45455,205,0.38989,0.50538,0.21716,STOPPED,27.684
69,20251019_192157,gaitset_62steps_mean.csv,mlp_results_v2.csv,MLP,42,mean,minmax,64,3,896,silu,0.4,RMSprop,8e-05,5e-05,True,0.7,,"[1, 2]","[1, 2, 3]","[896, 512, 256]",39,0.03,1.0,"[1.0, 3.1864, 1.3333]",0.15888,1.37815,0.5,702,0.42088,0.49916,0.15951,STOPPED,34.274
70,20251019_192157,gln_93steps_mean.csv,mlp_results_v2.csv,MLP,42,mean,minmax,64,3,896,silu,0.4,RMSprop,8e-05,5e-05,True,0.7,,"[1, 2]","[1, 2, 3]","[896, 512, 256]",30,0.03,1.0,"[1.0, 3.1864, 1.3333]",0.17081,1.64833,0.5,617,0.45466,0.50631,0.17832,STOPPED,29.1

71,20251019_192157,baseline_31steps_mean.csv,mlp_results_v2.csv,MLP,42,mean,L2,64,4,768,leakyrelu,0.4,Adam,0.0002,5e-07,True,0.85,,"[1, 2, 3]","[1, 2]","[768, 512, 384, 256]",74,0.03,1.0,"[1.0, 3.1864, 1.3333]",0.14827,2.05951,0.47727,131,0.34668,0.47635,0.16978,STOPPED,17.436
72,20251019_192157,gaitgl_64steps_mean.csv,mlp_results_v2.csv,MLP,42,mean,L2,64,4,768,leakyrelu,0.4,Adam,0.0002,5e-07,True,0.85,,"[1, 2, 3]","[1, 2]","[768, 512, 384, 256]",93,0.03,1.0,"[1.0, 3.1864, 1.3333]",0.14499,2.54585,0.40909,240,0.34014,0.36806,0.14249,STOPPED,17.104
73,20251019_192157,gaitpart_16steps_mean.csv,mlp_results_v2.csv,MLP,42,mean,L2,64,4,768,leakyrelu,0.4,Adam,0.0002,5e-07,True,0.85,,"[1, 2, 3]","[1, 2]","[768, 512, 384, 256]",83,0.03,1.0,"[1.0, 3.1864, 1.3333]",0.13974,1.44784,0.61364,205,0.543,0.63168,0.16565,STOPPED,18.491
74,20251019_192157,gaitset_62steps_mean.csv,mlp_results_v2.csv,MLP,42,mean,L2,64,4,768,leakyrelu,0.4,Adam,0.0002,5e-07,True,0.85,,"[1, 2, 3]","[1, 2]","[768, 512, 384, 256]",80,0.03,1.0,"[1.0, 3.1864, 1.3333]",0.14397,2.61394,0.40909,361,0.31677,0.3496,0.14097,STOPPED,17.593
75,20251019_192157,gln_93steps_mean.csv,mlp_results_v2.csv,MLP,42,mean,L2,64,4,768,leakyrelu,0.4,Adam,0.0002,5e-07,True,0.85,,"[1, 2, 3]","[1, 2]","[768, 512, 384, 256]",64,0.03,1.0,"[1.0, 3.1864, 1.3333]",0.14067,2.60336,0.38636,288,0.33784,0.41857,0.1414,STOPPED,16.797

76,20251019_192157,baseline_31steps_mean.csv,mlp_results_v2.csv,MLP,42,mean,L2,80,3,768,silu,0.4,Adam,0.00015,2e-07,True,0.8,,"[1, 2]","[1, 2]","[768, 512, 256]",58,0.03,1.0,"[1.0, 3.1864, 1.3333]",0.14448,1.41919,0.63636,274,0.53131,0.53283,0.19798,STOPPED,32.9
77,20251019_192157,gaitgl_64steps_mean.csv,mlp_results_v2.csv,MLP,42,mean,L2,80,3,768,silu,0.4,Adam,0.00015,2e-07,True,0.8,,"[1, 2]","[1, 2]","[768, 512, 256]",74,0.03,1.0,"[1.0, 3.1864, 1.3333]",0.14359,1.87498,0.45455,373,0.3877,0.46507,0.20906,STOPPED,28.735
78,20251019_192157,gaitpart_16steps_mean.csv,mlp_results_v2.csv,MLP,42,mean,L2,80,3,768,silu,0.4,Adam,0.00015,2e-07,True,0.8,,"[1, 2]","[1, 2]","[768, 512, 256]",66,0.03,1.0,"[1.0, 3.1864, 1.3333]",0.14377,1.71767,0.5,395,0.45141,0.49034,0.21511,STOPPED,30.64
79,20251019_192157,gaitset_62steps_mean.csv,mlp_results_v2.csv,MLP,42,mean,L2,80,3,768,silu,0.4,Adam,0.00015,2e-07,True,0.8,,"[1, 2]","[1, 2]","[768, 512, 256]",63,0.03,1.0,"[1.0, 3.1864, 1.3333]",0.14385,2.10371,0.38636,409,0.292,0.3619,0.16819,STOPPED,33.715
80,20251019_192157,gln_93steps_mean.csv,mlp_results_v2.csv,MLP,42,mean,L2,80,3,768,silu,0.4,Adam,0.00015,2e-07,True,0.8,,"[1, 2]","[1, 2]","[768, 512, 256]",48,0.03,1.0,"[1.0, 3.1864, 1.3333]",0.14878,1.84334,0.45455,206,0.37909,0.46748,0.31846,STOPPED,28.897

81,20251019_192157,baseline_31steps_mean.csv,mlp_results_v1_Optuna.csv,MLP,42,mean,minmax,128,2,512,silu,0.3,Adam,0.0001,1e-06,True,0.8,,[1],[1],"[512, 256]",59,0.03,1.0,"[1.0, 3.1864, 1.3333]",0.15269,1.15849,0.59091,1209,0.50583,0.5711,0.15499,STOPPED,41.686
82,20251019_192157,gaitgl_64steps_mean.csv,mlp_results_v1_Optuna.csv,MLP,42,mean,minmax,128,2,512,silu,0.3,Adam,0.0001,1e-06,True,0.8,,[1],[1],"[512, 256]",65,0.03,1.0,"[1.0, 3.1864, 1.3333]",0.15832,1.53893,0.45455,986,0.34848,0.39858,0.15776,STOPPED,33.724
83,20251019_192157,gaitpart_16steps_mean.csv,mlp_results_v1_Optuna.csv,MLP,42,mean,minmax,128,2,512,silu,0.3,Adam,0.0001,1e-06,True,0.8,,[1],[1],"[512, 256]",65,0.03,1.0,"[1.0, 3.1864, 1.3333]",0.15707,1.1245,0.59091,728,0.53892,0.57897,0.16538,STOPPED,27.523
84,20251019_192157,gaitset_62steps_mean.csv,mlp_results_v1_Optuna.csv,MLP,42,mean,minmax,128,2,512,silu,0.3,Adam,0.0001,1e-06,True,0.8,,[1],[1],"[512, 256]",63,0.03,1.0,"[1.0, 3.1864, 1.3333]",0.16302,1.49668,0.40909,205,0.31638,0.40075,0.27538,STOPPED,25.034
85,20251019_192157,gln_93steps_mean.csv,mlp_results_v1_Optuna.csv,MLP,42,mean,minmax,128,2,512,silu,0.3,Adam,0.0001,1e-06,True,0.8,,[1],[1],"[512, 256]",50,0.03,1.0,"[1.0, 3.1864, 1.3333]",0.16747,1.58435,0.45455,827,0.41368,0.43182,0.17283,STOPPED,27.622

86,20251019_192157,baseline_31steps_mean.csv,mlp_results_v2.csv,MLP,42,mean,L2,64,3,768,silu,0.4,AdamW,0.0002,1e-05,True,0.7,,"[1, 2, 3]","[2, 3]","[768, 512, 256]",35,0.03,1.0,"[1.0, 3.1864, 1.3333]",0.14288,1.42497,0.56818,196,0.47601,0.64637,0.20212,STOPPED,25.051
87,20251019_192157,gaitgl_64steps_mean.csv,mlp_results_v2.csv,MLP,42,mean,L2,64,3,768,silu,0.4,AdamW,0.0002,1e-05,True,0.7,,"[1, 2, 3]","[2, 3]","[768, 512, 256]",47,0.03,1.0,"[1.0, 3.1864, 1.3333]",0.14206,1.89361,0.45455,351,0.32844,0.46011,0.16767,STOPPED,34.518
88,20251019_192157,gaitpart_16steps_mean.csv,mlp_results_v2.csv,MLP,42,mean,L2,64,3,768,silu,0.4,AdamW,0.0002,1e-05,True,0.7,,"[1, 2, 3]","[2, 3]","[768, 512, 256]",42,0.03,1.0,"[1.0, 3.1864, 1.3333]",0.14405,1.61974,0.54545,861,0.49671,0.56815,0.14354,STOPPED,43.554
89,20251019_192157,gaitset_62steps_mean.csv,mlp_results_v2.csv,MLP,42,mean,L2,64,3,768,silu,0.4,AdamW,0.0002,1e-05,True,0.7,,"[1, 2, 3]","[2, 3]","[768, 512, 256]",38,0.03,1.0,"[1.0, 3.1864, 1.3333]",0.14252,1.99074,0.45455,224,0.33881,0.47429,0.33877,STOPPED,35.251
90,20251019_192157,gln_93steps_mean.csv,mlp_results_v2.csv,MLP,42,mean,L2,64,3,768,silu,0.4,AdamW,0.0002,1e-05,True,0.7,,"[1, 2, 3]","[2, 3]","[768, 512, 256]",28,0.03,1.0,"[1.0, 3.1864, 1.3333]",0.14264,1.79302,0.52273,312,0.48207,0.57125,0.15704,STOPPED,33.645

91,20251019_192157,baseline_31steps_mean.csv,mlp_results_v2.csv,MLP,42,mean,minmax,96,3,576,elu,0.5,RMSprop,0.0002,5e-05,True,0.8,,[2],"[1, 3]","[576, 384, 192]",59,0.03,1.0,"[1.0, 3.1864, 1.3333]",0.15347,1.32173,0.63636,769,0.62069,0.71935,0.15536,STOPPED,36.902
92,20251019_192157,gaitgl_64steps_mean.csv,mlp_results_v2.csv,MLP,42,mean,minmax,96,3,576,elu,0.5,RMSprop,0.0002,5e-05,True,0.8,,[2],"[1, 3]","[576, 384, 192]",65,0.03,1.0,"[1.0, 3.1864, 1.3333]",0.15247,1.67462,0.45455,281,0.34609,0.43871,0.20733,STOPPED,31.242
93,20251019_192157,gaitpart_16steps_mean.csv,mlp_results_v2.csv,MLP,42,mean,minmax,96,3,576,elu,0.5,RMSprop,0.0002,5e-05,True,0.8,,[2],"[1, 3]","[576, 384, 192]",65,0.03,1.0,"[1.0, 3.1864, 1.3333]",0.15089,1.60959,0.56818,216,0.4998,0.58058,0.20677,STOPPED,30.169
94,20251019_192157,gaitset_62steps_mean.csv,mlp_results_v2.csv,MLP,42,mean,minmax,96,3,576,elu,0.5,RMSprop,0.0002,5e-05,True,0.8,,[2],"[1, 3]","[576, 384, 192]",63,0.03,1.0,"[1.0, 3.1864, 1.3333]",0.1552,1.66309,0.47727,563,0.4303,0.52863,0.16187,STOPPED,20.226
95,20251019_192157,gln_93steps_mean.csv,mlp_results_v2.csv,MLP,42,mean,minmax,96,3,576,elu,0.5,RMSprop,0.0002,5e-05,True,0.8,,[2],"[1, 3]","[576, 384, 192]",50,0.03,1.0,"[1.0, 3.1864, 1.3333]",0.15526,1.83074,0.36364,171,0.31821,0.47828,0.30932,STOPPED,30.547

96,20251019_192157,baseline_31steps_mean.csv,mlp_results_v2.csv,MLP,42,mean,L2,64,3,512,silu,0.5,Adam,0.0001,0.0,True,0.7,,[3],[3],"[512, 256, 128]",35,0.03,1.0,"[1.0, 3.1864, 1.3333]",0.34557,1.05933,0.65909,1128,0.61337,0.61337,0.34861,STOPPED,50.786
97,20251019_192157,gaitgl_64steps_mean.csv,mlp_results_v2.csv,MLP,42,mean,L2,64,3,512,silu,0.5,Adam,0.0001,0.0,True,0.7,,[3],[3],"[512, 256, 128]",47,0.03,1.0,"[1.0, 3.1864, 1.3333]",0.33188,2.10386,0.36364,1717,0.31054,0.38364,0.33484,STOPPED,75.251
98,20251019_192157,gaitpart_16steps_mean.csv,mlp_results_v2.csv,MLP,42,mean,L2,64,3,512,silu,0.5,Adam,0.0001,0.0,True,0.7,,[3],[3],"[512, 256, 128]",42,0.03,1.0,"[1.0, 3.1864, 1.3333]",0.43196,1.63761,0.38636,1307,0.36171,0.36171,0.43196,STOPPED,52.42
99,20251019_192157,gaitset_62steps_mean.csv,mlp_results_v2.csv,MLP,42,mean,L2,64,3,512,silu,0.5,Adam,0.0001,0.0,True,0.7,,[3],[3],"[512, 256, 128]",38,0.03,1.0,"[1.0, 3.1864, 1.3333]",0.39063,1.60198,0.47727,1358,0.40742,0.40742,0.39063,STOPPED,55.214
100,20251019_192157,gln_93steps_mean.csv,mlp_results_v2.csv,MLP,42,mean,L2,64,3,512,silu,0.5,Adam,0.0001,0.0,True,0.7,,[3],[3],"[512, 256, 128]",28,0.03,1.0,"[1.0, 3.1864, 1.3333]",0.35378,1.45073,0.38636,1811,0.38704,0.43981,0.33998,STOPPED,79.655

101,20251019_192157,baseline_31steps_mean.csv,mlp_results_v2.csv,MLP,42,mean,L2,64,4,1280,silu,0.45,Adam,0.0002,2e-07,True,0.8,,"[1, 2]","[1, 2, 3]","[1280, 896, 512, 256]",58,0.03,1.0,"[1.0, 3.1864, 1.3333]",0.1427,1.35916,0.61364,234,0.47727,0.62372,0.16168,STOPPED,21.294
102,20251019_192157,gaitgl_64steps_mean.csv,mlp_results_v2.csv,MLP,42,mean,L2,64,4,1280,silu,0.45,Adam,0.0002,2e-07,True,0.8,,"[1, 2]","[1, 2, 3]","[1280, 896, 512, 256]",74,0.03,1.0,"[1.0, 3.1864, 1.3333]",0.14167,1.98871,0.43182,257,0.37474,0.43468,0.19102,STOPPED,26.522
103,20251019_192157,gaitpart_16steps_mean.csv,mlp_results_v2.csv,MLP,42,mean,L2,64,4,1280,silu,0.45,Adam,0.0002,2e-07,True,0.8,,"[1, 2]","[1, 2, 3]","[1280, 896, 512, 256]",66,0.03,1.0,"[1.0, 3.1864, 1.3333]",0.1409,1.73461,0.52273,593,0.47611,0.54558,0.14119,STOPPED,31.632
104,20251019_192157,gaitset_62steps_mean.csv,mlp_results_v2.csv,MLP,42,mean,L2,64,4,1280,silu,0.45,Adam,0.0002,2e-07,True,0.8,,"[1, 2]","[1, 2, 3]","[1280, 896, 512, 256]",63,0.03,1.0,"[1.0, 3.1864, 1.3333]",0.14153,2.22185,0.40909,276,0.31638,0.36655,0.16337,STOPPED,27.878
105,20251019_192157,gln_93steps_mean.csv,mlp_results_v2.csv,MLP,42,mean,L2,64,4,1280,silu,0.45,Adam,0.0002,2e-07,True,0.8,,"[1, 2]","[1, 2, 3]","[1280, 896, 512, 256]",48,0.03,1.0,"[1.0, 3.1864, 1.3333]",0.14531,1.75064,0.47727,181,0.4626,0.5,0.21244,STOPPED,24.31

106,20251019_192157,baseline_31steps_mean.csv,mlp_results_v2.csv,MLP,42,mean,L2,96,4,896,silu,0.4,Adam,0.0002,1e-07,True,0.75,,"[1, 2, 3, 4]","[1, 2, 3]","[896, 640, 320, 192]",45,0.03,1.0,"[1.0, 3.1864, 1.3333]",0.15261,1.72067,0.59091,487,0.53075,0.59211,0.1464,STOPPED,22.251
107,20251019_192157,gaitgl_64steps_mean.csv,mlp_results_v2.csv,MLP,42,mean,L2,96,4,896,silu,0.4,Adam,0.0002,1e-07,True,0.75,,"[1, 2, 3, 4]","[1, 2, 3]","[896, 640, 320, 192]",59,0.03,1.0,"[1.0, 3.1864, 1.3333]",0.14431,1.85759,0.52273,335,0.39054,0.47374,0.3221,STOPPED,29.822
108,20251019_192157,gaitpart_16steps_mean.csv,mlp_results_v2.csv,MLP,42,mean,L2,96,4,896,silu,0.4,Adam,0.0002,1e-07,True,0.75,,"[1, 2, 3, 4]","[1, 2, 3]","[896, 640, 320, 192]",52,0.03,1.0,"[1.0, 3.1864, 1.3333]",0.14328,2.24511,0.5,453,0.47589,0.53367,0.19995,STOPPED,30.281
109,20251019_192157,gaitset_62steps_mean.csv,mlp_results_v2.csv,MLP,42,mean,L2,96,4,896,silu,0.4,Adam,0.0002,1e-07,True,0.75,,"[1, 2, 3, 4]","[1, 2, 3]","[896, 640, 320, 192]",49,0.03,1.0,"[1.0, 3.1864, 1.3333]",0.14167,1.98522,0.52273,451,0.44033,0.49335,0.14888,STOPPED,29.515
110,20251019_192157,gln_93steps_mean.csv,mlp_results_v2.csv,MLP,42,mean,L2,96,4,896,silu,0.4,Adam,0.0002,1e-07,True,0.75,,"[1, 2, 3, 4]","[1, 2, 3]","[896, 640, 320, 192]",37,0.03,1.0,"[1.0, 3.1864, 1.3333]",0.15124,2.20156,0.40909,549,0.3619,0.46184,0.1516,STOPPED,23.252

111,20251019_192157,baseline_31steps_mean.csv,mlp_results_v2.csv,MLP,42,mean,minmax,64,3,768,elu,0.55,RMSprop,8e-05,5e-05,True,0.8,,"[1, 3]","[1, 2]","[768, 512, 256]",59,0.03,1.0,"[1.0, 3.1864, 1.3333]",0.15507,1.27262,0.61364,897,0.55395,0.63533,0.17379,STOPPED,51.252
112,20251019_192157,gaitgl_64steps_mean.csv,mlp_results_v2.csv,MLP,42,mean,minmax,64,3,768,elu,0.55,RMSprop,8e-05,5e-05,True,0.8,,"[1, 3]","[1, 2]","[768, 512, 256]",65,0.03,1.0,"[1.0, 3.1864, 1.3333]",0.15597,1.84807,0.5,1115,0.37494,0.45223,0.16063,STOPPED,63.654
113,20251019_192157,gaitpart_16steps_mean.csv,mlp_results_v2.csv,MLP,42,mean,minmax,64,3,768,elu,0.55,RMSprop,8e-05,5e-05,True,0.8,,"[1, 3]","[1, 2]","[768, 512, 256]",65,0.03,1.0,"[1.0, 3.1864, 1.3333]",0.15122,1.72369,0.5,471,0.38889,0.57672,0.23988,STOPPED,56.878
114,20251019_192157,gaitset_62steps_mean.csv,mlp_results_v2.csv,MLP,42,mean,minmax,64,3,768,elu,0.55,RMSprop,8e-05,5e-05,True,0.8,,"[1, 3]","[1, 2]","[768, 512, 256]",63,0.03,1.0,"[1.0, 3.1864, 1.3333]",0.15632,1.87987,0.47727,1010,0.40322,0.5,0.16262,STOPPED,53.912
115,20251019_192157,gln_93steps_mean.csv,mlp_results_v2.csv,MLP,42,mean,minmax,64,3,768,elu,0.55,RMSprop,8e-05,5e-05,True,0.8,,"[1, 3]","[1, 2]","[768, 512, 256]",50,0.03,1.0,"[1.0, 3.1864, 1.3333]",0.15938,1.97361,0.38636,654,0.3032,0.3988,0.21312,STOPPED,56.83

116,20251019_192157,baseline_31steps_mean.csv,mlp_results_v2.csv,MLP,42,attention,L2,80,3,768,leakyrelu,0.45,SGD,0.003,1e-05,True,0.75,0.9,"[1, 2, 3]","[2, 3]","[768, 384, 256]",57,0.03,1.0,"[1.0, 3.1864, 1.3333]",0.17799,1.9614,0.56818,1735,0.41941,0.47719,0.24848,STOPPED,74.434
117,20251019_192157,gaitgl_64steps_mean.csv,mlp_results_v2.csv,MLP,42,attention,L2,80,3,768,leakyrelu,0.45,SGD,0.003,1e-05,True,0.75,0.9,"[1, 2, 3]","[2, 3]","[768, 384, 256]",78,0.03,1.0,"[1.0, 3.1864, 1.3333]",0.15969,2.11733,0.43182,1275,0.31605,0.35877,0.20839,STOPPED,68.142
118,20251019_192157,gaitpart_16steps_mean.csv,mlp_results_v2.csv,MLP,42,attention,L2,80,3,768,leakyrelu,0.45,SGD,0.003,1e-05,True,0.75,0.9,"[1, 2, 3]","[2, 3]","[768, 384, 256]",49,0.03,1.0,"[1.0, 3.1864, 1.3333]",1.1184,1.09632,0.36364,168,0.17778,0.17778,1.1184,STOPPED,5.389
119,20251019_192157,gaitset_62steps_mean.csv,mlp_results_v2.csv,MLP,42,attention,L2,80,3,768,leakyrelu,0.45,SGD,0.003,1e-05,True,0.75,0.9,"[1, 2, 3]","[2, 3]","[768, 384, 256]",49,0.03,1.0,"[1.0, 3.1864, 1.3333]",1.11774,1.11836,0.15909,146,0.0915,0.0915,1.11774,STOPPED,5.025
120,20251019_192157,gln_93steps_mean.csv,mlp_results_v2.csv,MLP,42,attention,L2,80,3,768,leakyrelu,0.45,SGD,0.003,1e-05,True,0.75,0.9,"[1, 2, 3]","[2, 3]","[768, 384, 256]",37,0.03,1.0,"[1.0, 3.1864, 1.3333]",1.09222,1.09819,0.40909,162,0.38075,0.38075,1.09222,STOPPED,5.497

121,20251019_192157,baseline_31steps_mean.csv,mlp_results_v2.csv,MLP,42,mean,L2,88,3,768,silu,0.4,Adam,0.0002,1e-07,True,0.8,,"[1, 2, 3]","[1, 2]","[768, 512, 256]",58,0.03,1.0,"[1.0, 3.1864, 1.3333]",0.14237,1.49099,0.61364,291,0.51503,0.56721,0.15082,STOPPED,21.989
122,20251019_192157,gaitgl_64steps_mean.csv,mlp_results_v2.csv,MLP,42,mean,L2,88,3,768,silu,0.4,Adam,0.0002,1e-07,True,0.8,,"[1, 2, 3]","[1, 2]","[768, 512, 256]",74,0.03,1.0,"[1.0, 3.1864, 1.3333]",0.14146,2.04472,0.45455,266,0.35253,0.43468,0.21278,STOPPED,20.099
123,20251019_192157,gaitpart_16steps_mean.csv,mlp_results_v2.csv,MLP,42,mean,L2,88,3,768,silu,0.4,Adam,0.0002,1e-07,True,0.8,,"[1, 2, 3]","[1, 2]","[768, 512, 256]",66,0.03,1.0,"[1.0, 3.1864, 1.3333]",0.14015,1.96122,0.5,577,0.45319,0.51093,0.14294,STOPPED,25.943
124,20251019_192157,gaitset_62steps_mean.csv,mlp_results_v2.csv,MLP,42,mean,L2,88,3,768,silu,0.4,Adam,0.0002,1e-07,True,0.8,,"[1, 2, 3]","[1, 2]","[768, 512, 256]",63,0.03,1.0,"[1.0, 3.1864, 1.3333]",0.14138,2.14951,0.47727,484,0.3596,0.37022,0.15047,STOPPED,21.764
125,20251019_192157,gln_93steps_mean.csv,mlp_results_v2.csv,MLP,42,mean,L2,88,3,768,silu,0.4,Adam,0.0002,1e-07,True,0.8,,"[1, 2, 3]","[1, 2]","[768, 512, 256]",48,0.03,1.0,"[1.0, 3.1864, 1.3333]",0.1432,1.97043,0.47727,182,0.40725,0.52286,0.2614,STOPPED,24.586

126,20251019_192157,baseline_31steps_mean.csv,mlp_results_v2.csv,MLP,42,mean,minmax,128,3,512,leakyrelu,0.5,Adam,0.001,1e-05,True,0.8,,[1],[2],"[512, 256, 128]",59,0.03,1.0,"[1.0, 3.1864, 1.3333]",0.14454,1.23869,0.54545,243,0.46331,0.55806,0.14519,STOPPED,10.184
127,20251019_192157,gaitgl_64steps_mean.csv,mlp_results_v2.csv,MLP,42,mean,minmax,128,3,512,leakyrelu,0.5,Adam,0.001,1e-05,True,0.8,,[1],[2],"[512, 256, 128]",65,0.03,1.0,"[1.0, 3.1864, 1.3333]",0.14185,1.64425,0.38636,223,0.29599,0.39054,0.14619,STOPPED,14.241
128,20251019_192157,gaitpart_16steps_mean.csv,mlp_results_v2.csv,MLP,42,mean,minmax,128,3,512,leakyrelu,0.5,Adam,0.001,1e-05,True,0.8,,[1],[2],"[512, 256, 128]",65,0.03,1.0,"[1.0, 3.1864, 1.3333]",0.14322,1.32851,0.47727,115,0.41005,0.52097,0.15235,STOPPED,11.292
129,20251019_192157,gaitset_62steps_mean.csv,mlp_results_v2.csv,MLP,42,mean,minmax,128,3,512,leakyrelu,0.5,Adam,0.001,1e-05,True,0.8,,[1],[2],"[512, 256, 128]",63,0.03,1.0,"[1.0, 3.1864, 1.3333]",0.14362,1.65891,0.43182,238,0.3102,0.37591,0.1474,STOPPED,11.711
130,20251019_192157,gln_93steps_mean.csv,mlp_results_v2.csv,MLP,42,mean,minmax,128,3,512,leakyrelu,0.5,Adam,0.001,1e-05,True,0.8,,[1],[2],"[512, 256, 128]",50,0.03,1.0,"[1.0, 3.1864, 1.3333]",0.14602,1.55571,0.47727,128,0.40056,0.46275,0.15435,STOPPED,9.635

131,20251019_192157,baseline_31steps_mean.csv,mlp_results_v2.csv,MLP,42,mean,minmax,96,3,768,silu,0.4,Adam,0.00025,5e-07,True,0.85,,[2],[1],"[768, 512, 256]",75,0.03,1.0,"[1.0, 3.1864, 1.3333]",0.14525,0.97907,0.61364,179,0.51503,0.65542,0.15164,STOPPED,18.374
132,20251019_192157,gaitgl_64steps_mean.csv,mlp_results_v2.csv,MLP,42,mean,minmax,96,3,768,silu,0.4,Adam,0.00025,5e-07,True,0.85,,[2],[1],"[768, 512, 256]",83,0.03,1.0,"[1.0, 3.1864, 1.3333]",0.14423,1.43648,0.45455,222,0.33481,0.44197,0.15165,STOPPED,19.976
133,20251019_192157,gaitpart_16steps_mean.csv,mlp_results_v2.csv,MLP,42,mean,minmax,96,3,768,silu,0.4,Adam,0.00025,5e-07,True,0.85,,[2],[1],"[768, 512, 256]",82,0.03,1.0,"[1.0, 3.1864, 1.3333]",0.14419,1.04348,0.56818,131,0.46856,0.61921,0.15645,STOPPED,15.477
134,20251019_192157,gaitset_62steps_mean.csv,mlp_results_v2.csv,MLP,42,mean,minmax,96,3,768,silu,0.4,Adam,0.00025,5e-07,True,0.85,,[2],[1],"[768, 512, 256]",80,0.03,1.0,"[1.0, 3.1864, 1.3333]",0.14856,1.38211,0.47727,356,0.39444,0.49056,0.14631,STOPPED,14.618
135,20251019_192157,gln_93steps_mean.csv,mlp_results_v2.csv,MLP,42,mean,minmax,96,3,768,silu,0.4,Adam,0.00025,5e-07,True,0.85,,[2],[1],"[768, 512, 256]",65,0.03,1.0,"[1.0, 3.1864, 1.3333]",0.14599,1.772,0.40909,449,0.30083,0.42108,0.14724,STOPPED,18.764

136,20251019_192157,baseline_31steps_mean.csv,mlp_results_v2.csv,MLP,42,attention,minmax,80,3,896,silu,0.45,AdamW,0.001,5e-05,False,,,"[1, 2, 3]","[1, 2]","[896, 576, 288]",256,0.03,1.0,"[1.0, 3.1864, 1.3333]",0.15039,2.25076,0.45455,256,0.34548,0.466,0.2025,STOPPED,17.87
137,20251019_192157,gaitgl_64steps_mean.csv,mlp_results_v2.csv,MLP,42,attention,minmax,80,3,896,silu,0.45,AdamW,0.001,5e-05,False,,,"[1, 2, 3]","[1, 2]","[896, 576, 288]",256,0.03,1.0,"[1.0, 3.1864, 1.3333]",0.14881,2.93899,0.31818,178,0.30262,0.3705,0.16274,STOPPED,12.623
138,20251019_192157,gaitpart_16steps_mean.csv,mlp_results_v2.csv,MLP,42,attention,minmax,80,3,896,silu,0.45,AdamW,0.001,5e-05,False,,,"[1, 2, 3]","[1, 2]","[896, 576, 288]",256,0.03,1.0,"[1.0, 3.1864, 1.3333]",0.15797,2.29863,0.45455,399,0.43981,0.48715,0.17129,STOPPED,18.616
139,20251019_192157,gaitset_62steps_mean.csv,mlp_results_v2.csv,MLP,42,attention,minmax,80,3,896,silu,0.45,AdamW,0.001,5e-05,False,,,"[1, 2, 3]","[1, 2]","[896, 576, 288]",256,0.03,1.0,"[1.0, 3.1864, 1.3333]",0.19126,1.90979,0.52273,186,0.4875,0.54265,0.32882,STOPPED,18.847
140,20251019_192157,gln_93steps_mean.csv,mlp_results_v2.csv,MLP,42,attention,minmax,80,3,896,silu,0.45,AdamW,0.001,5e-05,False,,,"[1, 2, 3]","[1, 2]","[896, 576, 288]",256,0.03,1.0,"[1.0, 3.1864, 1.3333]",0.14971,2.13402,0.45455,510,0.38803,0.43372,0.14905,STOPPED,18.728

141,20251019_192157,baseline_31steps_mean.csv,mlp_results_v2.csv,MLP,42,attention,L2,80,3,512,silu,0.55,SGD,0.003,1e-05,True,0.75,0.9,"[1, 2, 3]","[2, 3]","[512, 384, 256]",57,0.03,1.0,"[1.0, 3.1864, 1.3333]",0.19883,2.2879,0.54545,2080,0.40649,0.4817,0.23776,STOPPED,81.309
142,20251019_192157,gaitgl_64steps_mean.csv,mlp_results_v2.csv,MLP,42,attention,L2,80,3,512,silu,0.55,SGD,0.003,1e-05,True,0.75,0.9,"[1, 2, 3]","[2, 3]","[512, 384, 256]",78,0.03,1.0,"[1.0, 3.1864, 1.3333]",0.19145,2.82479,0.34091,1382,0.26075,0.34022,0.24981,STOPPED,56.971
143,20251019_192157,gaitpart_16steps_mean.csv,mlp_results_v2.csv,MLP,42,attention,L2,80,3,512,silu,0.55,SGD,0.003,1e-05,True,0.75,0.9,"[1, 2, 3]","[2, 3]","[512, 384, 256]",49,0.03,1.0,"[1.0, 3.1864, 1.3333]",1.11155,1.10587,0.15909,362,0.12037,0.12037,1.11155,STOPPED,11.893
144,20251019_192157,gaitset_62steps_mean.csv,mlp_results_v2.csv,MLP,42,attention,L2,80,3,512,silu,0.55,SGD,0.003,1e-05,True,0.75,0.9,"[1, 2, 3]","[2, 3]","[512, 384, 256]",49,0.03,1.0,"[1.0, 3.1864, 1.3333]",0.51662,1.65424,0.47727,2005,0.40598,0.40598,0.51662,STOPPED,68.433
145,20251019_192157,gln_93steps_mean.csv,mlp_results_v2.csv,MLP,42,attention,L2,80,3,512,silu,0.55,SGD,0.003,1e-05,True,0.75,0.9,"[1, 2, 3]","[2, 3]","[512, 384, 256]",37,0.03,1.0,"[1.0, 3.1864, 1.3333]",0.19249,2.43768,0.40909,2650,0.30388,0.40855,0.23229,STOPPED,103.283

146,20251019_192157,baseline_31steps_mean.csv,mlp_results_v2.csv,MLP,42,mean,minmax,96,4,1024,silu,0.45,Adam,0.0001,1e-07,True,0.8,,"[1, 2, 3, 4]","[1, 2]","[1024, 768, 512, 256]",59,0.03,1.0,"[1.0, 3.1864, 1.3333]",0.14495,1.4578,0.59091,179,0.49684,0.58906,0.1841,STOPPED,16.281
147,20251019_192157,gaitgl_64steps_mean.csv,mlp_results_v2.csv,MLP,42,mean,minmax,96,4,1024,silu,0.45,Adam,0.0001,1e-07,True,0.8,,"[1, 2, 3, 4]","[1, 2]","[1024, 768, 512, 256]",65,0.03,1.0,"[1.0, 3.1864, 1.3333]",0.14206,1.86342,0.5,489,0.37802,0.5632,0.15212,STOPPED,23.662
148,20251019_192157,gaitpart_16steps_mean.csv,mlp_results_v2.csv,MLP,42,mean,minmax,96,4,1024,silu,0.45,Adam,0.0001,1e-07,True,0.8,,"[1, 2, 3, 4]","[1, 2]","[1024, 768, 512, 256]",65,0.03,1.0,"[1.0, 3.1864, 1.3333]",0.14399,1.71897,0.54545,102,0.45974,0.5339,0.23143,STOPPED,15.537
149,20251019_192157,gaitset_62steps_mean.csv,mlp_results_v2.csv,MLP,42,mean,minmax,96,4,1024,silu,0.45,Adam,0.0001,1e-07,True,0.8,,"[1, 2, 3, 4]","[1, 2]","[1024, 768, 512, 256]",63,0.03,1.0,"[1.0, 3.1864, 1.3333]",0.15072,1.94794,0.5,485,0.37062,0.43697,0.14372,STOPPED,20.885
150,20251019_192157,gln_93steps_mean.csv,mlp_results_v2.csv,MLP,42,mean,minmax,96,4,1024,silu,0.45,Adam,0.0001,1e-07,True,0.8,,"[1, 2, 3, 4]","[1, 2]","[1024, 768, 512, 256]",50,0.03,1.0,"[1.0, 3.1864, 1.3333]",0.14162,1.94471,0.43182,436,0.36213,0.44319,0.14428,STOPPED,23.763

151,20251019_192157,baseline_31steps_mean.csv,mlp_results_v1_Optuna.csv,MLP,42,mean,L2,64,2,512,elu,0.3,Adam,0.001,1e-06,True,0.8,,[2],[0],"[512, 256]",58,0.03,1.0,"[1.0, 3.1864, 1.3333]",0.14102,1.25962,0.59091,164,0.57327,0.61622,0.14933,STOPPED,15.255
152,20251019_192157,gaitgl_64steps_mean.csv,mlp_results_v1_Optuna.csv,MLP,42,mean,L2,64,2,512,elu,0.3,Adam,0.001,1e-06,True,0.8,,[2],[0],"[512, 256]",74,0.03,1.0,"[1.0, 3.1864, 1.3333]",0.14333,2.54327,0.34091,131,0.30283,0.42703,0.29481,STOPPED,20.509
153,20251019_192157,gaitpart_16steps_mean.csv,mlp_results_v1_Optuna.csv,MLP,42,mean,L2,64,2,512,elu,0.3,Adam,0.001,1e-06,True,0.8,,[2],[0],"[512, 256]",66,0.03,1.0,"[1.0, 3.1864, 1.3333]",0.14496,2.01303,0.40909,316,0.36845,0.44324,0.14617,STOPPED,19.878
154,20251019_192157,gaitset_62steps_mean.csv,mlp_results_v1_Optuna.csv,MLP,42,mean,L2,64,2,512,elu,0.3,Adam,0.001,1e-06,True,0.8,,[2],[0],"[512, 256]",63,0.03,1.0,"[1.0, 3.1864, 1.3333]",0.1402,1.6773,0.45455,408,0.41549,0.56337,0.14366,STOPPED,23.32
155,20251019_192157,gln_93steps_mean.csv,mlp_results_v1_Optuna.csv,MLP,42,mean,L2,64,2,512,elu,0.3,Adam,0.001,1e-06,True,0.8,,[2],[0],"[512, 256]",48,0.03,1.0,"[1.0, 3.1864, 1.3333]",0.14508,2.22692,0.36364,156,0.35238,0.41431,0.15541,STOPPED,17.965

156,20251019_192157,baseline_31steps_mean.csv,mlp_results_v2.csv,MLP,42,max,L2,64,2,640,leakyrelu,0.35,RMSprop,0.0001,1e-06,True,0.75,,"[1, 2]",[1],"[640, 512]",57,0.03,1.0,"[1.0, 3.1864, 1.3333]",0.14218,1.41376,0.56818,714,0.41124,0.46718,0.16249,STOPPED,54.914
157,20251019_192157,gaitgl_64steps_mean.csv,mlp_results_v2.csv,MLP,42,max,L2,64,2,640,leakyrelu,0.35,RMSprop,0.0001,1e-06,True,0.75,,"[1, 2]",[1],"[640, 512]",78,0.03,1.0,"[1.0, 3.1864, 1.3333]",0.14221,1.99941,0.38636,382,0.27778,0.362,0.18468,STOPPED,38.858
158,20251019_192157,gaitpart_16steps_mean.csv,mlp_results_v2.csv,MLP,42,max,L2,64,2,640,leakyrelu,0.35,RMSprop,0.0001,1e-06,True,0.75,,"[1, 2]",[1],"[640, 512]",49,0.03,1.0,"[1.0, 3.1864, 1.3333]",0.14356,1.57673,0.52273,1749,0.47619,0.49833,0.14472,STOPPED,74.561
159,20251019_192157,gaitset_62steps_mean.csv,mlp_results_v2.csv,MLP,42,max,L2,64,2,640,leakyrelu,0.35,RMSprop,0.0001,1e-06,True,0.75,,"[1, 2]",[1],"[640, 512]",49,0.03,1.0,"[1.0, 3.1864, 1.3333]",0.14366,1.3821,0.56818,760,0.41775,0.57497,0.22949,STOPPED,66.273
160,20251019_192157,gln_93steps_mean.csv,mlp_results_v2.csv,MLP,42,max,L2,64,2,640,leakyrelu,0.35,RMSprop,0.0001,1e-06,True,0.75,,"[1, 2]",[1],"[640, 512]",37,0.03,1.0,"[1.0, 3.1864, 1.3333]",0.15417,1.65051,0.45455,583,0.32566,0.47972,0.28361,STOPPED,51.839

161,20251019_192157,baseline_31steps_mean.csv,mlp_results_v1_Optuna.csv,MLP,42,mean,L2,64,2,512,leakyrelu,0.4,Adam,0.0001,1e-06,False,,,[2],[2],"[512, 256]",256,0.03,1.0,"[1.0, 3.1864, 1.3333]",0.14465,1.35304,0.43182,436,0.40185,0.49097,0.14384,STOPPED,19.752
162,20251019_192157,gaitgl_64steps_mean.csv,mlp_results_v1_Optuna.csv,MLP,42,mean,L2,64,2,512,leakyrelu,0.4,Adam,0.0001,1e-06,False,,,[2],[2],"[512, 256]",256,0.03,1.0,"[1.0, 3.1864, 1.3333]",0.14833,1.65501,0.36364,487,0.28752,0.37943,0.14924,STOPPED,26.124
163,20251019_192157,gaitpart_16steps_mean.csv,mlp_results_v1_Optuna.csv,MLP,42,mean,L2,64,2,512,leakyrelu,0.4,Adam,0.0001,1e-06,False,,,[2],[2],"[512, 256]",256,0.03,1.0,"[1.0, 3.1864, 1.3333]",0.14811,1.27411,0.59091,671,0.52251,0.5917,0.14984,STOPPED,32.251
164,20251019_192157,gaitset_62steps_mean.csv,mlp_results_v1_Optuna.csv,MLP,42,mean,L2,64,2,512,leakyrelu,0.4,Adam,0.0001,1e-06,False,,,[2],[2],"[512, 256]",256,0.03,1.0,"[1.0, 3.1864, 1.3333]",0.14547,1.70296,0.47727,179,0.3543,0.38388,0.19962,STOPPED,23.725
165,20251019_192157,gln_93steps_mean.csv,mlp_results_v1_Optuna.csv,MLP,42,mean,L2,64,2,512,leakyrelu,0.4,Adam,0.0001,1e-06,False,,,[2],[2],"[512, 256]",256,0.03,1.0,"[1.0, 3.1864, 1.3333]",0.14414,1.28248,0.5,232,0.44733,0.53606,0.14565,STOPPED,15.64

166,20251019_192157,baseline_31steps_mean.csv,mlp_results_v2.csv,MLP,42,mean,L2,64,4,512,leakyrelu,0.5,Adam,0.0002,0.0,True,0.8,,[2],[3],"[512, 384, 256, 128]",58,0.03,1.0,"[1.0, 3.1864, 1.3333]",0.14317,1.43876,0.5,137,0.38807,0.55415,0.14568,STOPPED,13.903
167,20251019_192157,gaitgl_64steps_mean.csv,mlp_results_v2.csv,MLP,42,mean,L2,64,4,512,leakyrelu,0.5,Adam,0.0002,0.0,True,0.8,,[2],[3],"[512, 384, 256, 128]",74,0.03,1.0,"[1.0, 3.1864, 1.3333]",0.14222,1.5872,0.47727,304,0.36464,0.44846,0.14452,STOPPED,19.973
168,20251019_192157,gaitpart_16steps_mean.csv,mlp_results_v2.csv,MLP,42,mean,L2,64,4,512,leakyrelu,0.5,Adam,0.0002,0.0,True,0.8,,[2],[3],"[512, 384, 256, 128]",66,0.03,1.0,"[1.0, 3.1864, 1.3333]",0.14242,1.43265,0.5,97,0.38623,0.50174,0.30379,STOPPED,16.982
169,20251019_192157,gaitset_62steps_mean.csv,mlp_results_v2.csv,MLP,42,mean,L2,64,4,512,leakyrelu,0.5,Adam,0.0002,0.0,True,0.8,,[2],[3],"[512, 384, 256, 128]",63,0.03,1.0,"[1.0, 3.1864, 1.3333]",0.14275,1.81235,0.45455,305,0.32,0.40025,0.14335,STOPPED,18.127
170,20251019_192157,gln_93steps_mean.csv,mlp_results_v2.csv,MLP,42,mean,L2,64,4,512,leakyrelu,0.5,Adam,0.0002,0.0,True,0.8,,[2],[3],"[512, 384, 256, 128]",48,0.03,1.0,"[1.0, 3.1864, 1.3333]",0.14248,1.42139,0.52273,336,0.44233,0.5183,0.1431,STOPPED,16.159

171,20251019_192157,baseline_31steps_mean.csv,mlp_results_v2.csv,MLP,42,mean,L2,88,3,768,silu,0.4,Adam,0.0002,1e-07,False,,,"[1, 2, 3]","[1, 2]","[768, 512, 256]",256,0.03,1.0,"[1.0, 3.1864, 1.3333]",0.14405,1.87844,0.5,117,0.42571,0.55415,0.17473,STOPPED,16.22
172,20251019_192157,gaitgl_64steps_mean.csv,mlp_results_v2.csv,MLP,42,mean,L2,88,3,768,silu,0.4,Adam,0.0002,1e-07,False,,,"[1, 2, 3]","[1, 2]","[768, 512, 256]",256,0.03,1.0,"[1.0, 3.1864, 1.3333]",0.14638,2.19409,0.40909,241,0.29333,0.39386,0.16777,STOPPED,25.614
173,20251019_192157,gaitpart_16steps_mean.csv,mlp_results_v2.csv,MLP,42,mean,L2,88,3,768,silu,0.4,Adam,0.0002,1e-07,False,,,"[1, 2, 3]","[1, 2]","[768, 512, 256]",256,0.03,1.0,"[1.0, 3.1864, 1.3333]",0.15109,1.75528,0.54545,655,0.52723,0.58278,0.14669,STOPPED,33.523
174,20251019_192157,gaitset_62steps_mean.csv,mlp_results_v2.csv,MLP,42,mean,L2,88,3,768,silu,0.4,Adam,0.0002,1e-07,False,,,"[1, 2, 3]","[1, 2]","[768, 512, 256]",256,0.03,1.0,"[1.0, 3.1864, 1.3333]",0.14538,2.17783,0.40909,569,0.30725,0.42377,0.14147,STOPPED,25.894
175,20251019_192157,gln_93steps_mean.csv,mlp_results_v2.csv,MLP,42,mean,L2,88,3,768,silu,0.4,Adam,0.0002,1e-07,False,,,"[1, 2, 3]","[1, 2]","[768, 512, 256]",256,0.03,1.0,"[1.0, 3.1864, 1.3333]",0.14535,2.05083,0.5,267,0.42029,0.4742,0.14722,STOPPED,17.501

176,20251019_192157,baseline_31steps_mean.csv,mlp_results_v2.csv,MLP,42,mean,minmax,64,2,256,leakyrelu,0.5,Adam,0.001,1e-05,True,0.9,,[1],[2],"[256, 128]",98,0.03,1.0,"[1.0, 3.1864, 1.3333]",0.14798,1.4604,0.45455,253,0.40603,0.47222,0.14806,STOPPED,10.851
177,20251019_192157,gaitgl_64steps_mean.csv,mlp_results_v2.csv,MLP,42,mean,minmax,64,2,256,leakyrelu,0.5,Adam,0.001,1e-05,True,0.9,,[1],[2],"[256, 128]",108,0.03,1.0,"[1.0, 3.1864, 1.3333]",0.14702,1.45205,0.43182,99,0.36751,0.43876,0.15271,STOPPED,10.509
178,20251019_192157,gaitpart_16steps_mean.csv,mlp_results_v2.csv,MLP,42,mean,minmax,64,2,256,leakyrelu,0.5,Adam,0.001,1e-05,True,0.9,,[1],[2],"[256, 128]",104,0.03,1.0,"[1.0, 3.1864, 1.3333]",0.14636,1.21665,0.56818,267,0.4779,0.53488,0.14857,STOPPED,12.846
179,20251019_192157,gaitset_62steps_mean.csv,mlp_results_v2.csv,MLP,42,mean,minmax,64,2,256,leakyrelu,0.5,Adam,0.001,1e-05,True,0.9,,[1],[2],"[256, 128]",104,0.03,1.0,"[1.0, 3.1864, 1.3333]",0.14788,1.59141,0.40909,30,0.29513,0.39484,0.16213,STOPPED,10.529
180,20251019_192157,gln_93steps_mean.csv,mlp_results_v2.csv,MLP,42,mean,minmax,64,2,256,leakyrelu,0.5,Adam,0.001,1e-05,True,0.9,,[1],[2],"[256, 128]",87,0.03,1.0,"[1.0, 3.1864, 1.3333]",0.14864,1.50661,0.45455,14,0.37721,0.49671,0.32584,STOPPED,11.598

181,20251019_192157,baseline_31steps_mean.csv,mlp_results_v2.csv,MLP,42,mean,L2,64,4,512,silu,0.5,Adam,0.0002,1e-07,True,0.75,,"[1, 2, 3]","[1, 2, 3]","[512, 512, 384, 256]",45,0.03,1.0,"[1.0, 3.1864, 1.3333]",0.15021,1.51927,0.61364,720,0.55134,0.59116,0.17187,STOPPED,43.35
182,20251019_192157,gaitgl_64steps_mean.csv,mlp_results_v2.csv,MLP,42,mean,L2,64,4,512,silu,0.5,Adam,0.0002,1e-07,True,0.75,,"[1, 2, 3]","[1, 2, 3]","[512, 512, 384, 256]",59,0.03,1.0,"[1.0, 3.1864, 1.3333]",0.14472,1.79176,0.52273,732,0.40357,0.49283,0.14886,STOPPED,51.276
183,20251019_192157,gaitpart_16steps_mean.csv,mlp_results_v2.csv,MLP,42,mean,L2,64,4,512,silu,0.5,Adam,0.0002,1e-07,True,0.75,,"[1, 2, 3]","[1, 2, 3]","[512, 512, 384, 256]",52,0.03,1.0,"[1.0, 3.1864, 1.3333]",0.14572,1.97626,0.45455,573,0.39443,0.5183,0.16917,STOPPED,49.674
184,20251019_192157,gaitset_62steps_mean.csv,mlp_results_v2.csv,MLP,42,mean,L2,64,4,512,silu,0.5,Adam,0.0002,1e-07,True,0.75,,"[1, 2, 3]","[1, 2, 3]","[512, 512, 384, 256]",49,0.03,1.0,"[1.0, 3.1864, 1.3333]",0.14275,1.87143,0.54545,561,0.45455,0.47569,0.16876,STOPPED,55.535
185,20251019_192157,gln_93steps_mean.csv,mlp_results_v2.csv,MLP,42,mean,L2,64,4,512,silu,0.5,Adam,0.0002,1e-07,True,0.75,,"[1, 2, 3]","[1, 2, 3]","[512, 512, 384, 256]",37,0.03,1.0,"[1.0, 3.1864, 1.3333]",0.14826,2.15681,0.38636,763,0.31673,0.41396,0.15446,STOPPED,46.39

186,20251019_192157,baseline_31steps_mean.csv,mlp_results_v2.csv,MLP,42,mean,minmax,80,4,768,leakyrelu,0.5,Adam,0.0002,1e-07,True,0.85,,"[2, 4]","[1, 3]","[512, 384, 384, 512]",75,0.03,1.0,"[1.0, 3.1864, 1.3333]",0.14265,1.6956,0.56818,254,0.42512,0.49717,0.14878,STOPPED,22.103
187,20251019_192157,gaitgl_64steps_mean.csv,mlp_results_v2.csv,MLP,42,mean,minmax,80,4,768,leakyrelu,0.5,Adam,0.0002,1e-07,True,0.85,,"[2, 4]","[1, 3]","[512, 384, 384, 512]",83,0.03,1.0,"[1.0, 3.1864, 1.3333]",0.14725,1.89636,0.54545,191,0.39898,0.50754,0.16678,STOPPED,18.257
188,20251019_192157,gaitpart_16steps_mean.csv,mlp_results_v2.csv,MLP,42,mean,minmax,80,4,768,leakyrelu,0.5,Adam,0.0002,1e-07,True,0.85,,"[2, 4]","[1, 3]","[512, 384, 384, 512]",82,0.03,1.0,"[1.0, 3.1864, 1.3333]",0.14513,1.98748,0.54545,307,0.51179,0.55988,0.147,STOPPED,16.799
189,20251019_192157,gaitset_62steps_mean.csv,mlp_results_v2.csv,MLP,42,mean,minmax,80,4,768,leakyrelu,0.5,Adam,0.0002,1e-07,True,0.85,,"[2, 4]","[1, 3]","[512, 384, 384, 512]",80,0.03,1.0,"[1.0, 3.1864, 1.3333]",0.14215,2.20663,0.45455,289,0.31519,0.39428,0.14231,STOPPED,17.92
190,20251019_192157,gln_93steps_mean.csv,mlp_results_v2.csv,MLP,42,mean,minmax,80,4,768,leakyrelu,0.5,Adam,0.0002,1e-07,True,0.85,,"[2, 4]","[1, 3]","[512, 384, 384, 512]",65,0.03,1.0,"[1.0, 3.1864, 1.3333]",0.14727,2.38712,0.40909,465,0.34845,0.43056,0.14095,STOPPED,23.812
