id,timestamp,target_embedding,source_params,model,seed,input_dim,hidden_layers,pca_frac,norm_layers,dropout_layers,dropout_rate,pooling,norm,batch_size,num_layers,base_dim,activation,optimizer,momentum_sgd,learning_rate,weight_decay,use_pca,train_loss,test_loss,accuracy,f1_macro,f1_per_class,best_accuracy,best_f1,best_f1_per_class,epochs_trained,best_epoch,train_loss_best_state,test_loss_best_state,training
1,20251127_184926,baseline_CASIAB.csv,baseline_CASIAB.csv,MLP,42,256,"[160, 320, 640]",,[2],"[1, 2]",0.2,mean,L2,128,3,640,relu,AdamW,,0.0002,1e-07,False,0.07776,2.86633,0.61364,0.55722,"[0.69388, 0.44444, 0.53333]",0.61364,0.55722,"[0.69388, 0.44444, 0.53333]",330,330,0.07776,2.86633,COMPLETED
2,20251127_184926,baseline_OUMVLP.csv,baseline_CASIAB.csv,MLP,42,256,"[160, 320, 640]",,[2],"[1, 2]",0.2,mean,L2,128,3,640,relu,AdamW,,0.0002,1e-07,False,0.06335,3.27536,0.45455,0.38958,"[0.46154, 0.16667, 0.54054]",0.52273,0.49238,"[0.53659, 0.4, 0.54054]",441,160,0.67343,1.26884,COMPLETED
3,20251127_184926,gaitgl.csv,baseline_CASIAB.csv,MLP,42,128,"[160, 320, 640]",,[2],"[1, 2]",0.2,mean,L2,128,3,640,relu,AdamW,,0.0002,1e-07,False,0.08341,3.18536,0.45455,0.31161,"[0.61224, 0.0, 0.32258]",0.5,0.43338,"[0.52632, 0.25, 0.52381]",379,133,0.58182,1.39043,COMPLETED
4,20251127_184926,gaitgl_GREW.csv,baseline_CASIAB.csv,MLP,42,256,"[160, 320, 640]",,[2],"[1, 2]",0.2,mean,L2,128,3,640,relu,AdamW,,0.0002,1e-07,False,0.07563,2.60993,0.47727,0.35748,"[0.55814, 0.0, 0.51429]",0.61364,0.50256,"[0.69231, 0.2, 0.61538]",802,559,0.38048,1.80581,COMPLETED
5,20251127_184926,gaitgl_GREW_BNNeck.csv,baseline_CASIAB.csv,MLP,42,256,"[160, 320, 640]",,[2],"[1, 2]",0.2,mean,L2,128,3,640,relu,AdamW,,0.0002,1e-07,False,0.05356,3.43097,0.40909,0.3306,"[0.54167, 0.15385, 0.2963]",0.56818,0.47328,"[0.65217, 0.22222, 0.54545]",219,111,0.60136,1.49694,COMPLETED
6,20251127_184926,gaitgl_OUMVLP.csv,baseline_CASIAB.csv,MLP,42,256,"[160, 320, 640]",,[2],"[1, 2]",0.2,mean,L2,128,3,640,relu,AdamW,,0.0002,1e-07,False,1.03818,1.06109,0.47727,0.21538,"[0.64615, 0.0, 0.0]",0.47727,0.21538,"[0.64615, 0.0, 0.0]",103,103,1.03818,1.06109,STOPPED
7,20251127_184926,gaitpart_GREW.csv,baseline_CASIAB.csv,MLP,42,256,"[160, 320, 640]",,[2],"[1, 2]",0.2,mean,L2,128,3,640,relu,AdamW,,0.0002,1e-07,False,0.06173,2.53313,0.5,0.43928,"[0.65116, 0.22222, 0.44444]",0.56818,0.50899,"[0.66667, 0.23529, 0.625]",494,469,0.19833,2.11666,COMPLETED
8,20251127_184926,gaitpart_OUMVLP.csv,baseline_CASIAB.csv,MLP,42,256,"[160, 320, 640]",,[2],"[1, 2]",0.2,mean,L2,128,3,640,relu,AdamW,,0.0002,1e-07,False,0.53805,1.45753,0.56818,0.47972,"[0.58537, 0.22222, 0.63158]",0.63636,0.64327,"[0.63158, 0.66667, 0.63158]",1040,750,0.6589,1.2331,STOPPED
9,20251127_184926,gaitset.csv,baseline_CASIAB.csv,MLP,42,256,"[160, 320, 640]",,[2],"[1, 2]",0.2,mean,L2,128,3,640,relu,AdamW,,0.0002,1e-07,False,0.07817,3.14021,0.45455,0.37788,"[0.55319, 0.16667, 0.41379]",0.52273,0.43761,"[0.64151, 0.30769, 0.36364]",295,120,0.58285,1.48377,COMPLETED
10,20251127_184926,gaitset_GREW.csv,baseline_CASIAB.csv,MLP,42,256,"[160, 320, 640]",,[2],"[1, 2]",0.2,mean,L2,128,3,640,relu,AdamW,,0.0002,1e-07,False,0.07673,2.45726,0.54545,0.40349,"[0.62222, 0.0, 0.58824]",0.61364,0.49739,"[0.7037, 0.25, 0.53846]",393,224,0.49639,1.49491,COMPLETED
11,20251127_184926,gaitset_OUMVLP.csv,baseline_CASIAB.csv,MLP,42,256,"[160, 320, 640]",,[2],"[1, 2]",0.2,mean,L2,128,3,640,relu,AdamW,,0.0002,1e-07,False,0.44333,1.55854,0.5,0.44434,"[0.61224, 0.36364, 0.35714]",0.59091,0.58776,"[0.65217, 0.66667, 0.44444]",1342,758,0.57048,1.36584,STOPPED
12,20251127_184926,gln_phase1.csv,baseline_CASIAB.csv,MLP,42,256,"[160, 320, 640]",,[2],"[1, 2]",0.2,mean,L2,128,3,640,relu,AdamW,,0.0002,1e-07,False,0.07606,2.73466,0.47727,0.40113,"[0.57778, 0.14286, 0.48276]",0.63636,0.62595,"[0.68182, 0.61538, 0.58065]",323,136,0.47068,1.29257,COMPLETED
13,20251127_184926,gln_phase2.csv,baseline_CASIAB.csv,MLP,42,256,"[160, 320, 640]",,[2],"[1, 2]",0.2,mean,L2,128,3,640,relu,AdamW,,0.0002,1e-07,False,0.07273,2.90462,0.52273,0.44247,"[0.59091, 0.22222, 0.51429]",0.59091,0.54298,"[0.65, 0.4, 0.57895]",299,188,0.24013,1.99848,COMPLETED

14,20251127_185242,baseline_CASIAB.csv,baseline_OUMVLP.csv,MLP,42,256,"[512, 256, 128, 64]",,[2],"[1, 3]",0.3,mean,minmax,32,4,512,gelu,RMSprop,,0.0001,1e-07,False,0.03009,2.46099,0.59091,0.53737,"[0.66667, 0.4, 0.54545]",0.59091,0.53737,"[0.66667, 0.4, 0.54545]",136,136,0.03009,2.46099,COMPLETED
15,20251127_185242,baseline_OUMVLP.csv,baseline_OUMVLP.csv,MLP,42,256,"[512, 256, 128, 64]",,[2],"[1, 3]",0.3,mean,minmax,32,4,512,gelu,RMSprop,,0.0001,1e-07,False,0.09613,2.57237,0.47727,0.40914,"[0.42424, 0.25, 0.55319]",0.56818,0.51932,"[0.57895, 0.36364, 0.61538]",114,99,0.13139,1.62667,COMPLETED
16,20251127_185242,gaitgl.csv,baseline_OUMVLP.csv,MLP,42,128,"[512, 256, 128, 64]",,[2],"[1, 3]",0.3,mean,minmax,32,4,512,gelu,RMSprop,,0.0001,1e-07,False,0.07686,2.42365,0.52273,0.37433,"[0.6087, 0.0, 0.51429]",0.56818,0.4742,"[0.65116, 0.2, 0.57143]",140,130,0.4415,2.1138,COMPLETED
17,20251127_185242,gaitgl_GREW.csv,baseline_OUMVLP.csv,MLP,42,256,"[512, 256, 128, 64]",,[2],"[1, 3]",0.3,mean,minmax,32,4,512,gelu,RMSprop,,0.0001,1e-07,False,0.0421,2.74525,0.43182,0.29333,"[0.64, 0.0, 0.24]",0.52273,0.38472,"[0.6087, 0.0, 0.54545]",129,101,0.18371,1.9237,COMPLETED
18,20251127_185242,gaitgl_GREW_BNNeck.csv,baseline_OUMVLP.csv,MLP,42,256,"[512, 256, 128, 64]",,[2],"[1, 3]",0.3,mean,minmax,32,4,512,gelu,RMSprop,,0.0001,1e-07,False,0.05993,2.60671,0.40909,0.28277,"[0.5283, 0.0, 0.32]",0.52273,0.36605,"[0.61538, 0.0, 0.48276]",117,55,0.62091,1.62444,COMPLETED
19,20251127_185242,gaitgl_OUMVLP.csv,baseline_OUMVLP.csv,MLP,42,256,"[512, 256, 128, 64]",,[2],"[1, 3]",0.3,mean,minmax,32,4,512,gelu,RMSprop,,0.0001,1e-07,False,0.0764,2.04591,0.43182,0.39275,"[0.375, 0.26667, 0.53659]",0.56818,0.48652,"[0.67925, 0.36364, 0.41667]",148,143,0.15186,1.94577,COMPLETED
20,20251127_185242,gaitpart_GREW.csv,baseline_OUMVLP.csv,MLP,42,256,"[512, 256, 128, 64]",,[2],"[1, 3]",0.3,mean,minmax,32,4,512,gelu,RMSprop,,0.0001,1e-07,False,0.03675,2.03157,0.43182,0.36382,"[0.55814, 0.13333, 0.4]",0.63636,0.56313,"[0.68571, 0.28571, 0.71795]",102,89,0.50453,1.58917,COMPLETED
21,20251127_185242,gaitpart_OUMVLP.csv,baseline_OUMVLP.csv,MLP,42,256,"[512, 256, 128, 64]",,[2],"[1, 3]",0.3,mean,minmax,32,4,512,gelu,RMSprop,,0.0001,1e-07,False,0.04142,2.82509,0.47727,0.34946,"[0.47059, 0.0, 0.57778]",0.52273,0.51115,"[0.45161, 0.43478, 0.64706]",107,83,0.18916,1.84484,COMPLETED
22,20251127_185242,gaitset.csv,baseline_OUMVLP.csv,MLP,42,256,"[512, 256, 128, 64]",,[2],"[1, 3]",0.3,mean,minmax,32,4,512,gelu,RMSprop,,0.0001,1e-07,False,0.08409,3.55466,0.45455,0.30061,"[0.58182, 0.0, 0.32]",0.47727,0.43739,"[0.60465, 0.43478, 0.27273]",128,50,0.68471,1.37558,COMPLETED
23,20251127_185242,gaitset_GREW.csv,baseline_OUMVLP.csv,MLP,42,256,"[512, 256, 128, 64]",,[2],"[1, 3]",0.3,mean,minmax,32,4,512,gelu,RMSprop,,0.0001,1e-07,False,0.06091,2.5549,0.47727,0.3779,"[0.60377, 0.22222, 0.30769]",0.59091,0.49349,"[0.65217, 0.22222, 0.60606]",108,84,0.25275,1.96084,COMPLETED
24,20251127_185242,gaitset_OUMVLP.csv,baseline_OUMVLP.csv,MLP,42,256,"[512, 256, 128, 64]",,[2],"[1, 3]",0.3,mean,minmax,32,4,512,gelu,RMSprop,,0.0001,1e-07,False,0.05108,2.45963,0.5,0.36822,"[0.60465, 0.0, 0.5]",0.47727,0.45079,"[0.57143, 0.38095, 0.4]",110,79,0.30341,1.69049,COMPLETED
25,20251127_185242,gln_phase1.csv,baseline_OUMVLP.csv,MLP,42,256,"[512, 256, 128, 64]",,[2],"[1, 3]",0.3,mean,minmax,32,4,512,gelu,RMSprop,,0.0001,1e-07,False,0.05957,1.72401,0.5,0.46448,"[0.60465, 0.375, 0.41379]",0.61364,0.59082,"[0.58824, 0.5, 0.68421]",103,75,0.23884,1.33759,COMPLETED
26,20251127_185242,gln_phase2.csv,baseline_OUMVLP.csv,MLP,42,256,"[512, 256, 128, 64]",,[2],"[1, 3]",0.3,mean,minmax,32,4,512,gelu,RMSprop,,0.0001,1e-07,False,0.04667,2.3928,0.45455,0.38364,"[0.54545, 0.15385, 0.45161]",0.56818,0.47756,"[0.62222, 0.22222, 0.58824]",110,109,0.06241,2.55895,COMPLETED

27,20251127_185435,baseline_CASIAB.csv,gaitgl.csv,MLP,42,87,"[512, 256]",0.9,[],[],,mean,L2,64,2,512,silu,RMSprop,,0.001,1e-07,True,0.0808,5.16653,0.45455,0.34314,"[0.5, 0.0, 0.52941]",0.5,0.42886,"[0.52381, 0.22222, 0.54054]",371,302,0.32794,2.40415,COMPLETED
28,20251127_185435,baseline_OUMVLP.csv,gaitgl.csv,MLP,42,81,"[512, 256]",0.9,[],[],,mean,L2,64,2,512,silu,RMSprop,,0.001,1e-07,True,0.08311,4.30432,0.40909,0.36118,"[0.58537, 0.19048, 0.30769]",0.68182,0.62633,"[0.72222, 0.4, 0.75676]",378,89,0.65535,1.09396,COMPLETED
29,20251127_185435,gaitgl.csv,gaitgl.csv,MLP,42,67,"[512, 256]",0.9,[],[],,mean,L2,64,2,512,silu,RMSprop,,0.001,1e-07,True,0.08798,7.00576,0.34091,0.32379,"[0.36842, 0.25, 0.35294]",0.43182,0.42083,"[0.45, 0.375, 0.4375]",413,328,0.28206,3.66892,COMPLETED
30,20251127_185435,gaitgl_GREW.csv,gaitgl.csv,MLP,42,125,"[512, 256]",0.9,[],[],,mean,L2,64,2,512,silu,RMSprop,,0.001,1e-07,True,0.07536,5.76761,0.31818,0.28241,"[0.38889, 0.125, 0.33333]",0.52273,0.46193,"[0.63636, 0.26667, 0.48276]",421,134,0.49889,1.90532,COMPLETED
31,20251127_185435,gaitgl_GREW_BNNeck.csv,gaitgl.csv,MLP,42,103,"[512, 256]",0.9,[],[],,mean,L2,64,2,512,silu,RMSprop,,0.001,1e-07,True,0.09588,4.30444,0.36364,0.34161,"[0.37838, 0.22222, 0.42424]",0.45455,0.40926,"[0.53333, 0.25, 0.44444]",327,304,0.1681,3.50098,COMPLETED
32,20251127_185435,gaitgl_OUMVLP.csv,gaitgl.csv,MLP,42,96,"[512, 256]",0.9,[],[],,mean,L2,64,2,512,silu,RMSprop,,0.001,1e-07,True,0.074,8.35889,0.43182,0.40147,"[0.45714, 0.28571, 0.46154]",0.54545,0.55904,"[0.53659, 0.6, 0.54054]",1048,599,0.454,1.79378,COMPLETED
33,20251127_185435,gaitpart_GREW.csv,gaitgl.csv,MLP,42,109,"[512, 256]",0.9,[],[],,mean,L2,64,2,512,silu,RMSprop,,0.001,1e-07,True,0.08602,3.98632,0.43182,0.38443,"[0.55814, 0.21053, 0.38462]",0.59091,0.52145,"[0.69767, 0.26667, 0.6]",326,163,0.54757,1.3296,COMPLETED
34,20251127_185435,gaitpart_OUMVLP.csv,gaitgl.csv,MLP,42,98,"[512, 256]",0.9,[],[],,mean,L2,64,2,512,silu,RMSprop,,0.001,1e-07,True,0.08061,4.47592,0.56818,0.47667,"[0.65116, 0.15385, 0.625]",0.63636,0.5278,"[0.69767, 0.2, 0.68571]",719,652,0.20368,2.74886,COMPLETED
35,20251127_185435,gaitset.csv,gaitgl.csv,MLP,42,72,"[512, 256]",0.9,[],[],,mean,L2,64,2,512,silu,RMSprop,,0.001,1e-07,True,0.07876,6.73325,0.36364,0.3402,"[0.40909, 0.26667, 0.34483]",0.36364,0.3402,"[0.40909, 0.26667, 0.34483]",371,371,0.07876,6.73325,COMPLETED
36,20251127_185435,gaitset_GREW.csv,gaitgl.csv,MLP,42,114,"[512, 256]",0.9,[],[],,mean,L2,64,2,512,silu,RMSprop,,0.001,1e-07,True,0.08406,7.61869,0.45455,0.38434,"[0.63636, 0.1, 0.41667]",0.59091,0.48447,"[0.73913, 0.14286, 0.57143]",371,113,0.66646,1.40668,COMPLETED
37,20251127_185435,gaitset_OUMVLP.csv,gaitgl.csv,MLP,42,94,"[512, 256]",0.9,[],[],,mean,L2,64,2,512,silu,RMSprop,,0.001,1e-07,True,0.07061,5.96861,0.45455,0.33493,"[0.55319, 0.0, 0.45161]",0.54545,0.5403,"[0.57143, 0.53333, 0.51613]",547,469,0.24876,3.02877,COMPLETED
38,20251127_185435,gln_phase1.csv,gaitgl.csv,MLP,42,89,"[512, 256]",0.9,[],[],,mean,L2,64,2,512,silu,RMSprop,,0.001,1e-07,True,0.08493,4.32138,0.43182,0.33403,"[0.4878, 0.0, 0.51429]",0.52273,0.47953,"[0.57895, 0.33333, 0.52632]",311,37,0.65361,1.23754,COMPLETED
39,20251127_185435,gln_phase2.csv,gaitgl.csv,MLP,42,96,"[512, 256]",0.9,[],[],,mean,L2,64,2,512,silu,RMSprop,,0.001,1e-07,True,0.07304,7.24152,0.31818,0.28219,"[0.43243, 0.11111, 0.30303]",0.52273,0.453,"[0.68085, 0.33333, 0.34483]",314,62,0.65167,1.49702,COMPLETED

40,20251127_185755,baseline_CASIAB.csv,gaitgl_GREW.csv,MLP,42,256,[768],,[],[],,max,L2,16,1,768,elu,Adam,,0.0002,1e-07,False,0.07254,3.78899,0.43182,0.3549,"[0.55319, 0.16667, 0.34483]",0.56818,0.46674,"[0.66667, 0.18182, 0.55172]",1635,251,0.67606,1.03636,COMPLETED
41,20251127_185755,baseline_OUMVLP.csv,gaitgl_GREW.csv,MLP,42,256,[768],,[],[],,max,L2,16,1,768,elu,Adam,,0.0002,1e-07,False,0.0996,4.65762,0.36364,0.32098,"[0.42105, 0.11765, 0.42424]",0.43182,0.37368,"[0.42105, 0.2, 0.5]",2489,308,0.68203,1.25147,COMPLETED
42,20251127_185755,gaitgl.csv,gaitgl_GREW.csv,MLP,42,128,[768],,[],[],,max,L2,16,1,768,elu,Adam,,0.0002,1e-07,False,0.68326,1.33596,0.54545,0.52544,"[0.58537, 0.46154, 0.52941]",0.61364,0.58244,"[0.66667, 0.5, 0.58065]",1036,965,0.65152,1.30999,STOPPED
43,20251127_185755,gaitgl_GREW.csv,gaitgl_GREW.csv,MLP,42,256,[768],,[],[],,max,L2,16,1,768,elu,Adam,,0.0002,1e-07,False,0.0925,4.55449,0.38636,0.33603,"[0.44444, 0.2, 0.36364]",0.43182,0.37797,"[0.45455, 0.22222, 0.45714]",966,412,0.34676,2.08072,COMPLETED
44,20251127_185755,gaitgl_GREW_BNNeck.csv,gaitgl_GREW.csv,MLP,42,256,[768],,[],[],,max,L2,16,1,768,elu,Adam,,0.0002,1e-07,False,0.09832,3.04593,0.52273,0.45519,"[0.68182, 0.22222, 0.46154]",0.59091,0.52709,"[0.68421, 0.25, 0.64706]",894,711,0.19219,2.40507,COMPLETED
45,20251127_185755,gaitgl_OUMVLP.csv,gaitgl_GREW.csv,MLP,42,256,[768],,[],[],,max,L2,16,1,768,elu,Adam,,0.0002,1e-07,False,0.08914,3.74901,0.5,0.42285,"[0.61538, 0.16667, 0.48649]",0.56818,0.53846,"[0.61538, 0.42857, 0.57143]",3554,865,0.56906,1.28758,COMPLETED
46,20251127_185755,gaitpart_GREW.csv,gaitgl_GREW.csv,MLP,42,256,[768],,[],[],,max,L2,16,1,768,elu,Adam,,0.0002,1e-07,False,0.0937,3.75716,0.36364,0.33104,"[0.51282, 0.22222, 0.25806]",0.47727,0.48141,"[0.52381, 0.53333, 0.3871]",1393,226,0.67388,1.20527,COMPLETED
47,20251127_185755,gaitpart_OUMVLP.csv,gaitgl_GREW.csv,MLP,42,256,[768],,[],[],,max,L2,16,1,768,elu,Adam,,0.0002,1e-07,False,0.36103,1.52835,0.59091,0.49237,"[0.66667, 0.22222, 0.58824]",0.61364,0.5161,"[0.68293, 0.25, 0.61538]",2609,2525,0.37598,1.6745,STOPPED
48,20251127_185755,gaitset.csv,gaitgl_GREW.csv,MLP,42,256,[768],,[],[],,max,L2,16,1,768,elu,Adam,,0.0002,1e-07,False,0.09437,4.21627,0.34091,0.29815,"[0.45, 0.11111, 0.33333]",0.45455,0.42297,"[0.52381, 0.33333, 0.41176]",1453,271,0.63705,1.33566,COMPLETED
49,20251127_185755,gaitset_GREW.csv,gaitgl_GREW.csv,MLP,42,256,[768],,[],[],,max,L2,16,1,768,elu,Adam,,0.0002,1e-07,False,0.09472,3.63149,0.31818,0.2386,"[0.4, 0.0, 0.31579]",0.38636,0.33193,"[0.47619, 0.16667, 0.35294]",1548,862,0.30227,1.94458,COMPLETED
50,20251127_185755,gaitset_OUMVLP.csv,gaitgl_GREW.csv,MLP,42,256,[768],,[],[],,max,L2,16,1,768,elu,Adam,,0.0002,1e-07,False,0.47208,1.38709,0.45455,0.33623,"[0.6087, 0.0, 0.4]",0.54545,0.4805,"[0.64151, 0.4, 0.4]",2303,884,0.68839,1.11653,STOPPED
51,20251127_185755,gln_phase1.csv,gaitgl_GREW.csv,MLP,42,256,[768],,[],[],,max,L2,16,1,768,elu,Adam,,0.0002,1e-07,False,0.08341,4.70096,0.38636,0.29223,"[0.4878, 0.0, 0.38889]",0.54545,0.43619,"[0.68, 0.2, 0.42857]",1725,321,0.61949,1.21438,COMPLETED
52,20251127_185755,gln_phase2.csv,gaitgl_GREW.csv,MLP,42,256,[768],,[],[],,max,L2,16,1,768,elu,Adam,,0.0002,1e-07,False,0.09049,3.63508,0.38636,0.33181,"[0.46512, 0.16667, 0.36364]",0.54545,0.4517,"[0.68085, 0.25, 0.42424]",1905,1203,0.22225,2.47826,COMPLETED

53,20251127_192631,baseline_CASIAB.csv,gaitgl_GREW_BNNeck.csv,MLP,42,12,"[768, 384]",0.5,[],[],,max,L2,96,2,768,leakyrelu,RMSprop,,0.0002,1e-07,True,0.08559,2.05745,0.47727,0.34222,"[0.56, 0.0, 0.46667]",0.52273,0.52735,"[0.53659, 0.54545, 0.5]",2183,1695,0.29465,1.52177,COMPLETED
54,20251127_192631,baseline_OUMVLP.csv,gaitgl_GREW_BNNeck.csv,MLP,42,13,"[768, 384]",0.5,[],[],,max,L2,96,2,768,leakyrelu,RMSprop,,0.0002,1e-07,True,0.0946,2.06964,0.34091,0.26695,"[0.36842, 0.0, 0.43243]",0.54545,0.4821,"[0.62963, 0.4, 0.41667]",2788,1551,0.60423,1.36617,COMPLETED
55,20251127_192631,gaitgl.csv,gaitgl_GREW_BNNeck.csv,MLP,42,26,"[768, 384]",0.5,[],[],,max,L2,96,2,768,leakyrelu,RMSprop,,0.0002,1e-07,True,0.08426,1.85799,0.36364,0.31606,"[0.42857, 0.16667, 0.35294]",0.56818,0.54717,"[0.64151, 0.6, 0.4]",957,528,0.57783,1.12163,COMPLETED
56,20251127_192631,gaitgl_GREW.csv,gaitgl_GREW_BNNeck.csv,MLP,42,31,"[768, 384]",0.5,[],[],,max,L2,96,2,768,leakyrelu,RMSprop,,0.0002,1e-07,True,0.08992,1.7571,0.36364,0.31766,"[0.38889, 0.15385, 0.41026]",0.5,0.44467,"[0.6, 0.36364, 0.37037]",979,713,0.36085,1.35406,COMPLETED
57,20251127_192631,gaitgl_GREW_BNNeck.csv,gaitgl_GREW_BNNeck.csv,MLP,42,21,"[768, 384]",0.5,[],[],,max,L2,96,2,768,leakyrelu,RMSprop,,0.0002,1e-07,True,0.08628,2.11902,0.34091,0.29464,"[0.3125, 0.14286, 0.42857]",0.52273,0.44735,"[0.57778, 0.25, 0.51429]",1384,1113,0.25531,1.53092,COMPLETED
58,20251127_192631,gaitgl_OUMVLP.csv,gaitgl_GREW_BNNeck.csv,MLP,42,5,"[768, 384]",0.5,[],[],,max,L2,96,2,768,leakyrelu,RMSprop,,0.0002,1e-07,True,0.67842,1.21398,0.45455,0.34144,"[0.59574, 0.0, 0.42857]",0.54545,0.37346,"[0.7037, 0.0, 0.41667]",5000,4807,0.67649,1.25831,COMPLETED
59,20251127_192631,gaitpart_GREW.csv,gaitgl_GREW_BNNeck.csv,MLP,42,22,"[768, 384]",0.5,[],[],,max,L2,96,2,768,leakyrelu,RMSprop,,0.0002,1e-07,True,0.08838,1.93611,0.47727,0.34873,"[0.6087, 0.0, 0.4375]",0.52273,0.47081,"[0.63415, 0.30769, 0.47059]",1872,1256,0.43148,1.28976,COMPLETED
60,20251127_192631,gaitpart_OUMVLP.csv,gaitgl_GREW_BNNeck.csv,MLP,42,11,"[768, 384]",0.5,[],[],,max,L2,96,2,768,leakyrelu,RMSprop,,0.0002,1e-07,True,0.09042,2.53102,0.38636,0.33375,"[0.44444, 0.18182, 0.375]",0.47727,0.41081,"[0.57692, 0.30769, 0.34783]",4232,4144,0.1078,2.77196,COMPLETED
61,20251127_192631,gaitset.csv,gaitgl_GREW_BNNeck.csv,MLP,42,12,"[768, 384]",0.5,[],[],,max,L2,96,2,768,leakyrelu,RMSprop,,0.0002,1e-07,True,0.09935,1.84578,0.43182,0.38185,"[0.47619, 0.11765, 0.55172]",0.54545,0.50779,"[0.46667, 0.44444, 0.61224]",2632,1834,0.40882,1.50093,COMPLETED
62,20251127_192631,gaitset_GREW.csv,gaitgl_GREW_BNNeck.csv,MLP,42,23,"[768, 384]",0.5,[],[],,max,L2,96,2,768,leakyrelu,RMSprop,,0.0002,1e-07,True,0.09021,1.96489,0.31818,0.2463,"[0.38889, 0.0, 0.35]",0.56818,0.39621,"[0.70588, 0.0, 0.48276]",1754,1141,0.49567,1.28369,COMPLETED
63,20251127_192631,gaitset_OUMVLP.csv,gaitgl_GREW_BNNeck.csv,MLP,42,10,"[768, 384]",0.5,[],[],,max,L2,96,2,768,leakyrelu,RMSprop,,0.0002,1e-07,True,0.18848,1.73497,0.52273,0.35802,"[0.62963, 0.0, 0.44444]",0.56818,0.49444,"[0.66667, 0.4, 0.41667]",5000,3029,0.69523,1.04729,COMPLETED
64,20251127_192631,gln_phase1.csv,gaitgl_GREW_BNNeck.csv,MLP,42,11,"[768, 384]",0.5,[],[],,max,L2,96,2,768,leakyrelu,RMSprop,,0.0002,1e-07,True,0.09183,1.69808,0.54545,0.49042,"[0.63415, 0.30769, 0.52941]",0.61364,0.56053,"[0.63158, 0.4, 0.65]",2617,1357,0.55403,1.09665,COMPLETED
65,20251127_192631,gln_phase2.csv,gaitgl_GREW_BNNeck.csv,MLP,42,10,"[768, 384]",0.5,[],[],,max,L2,96,2,768,leakyrelu,RMSprop,,0.0002,1e-07,True,0.09449,1.91155,0.54545,0.4901,"[0.58824, 0.26667, 0.61538]",0.59091,0.56459,"[0.60606, 0.42105, 0.66667]",3100,2740,0.23882,1.64216,COMPLETED

66,20251127_194136,baseline_CASIAB.csv,gaitgl_OUMVLP.csv,MLP,42,256,"[256, 128]",,[1],[1],0.4,max,minmax,16,2,256,leakyrelu,AdamW,,0.0001,0.0001,False,0.08275,1.90473,0.52273,0.41239,"[0.66667, 0.15385, 0.41667]",0.54545,0.49529,"[0.62222, 0.36364, 0.5]",113,47,0.52756,1.06302,COMPLETED
67,20251127_194136,baseline_OUMVLP.csv,gaitgl_OUMVLP.csv,MLP,42,256,"[256, 128]",,[1],[1],0.4,max,minmax,16,2,256,leakyrelu,AdamW,,0.0001,0.0001,False,0.06497,2.18744,0.31818,0.2963,"[0.4, 0.22222, 0.26667]",0.40909,0.36487,"[0.36842, 0.25, 0.47619]",122,80,0.22144,1.61565,COMPLETED
68,20251127_194136,gaitgl.csv,gaitgl_OUMVLP.csv,MLP,42,128,"[256, 128]",,[1],[1],0.4,max,minmax,16,2,256,leakyrelu,AdamW,,0.0001,0.0001,False,0.07395,1.90922,0.47727,0.45626,"[0.51163, 0.4, 0.45714]",0.47727,0.46864,"[0.4878, 0.44444, 0.47368]",159,99,0.20959,1.50045,COMPLETED
69,20251127_194136,gaitgl_GREW.csv,gaitgl_OUMVLP.csv,MLP,42,256,"[256, 128]",,[1],[1],0.4,max,minmax,16,2,256,leakyrelu,AdamW,,0.0001,0.0001,False,0.08773,2.26087,0.36364,0.28061,"[0.5, 0.18182, 0.16]",0.45455,0.38366,"[0.54167, 0.22222, 0.3871]",82,39,0.44913,1.23733,COMPLETED
70,20251127_194136,gaitgl_GREW_BNNeck.csv,gaitgl_OUMVLP.csv,MLP,42,256,"[256, 128]",,[1],[1],0.4,max,minmax,16,2,256,leakyrelu,AdamW,,0.0001,0.0001,False,0.08156,1.52075,0.56818,0.52153,"[0.68182, 0.4, 0.48276]",0.61364,0.54359,"[0.69231, 0.4, 0.53846]",91,77,0.12607,1.54008,COMPLETED
71,20251127_194136,gaitgl_OUMVLP.csv,gaitgl_OUMVLP.csv,MLP,42,256,"[256, 128]",,[1],[1],0.4,max,minmax,16,2,256,leakyrelu,AdamW,,0.0001,0.0001,False,0.07888,2.55337,0.5,0.37062,"[0.59574, 0.0, 0.51613]",0.47727,0.43624,"[0.48649, 0.26667, 0.55556]",203,157,0.12649,2.36405,COMPLETED
72,20251127_194136,gaitpart_GREW.csv,gaitgl_OUMVLP.csv,MLP,42,256,"[256, 128]",,[1],[1],0.4,max,minmax,16,2,256,leakyrelu,AdamW,,0.0001,0.0001,False,0.08783,2.20817,0.40909,0.36266,"[0.54545, 0.26667, 0.27586]",0.43182,0.38796,"[0.53333, 0.28571, 0.34483]",105,61,0.31682,1.47613,COMPLETED
73,20251127_194136,gaitpart_OUMVLP.csv,gaitgl_OUMVLP.csv,MLP,42,256,"[256, 128]",,[1],[1],0.4,max,minmax,16,2,256,leakyrelu,AdamW,,0.0001,0.0001,False,0.07226,1.79551,0.56818,0.41479,"[0.6383, 0.0, 0.60606]",0.61364,0.51229,"[0.65116, 0.2, 0.68571]",167,98,0.2786,1.26393,COMPLETED
74,20251127_194136,gaitset.csv,gaitgl_OUMVLP.csv,MLP,42,256,"[256, 128]",,[1],[1],0.4,max,minmax,16,2,256,leakyrelu,AdamW,,0.0001,0.0001,False,0.09727,1.90011,0.47727,0.40322,"[0.55814, 0.16667, 0.48485]",0.47727,0.45031,"[0.56522, 0.42857, 0.35714]",99,66,0.29007,1.51377,COMPLETED
75,20251127_194136,gaitset_GREW.csv,gaitgl_OUMVLP.csv,MLP,42,256,"[256, 128]",,[1],[1],0.4,max,minmax,16,2,256,leakyrelu,AdamW,,0.0001,0.0001,False,0.08707,1.866,0.38636,0.27083,"[0.5, 0.0, 0.3125]",0.45455,0.39457,"[0.47368, 0.22222, 0.4878]",102,68,0.26517,1.47095,COMPLETED
76,20251127_194136,gaitset_OUMVLP.csv,gaitgl_OUMVLP.csv,MLP,42,256,"[256, 128]",,[1],[1],0.4,max,minmax,16,2,256,leakyrelu,AdamW,,0.0001,0.0001,False,0.09466,1.7398,0.47727,0.39207,"[0.59574, 0.16667, 0.41379]",0.54545,0.4848,"[0.6383, 0.33333, 0.48276]",215,109,0.39568,1.28237,COMPLETED
77,20251127_194136,gln_phase1.csv,gaitgl_OUMVLP.csv,MLP,42,256,"[256, 128]",,[1],[1],0.4,max,minmax,16,2,256,leakyrelu,AdamW,,0.0001,0.0001,False,0.07899,1.69309,0.52273,0.37749,"[0.68085, 0.0, 0.45161]",0.63636,0.45202,"[0.75, 0.0, 0.60606]",116,45,0.53795,1.02147,COMPLETED
78,20251127_194136,gln_phase2.csv,gaitgl_OUMVLP.csv,MLP,42,256,"[256, 128]",,[1],[1],0.4,max,minmax,16,2,256,leakyrelu,AdamW,,0.0001,0.0001,False,0.07934,1.7917,0.52273,0.43452,"[0.65116, 0.18182, 0.47059]",0.54545,0.44311,"[0.68085, 0.18182, 0.46667]",119,46,0.54218,1.12301,COMPLETED

79,20251127_194425,baseline_CASIAB.csv,gaitpart_GREW.csv,MLP,42,256,"[128, 64]",,[1],[1],0.2,max,L2,48,2,128,gelu,AdamW,,0.0005,1e-07,False,0.04558,2.55986,0.45455,0.39143,"[0.4878, 0.2, 0.48649]",0.56818,0.51073,"[0.63636, 0.33333, 0.5625]",415,380,0.23672,1.93922,COMPLETED
80,20251127_194425,baseline_OUMVLP.csv,gaitpart_GREW.csv,MLP,42,256,"[128, 64]",,[1],[1],0.2,max,L2,48,2,128,gelu,AdamW,,0.0005,1e-07,False,0.05938,3.1535,0.43182,0.32634,"[0.56522, 0.0, 0.41379]",0.52273,0.38388,"[0.52941, 0.0, 0.62222]",728,683,0.22619,2.45557,COMPLETED
81,20251127_194425,gaitgl.csv,gaitpart_GREW.csv,MLP,42,128,"[128, 64]",,[1],[1],0.2,max,L2,48,2,128,gelu,AdamW,,0.0005,1e-07,False,0.05151,2.53673,0.47727,0.45801,"[0.54545, 0.42857, 0.4]",0.65909,0.59215,"[0.75472, 0.5, 0.52174]",329,235,0.39638,1.63339,COMPLETED
82,20251127_194425,gaitgl_GREW.csv,gaitpart_GREW.csv,MLP,42,256,"[128, 64]",,[1],[1],0.2,max,L2,48,2,128,gelu,AdamW,,0.0005,1e-07,False,0.06847,4.3225,0.43182,0.35233,"[0.53846, 0.22222, 0.2963]",0.45455,0.38428,"[0.53061, 0.22222, 0.4]",267,172,0.33395,1.95035,COMPLETED
83,20251127_194425,gaitgl_GREW_BNNeck.csv,gaitpart_GREW.csv,MLP,42,256,"[128, 64]",,[1],[1],0.2,max,L2,48,2,128,gelu,AdamW,,0.0005,1e-07,False,0.07473,2.62706,0.45455,0.36162,"[0.65217, 0.125, 0.30769]",0.56818,0.4877,"[0.69388, 0.30769, 0.46154]",253,121,0.65965,1.1201,COMPLETED
84,20251127_194425,gaitgl_OUMVLP.csv,gaitpart_GREW.csv,MLP,42,256,"[128, 64]",,[1],[1],0.2,max,L2,48,2,128,gelu,AdamW,,0.0005,1e-07,False,0.38552,2.19166,0.52273,0.50245,"[0.52632, 0.44444, 0.53659]",0.56818,0.53618,"[0.6, 0.44444, 0.5641]",1429,941,0.57499,1.27737,STOPPED
85,20251127_194425,gaitpart_GREW.csv,gaitpart_GREW.csv,MLP,42,256,"[128, 64]",,[1],[1],0.2,max,L2,48,2,128,gelu,AdamW,,0.0005,1e-07,False,0.04383,3.82042,0.38636,0.32902,"[0.55319, 0.28571, 0.14815]",0.47727,0.46766,"[0.55814, 0.5, 0.34483]",562,317,0.61172,1.29735,COMPLETED
86,20251127_194425,gaitpart_OUMVLP.csv,gaitpart_GREW.csv,MLP,42,256,"[128, 64]",,[1],[1],0.2,max,L2,48,2,128,gelu,AdamW,,0.0005,1e-07,False,0.79416,1.1109,0.5,0.35983,"[0.51429, 0.0, 0.56522]",0.54545,0.45999,"[0.59459, 0.2, 0.58537]",1374,1189,0.64296,1.31642,STOPPED
87,20251127_194425,gaitset.csv,gaitpart_GREW.csv,MLP,42,256,"[128, 64]",,[1],[1],0.2,max,L2,48,2,128,gelu,AdamW,,0.0005,1e-07,False,0.09563,3.5264,0.40909,0.34571,"[0.48, 0.2, 0.35714]",0.47727,0.44444,"[0.5, 0.33333, 0.5]",455,444,0.04946,3.15265,COMPLETED
88,20251127_194425,gaitset_GREW.csv,gaitpart_GREW.csv,MLP,42,256,"[128, 64]",,[1],[1],0.2,max,L2,48,2,128,gelu,AdamW,,0.0005,1e-07,False,0.26619,3.09898,0.34091,0.24285,"[0.30303, 0.0, 0.42553]",0.45455,0.41587,"[0.54054, 0.22222, 0.48485]",651,552,0.32306,1.81774,STOPPED
89,20251127_194425,gaitset_OUMVLP.csv,gaitpart_GREW.csv,MLP,42,256,"[128, 64]",,[1],[1],0.2,max,L2,48,2,128,gelu,AdamW,,0.0005,1e-07,False,1.00606,1.01531,0.47727,0.21538,"[0.64615, 0.0, 0.0]",0.47727,0.21538,"[0.64615, 0.0, 0.0]",129,129,1.00606,1.01531,STOPPED
90,20251127_194425,gln_phase1.csv,gaitpart_GREW.csv,MLP,42,256,"[128, 64]",,[1],[1],0.2,max,L2,48,2,128,gelu,AdamW,,0.0005,1e-07,False,0.0426,3.01511,0.54545,0.40489,"[0.65217, 0.0, 0.5625]",0.59091,0.48056,"[0.70833, 0.2, 0.53333]",543,242,0.60058,1.31463,COMPLETED
91,20251127_194425,gln_phase2.csv,gaitpart_GREW.csv,MLP,42,256,"[128, 64]",,[1],[1],0.2,max,L2,48,2,128,gelu,AdamW,,0.0005,1e-07,False,0.04986,3.21477,0.45455,0.31102,"[0.58824, 0.0, 0.34483]",0.52273,0.47778,"[0.6, 0.33333, 0.5]",665,478,0.33749,1.64098,COMPLETED

92,20251127_195009,baseline_CASIAB.csv,gaitpart_OUMVLP.csv,MLP,42,19,"[640, 320, 160, 80, 64, 64]",0.6,"[1, 2]","[2, 3, 4]",0.4,mean,L2,48,6,640,tanh,AdamW,,0.001,1e-06,True,0.06129,2.68004,0.47727,0.40696,"[0.57143, 0.13333, 0.51613]",0.56818,0.51073,"[0.63636, 0.33333, 0.5625]",146,86,0.34309,1.37277,COMPLETED
93,20251127_195009,baseline_OUMVLP.csv,gaitpart_OUMVLP.csv,MLP,42,15,"[640, 320, 160, 80, 64, 64]",0.6,"[1, 2]","[2, 3, 4]",0.4,mean,L2,48,6,640,tanh,AdamW,,0.001,1e-06,True,0.05227,2.49843,0.45455,0.33939,"[0.53333, 0.0, 0.48485]",0.5,0.41987,"[0.57778, 0.18182, 0.5]",203,141,0.25825,1.71161,COMPLETED
94,20251127_195009,gaitgl.csv,gaitpart_OUMVLP.csv,MLP,42,15,"[640, 320, 160, 80, 64, 64]",0.6,"[1, 2]","[2, 3, 4]",0.4,mean,L2,48,6,640,tanh,AdamW,,0.001,1e-06,True,0.06129,2.49921,0.47727,0.36831,"[0.55319, 0.0, 0.55172]",0.54545,0.53492,"[0.57143, 0.5, 0.53333]",178,125,0.21925,1.70385,COMPLETED
95,20251127_195009,gaitgl_GREW.csv,gaitpart_OUMVLP.csv,MLP,42,38,"[640, 320, 160, 80, 64, 64]",0.6,"[1, 2]","[2, 3, 4]",0.4,mean,L2,48,6,640,tanh,AdamW,,0.001,1e-06,True,0.05133,3.11371,0.40909,0.35934,"[0.42857, 0.13333, 0.51613]",0.5,0.36825,"[0.53333, 0.0, 0.57143]",190,182,0.08569,2.44051,COMPLETED
96,20251127_195009,gaitgl_GREW_BNNeck.csv,gaitpart_OUMVLP.csv,MLP,42,24,"[640, 320, 160, 80, 64, 64]",0.6,"[1, 2]","[2, 3, 4]",0.4,mean,L2,48,6,640,tanh,AdamW,,0.001,1e-06,True,0.05527,3.30746,0.40909,0.2996,"[0.54167, 0.0, 0.35714]",0.43182,0.39181,"[0.51163, 0.25, 0.41379]",139,126,0.10656,3.01482,COMPLETED
97,20251127_195009,gaitgl_OUMVLP.csv,gaitpart_OUMVLP.csv,MLP,42,13,"[640, 320, 160, 80, 64, 64]",0.6,"[1, 2]","[2, 3, 4]",0.4,mean,L2,48,6,640,tanh,AdamW,,0.001,1e-06,True,1.00826,1.01554,0.47727,0.21538,"[0.64615, 0.0, 0.0]",0.47727,0.21538,"[0.64615, 0.0, 0.0]",112,112,1.00826,1.01554,STOPPED
98,20251127_195009,gaitpart_GREW.csv,gaitpart_OUMVLP.csv,MLP,42,30,"[640, 320, 160, 80, 64, 64]",0.6,"[1, 2]","[2, 3, 4]",0.4,mean,L2,48,6,640,tanh,AdamW,,0.001,1e-06,True,0.04128,2.53575,0.52273,0.50495,"[0.61224, 0.54545, 0.35714]",0.59091,0.55597,"[0.69388, 0.54545, 0.42857]",150,142,0.11495,2.42071,COMPLETED
99,20251127_195009,gaitpart_OUMVLP.csv,gaitpart_OUMVLP.csv,MLP,42,24,"[640, 320, 160, 80, 64, 64]",0.6,"[1, 2]","[2, 3, 4]",0.4,mean,L2,48,6,640,tanh,AdamW,,0.001,1e-06,True,0.08851,2.44764,0.5,0.42412,"[0.55, 0.18182, 0.54054]",0.56818,0.54839,"[0.53659, 0.46154, 0.64706]",346,298,0.11674,2.02354,COMPLETED
100,20251127_195009,gaitset.csv,gaitpart_OUMVLP.csv,MLP,42,12,"[640, 320, 160, 80, 64, 64]",0.6,"[1, 2]","[2, 3, 4]",0.4,mean,L2,48,6,640,tanh,AdamW,,0.001,1e-06,True,0.08969,2.9736,0.54545,0.45466,"[0.61224, 0.2, 0.55172]",0.56818,0.475,"[0.625, 0.2, 0.6]",281,268,0.08999,2.71602,COMPLETED
101,20251127_195009,gaitset_GREW.csv,gaitpart_OUMVLP.csv,MLP,42,31,"[640, 320, 160, 80, 64, 64]",0.6,"[1, 2]","[2, 3, 4]",0.4,mean,L2,48,6,640,tanh,AdamW,,0.001,1e-06,True,0.04125,2.09973,0.59091,0.49386,"[0.65, 0.2, 0.63158]",0.63636,0.56863,"[0.66667, 0.33333, 0.70588]",123,98,0.37841,1.45453,COMPLETED
102,20251127_195009,gaitset_OUMVLP.csv,gaitpart_OUMVLP.csv,MLP,42,20,"[640, 320, 160, 80, 64, 64]",0.6,"[1, 2]","[2, 3, 4]",0.4,mean,L2,48,6,640,tanh,AdamW,,0.001,1e-06,True,0.08059,2.66988,0.47727,0.37231,"[0.56522, 0.0, 0.55172]",0.59091,0.51151,"[0.70833, 0.30769, 0.51852]",316,217,0.29173,1.40666,COMPLETED
103,20251127_195009,gln_phase1.csv,gaitpart_OUMVLP.csv,MLP,42,17,"[640, 320, 160, 80, 64, 64]",0.6,"[1, 2]","[2, 3, 4]",0.4,mean,L2,48,6,640,tanh,AdamW,,0.001,1e-06,True,0.0615,2.17845,0.45455,0.34278,"[0.4878, 0.0, 0.54054]",0.59091,0.55854,"[0.64706, 0.42857, 0.6]",154,141,0.14021,2.1354,COMPLETED
104,20251127_195009,gln_phase2.csv,gaitpart_OUMVLP.csv,MLP,42,19,"[640, 320, 160, 80, 64, 64]",0.6,"[1, 2]","[2, 3, 4]",0.4,mean,L2,48,6,640,tanh,AdamW,,0.001,1e-06,True,0.04656,2.83055,0.38636,0.37475,"[0.41176, 0.26087, 0.45161]",0.56818,0.55107,"[0.625, 0.54545, 0.48276]",153,95,0.38067,1.65245,COMPLETED

105,20251127_195304,baseline_CASIAB.csv,gaitset.csv,MLP,42,19,"[768, 384, 192, 96, 64, 64]",0.6,"[1, 3, 5]","[1, 3, 5]",0.3,mean,L2,32,6,768,relu,RMSprop,,0.0002,1e-07,True,0.0628,2.99726,0.5,0.38678,"[0.65385, 0.14286, 0.36364]",0.59091,0.49517,"[0.6383, 0.22222, 0.625]",382,349,0.06526,2.40491,COMPLETED
106,20251127_195304,baseline_OUMVLP.csv,gaitset.csv,MLP,42,15,"[768, 384, 192, 96, 64, 64]",0.6,"[1, 3, 5]","[1, 3, 5]",0.3,mean,L2,32,6,768,relu,RMSprop,,0.0002,1e-07,True,0.0736,3.13539,0.43182,0.36216,"[0.54167, 0.22222, 0.32258]",0.56818,0.57344,"[0.59091, 0.6, 0.52941]",507,485,0.09664,2.149,COMPLETED
107,20251127_195304,gaitgl.csv,gaitset.csv,MLP,42,15,"[768, 384, 192, 96, 64, 64]",0.6,"[1, 3, 5]","[1, 3, 5]",0.3,mean,L2,32,6,768,relu,RMSprop,,0.0002,1e-07,True,0.08142,2.59197,0.43182,0.36239,"[0.53333, 0.15385, 0.4]",0.56818,0.52536,"[0.60465, 0.4, 0.57143]",509,443,0.11951,2.22697,COMPLETED
108,20251127_195304,gaitgl_GREW.csv,gaitset.csv,MLP,42,38,"[768, 384, 192, 96, 64, 64]",0.6,"[1, 3, 5]","[1, 3, 5]",0.3,mean,L2,32,6,768,relu,RMSprop,,0.0002,1e-07,True,0.0748,3.03231,0.43182,0.37578,"[0.43902, 0.14286, 0.54545]",0.47727,0.44451,"[0.41176, 0.36364, 0.55814]",321,157,0.48357,1.45593,COMPLETED
109,20251127_195304,gaitgl_GREW_BNNeck.csv,gaitset.csv,MLP,42,24,"[768, 384, 192, 96, 64, 64]",0.6,"[1, 3, 5]","[1, 3, 5]",0.3,mean,L2,32,6,768,relu,RMSprop,,0.0002,1e-07,True,0.06786,3.33968,0.43182,0.3476,"[0.5283, 0.16667, 0.34783]",0.45455,0.42063,"[0.35714, 0.33333, 0.57143]",264,112,0.46299,1.48931,COMPLETED
110,20251127_195304,gaitgl_OUMVLP.csv,gaitset.csv,MLP,42,13,"[768, 384, 192, 96, 64, 64]",0.6,"[1, 3, 5]","[1, 3, 5]",0.3,mean,L2,32,6,768,relu,RMSprop,,0.0002,1e-07,True,0.08636,3.32284,0.47727,0.43182,"[0.54545, 0.25, 0.5]",0.52273,0.47293,"[0.57778, 0.30769, 0.53333]",1522,1228,0.26571,2.31652,COMPLETED
111,20251127_195304,gaitpart_GREW.csv,gaitset.csv,MLP,42,30,"[768, 384, 192, 96, 64, 64]",0.6,"[1, 3, 5]","[1, 3, 5]",0.3,mean,L2,32,6,768,relu,RMSprop,,0.0002,1e-07,True,0.08998,2.2869,0.59091,0.53473,"[0.7, 0.36364, 0.54054]",0.63636,0.61045,"[0.69767, 0.54545, 0.58824]",339,335,0.06223,2.22226,COMPLETED
112,20251127_195304,gaitpart_OUMVLP.csv,gaitset.csv,MLP,42,24,"[768, 384, 192, 96, 64, 64]",0.6,"[1, 3, 5]","[1, 3, 5]",0.3,mean,L2,32,6,768,relu,RMSprop,,0.0002,1e-07,True,0.08634,2.19699,0.54545,0.39466,"[0.59574, 0.0, 0.58824]",0.63636,0.60458,"[0.66667, 0.5, 0.64706]",735,684,0.09349,1.99502,COMPLETED
113,20251127_195304,gaitset.csv,gaitset.csv,MLP,42,12,"[768, 384, 192, 96, 64, 64]",0.6,"[1, 3, 5]","[1, 3, 5]",0.3,mean,L2,32,6,768,relu,RMSprop,,0.0002,1e-07,True,0.04784,3.36019,0.45455,0.34848,"[0.54545, 0.0, 0.5]",0.52273,0.43697,"[0.59574, 0.18182, 0.53333]",443,151,0.63741,1.29648,COMPLETED
114,20251127_195304,gaitset_GREW.csv,gaitset.csv,MLP,42,31,"[768, 384, 192, 96, 64, 64]",0.6,"[1, 3, 5]","[1, 3, 5]",0.3,mean,L2,32,6,768,relu,RMSprop,,0.0002,1e-07,True,0.07888,3.11861,0.38636,0.29952,"[0.56522, 0.33333, 0.0]",0.54545,0.51679,"[0.57895, 0.4, 0.57143]",239,234,0.10504,2.03979,COMPLETED
115,20251127_195304,gaitset_OUMVLP.csv,gaitset.csv,MLP,42,20,"[768, 384, 192, 96, 64, 64]",0.6,"[1, 3, 5]","[1, 3, 5]",0.3,mean,L2,32,6,768,relu,RMSprop,,0.0002,1e-07,True,0.05161,3.03963,0.40909,0.33429,"[0.56522, 0.11765, 0.32]",0.56818,0.54372,"[0.65116, 0.5, 0.48]",802,676,0.23146,1.91747,COMPLETED
116,20251127_195304,gln_phase1.csv,gaitset.csv,MLP,42,17,"[768, 384, 192, 96, 64, 64]",0.6,"[1, 3, 5]","[1, 3, 5]",0.3,mean,L2,32,6,768,relu,RMSprop,,0.0002,1e-07,True,0.08114,2.16249,0.59091,0.49483,"[0.65116, 0.22222, 0.61111]",0.65909,0.63211,"[0.68421, 0.54545, 0.66667]",391,314,0.13495,1.81664,COMPLETED
117,20251127_195304,gln_phase2.csv,gaitset.csv,MLP,42,19,"[768, 384, 192, 96, 64, 64]",0.6,"[1, 3, 5]","[1, 3, 5]",0.3,mean,L2,32,6,768,relu,RMSprop,,0.0002,1e-07,True,0.09805,2.8862,0.47727,0.45316,"[0.55556, 0.33333, 0.47059]",0.56818,0.55938,"[0.61538, 0.53333, 0.52941]",357,241,0.27409,1.94954,COMPLETED

118,20251127_200413,baseline_CASIAB.csv,gaitset_GREW.csv,MLP,42,256,"[384, 384, 384]",,[],[],,max,minmax,32,3,384,silu,AdamW,,0.0002,0.0001,False,0.07395,4.85085,0.36364,0.27302,"[0.53333, 0.0, 0.28571]",0.52273,0.47719,"[0.63158, 0.2, 0.6]",207,56,0.57766,1.24525,COMPLETED
119,20251127_200413,baseline_OUMVLP.csv,gaitset_GREW.csv,MLP,42,256,"[384, 384, 384]",,[],[],,max,minmax,32,3,384,silu,AdamW,,0.0002,0.0001,False,0.08577,6.51447,0.31818,0.27513,"[0.42857, 0.11111, 0.28571]",0.40909,0.35475,"[0.48649, 0.13333, 0.44444]",225,199,0.10066,5.51019,COMPLETED
120,20251127_200413,gaitgl.csv,gaitset_GREW.csv,MLP,42,128,"[384, 384, 384]",,[],[],,max,minmax,32,3,384,silu,AdamW,,0.0002,0.0001,False,0.05227,8.44634,0.40909,0.40023,"[0.41026, 0.35294, 0.4375]",0.59091,0.56909,"[0.61905, 0.5, 0.58824]",401,136,0.65956,1.44703,COMPLETED
121,20251127_200413,gaitgl_GREW.csv,gaitset_GREW.csv,MLP,42,256,"[384, 384, 384]",,[],[],,max,minmax,32,3,384,silu,AdamW,,0.0002,0.0001,False,0.08038,6.15951,0.31818,0.28002,"[0.36364, 0.15385, 0.32258]",0.36364,0.31306,"[0.43478, 0.18182, 0.32258]",99,83,0.27097,4.35365,COMPLETED
122,20251127_200413,gaitgl_GREW_BNNeck.csv,gaitset_GREW.csv,MLP,42,256,"[384, 384, 384]",,[],[],,max,minmax,32,3,384,silu,AdamW,,0.0002,0.0001,False,0.05437,4.89587,0.54545,0.48984,"[0.66667, 0.22222, 0.58065]",0.61364,0.54487,"[0.71795, 0.25, 0.66667]",147,115,0.17682,3.73084,COMPLETED
123,20251127_200413,gaitgl_OUMVLP.csv,gaitset_GREW.csv,MLP,42,256,"[384, 384, 384]",,[],[],,max,minmax,32,3,384,silu,AdamW,,0.0002,0.0001,False,0.04754,5.0065,0.52273,0.43863,"[0.60465, 0.18182, 0.52941]",0.56818,0.53182,"[0.65, 0.4, 0.54545]",306,214,0.16593,2.9102,COMPLETED
124,20251127_200413,gaitpart_GREW.csv,gaitset_GREW.csv,MLP,42,256,"[384, 384, 384]",,[],[],,max,minmax,32,3,384,silu,AdamW,,0.0002,0.0001,False,0.08394,5.94134,0.34091,0.31198,"[0.4878, 0.3, 0.14815]",0.45455,0.43721,"[0.51163, 0.4, 0.4]",146,59,0.38756,2.07866,COMPLETED
125,20251127_200413,gaitpart_OUMVLP.csv,gaitset_GREW.csv,MLP,42,256,"[384, 384, 384]",,[],[],,max,minmax,32,3,384,silu,AdamW,,0.0002,0.0001,False,0.07091,4.50603,0.52273,0.43939,"[0.59091, 0.18182, 0.54545]",0.56818,0.48057,"[0.59091, 0.22222, 0.62857]",355,202,0.28838,2.01454,COMPLETED
126,20251127_200413,gaitset.csv,gaitset_GREW.csv,MLP,42,256,"[384, 384, 384]",,[],[],,max,minmax,32,3,384,silu,AdamW,,0.0002,0.0001,False,0.04397,6.30713,0.36364,0.3155,"[0.51282, 0.11111, 0.32258]",0.45455,0.41597,"[0.56522, 0.375, 0.30769]",182,81,0.396,2.14014,COMPLETED
127,20251127_200413,gaitset_GREW.csv,gaitset_GREW.csv,MLP,42,256,"[384, 384, 384]",,[],[],,max,minmax,32,3,384,silu,AdamW,,0.0002,0.0001,False,0.06643,5.09723,0.34091,0.25641,"[0.41026, 0.0, 0.35897]",0.40909,0.35702,"[0.45, 0.2, 0.42105]",154,108,0.1664,2.90957,COMPLETED
128,20251127_200413,gaitset_OUMVLP.csv,gaitset_GREW.csv,MLP,42,256,"[384, 384, 384]",,[],[],,max,minmax,32,3,384,silu,AdamW,,0.0002,0.0001,False,0.08829,4.61546,0.45455,0.4084,"[0.54545, 0.23529, 0.44444]",0.54545,0.45999,"[0.59459, 0.2, 0.58537]",370,103,0.55593,1.47595,COMPLETED
129,20251127_200413,gln_phase1.csv,gaitset_GREW.csv,MLP,42,256,"[384, 384, 384]",,[],[],,max,minmax,32,3,384,silu,AdamW,,0.0002,0.0001,False,0.0614,5.54245,0.40909,0.30794,"[0.52381, 0.0, 0.4]",0.59091,0.42751,"[0.71111, 0.0, 0.57143]",212,46,0.62907,1.28581,COMPLETED
130,20251127_200413,gln_phase2.csv,gaitset_GREW.csv,MLP,42,256,"[384, 384, 384]",,[],[],,max,minmax,32,3,384,silu,AdamW,,0.0002,0.0001,False,0.05378,5.1136,0.40909,0.29551,"[0.55319, 0.0, 0.33333]",0.52273,0.4436,"[0.63636, 0.25, 0.44444]",229,205,0.18702,3.92746,COMPLETED

131,20251127_200742,baseline_CASIAB.csv,gaitset_OUMVLP.csv,MLP,42,87,"[1024, 512]",0.9,[1],[1],0.5,mean,L2,48,2,1024,gelu,Adam,,0.001,1e-07,True,0.07549,2.96797,0.40909,0.30838,"[0.45455, 0.0, 0.47059]",0.45455,0.39206,"[0.47619, 0.2, 0.5]",26,20,0.15094,2.11284,COMPLETED
132,20251127_200742,baseline_OUMVLP.csv,gaitset_OUMVLP.csv,MLP,42,81,"[1024, 512]",0.9,[1],[1],0.5,mean,L2,48,2,1024,gelu,Adam,,0.001,1e-07,True,0.02964,2.13914,0.56818,0.53535,"[0.6, 0.4, 0.60606]",0.61364,0.55177,"[0.66667, 0.36364, 0.625]",36,21,0.52566,1.16121,COMPLETED
133,20251127_200742,gaitgl.csv,gaitset_OUMVLP.csv,MLP,42,67,"[1024, 512]",0.9,[1],[1],0.5,mean,L2,48,2,1024,gelu,Adam,,0.001,1e-07,True,0.04772,3.33297,0.43182,0.37797,"[0.45714, 0.22222, 0.45455]",0.5,0.48728,"[0.54545, 0.42857, 0.4878]",44,28,0.22727,2.3872,COMPLETED
134,20251127_200742,gaitgl_GREW.csv,gaitset_OUMVLP.csv,MLP,42,125,"[1024, 512]",0.9,[1],[1],0.5,mean,L2,48,2,1024,gelu,Adam,,0.001,1e-07,True,0.01513,2.77074,0.5,0.42284,"[0.61905, 0.13333, 0.51613]",0.5,0.45068,"[0.58537, 0.26667, 0.5]",33,31,0.04032,2.59842,COMPLETED
135,20251127_200742,gaitgl_GREW_BNNeck.csv,gaitset_OUMVLP.csv,MLP,42,103,"[1024, 512]",0.9,[1],[1],0.5,mean,L2,48,2,1024,gelu,Adam,,0.001,1e-07,True,0.04345,3.28765,0.5,0.33427,"[0.61818, 0.0, 0.38462]",0.47727,0.39746,"[0.54902, 0.18182, 0.46154]",24,17,0.17932,2.12489,COMPLETED
136,20251127_200742,gaitgl_OUMVLP.csv,gaitset_OUMVLP.csv,MLP,42,96,"[1024, 512]",0.9,[1],[1],0.5,mean,L2,48,2,1024,gelu,Adam,,0.001,1e-07,True,0.04786,3.63539,0.5,0.47436,"[0.53659, 0.4, 0.48649]",0.61364,0.5825,"[0.69565, 0.53333, 0.51852]",78,64,0.2349,2.16887,COMPLETED
137,20251127_200742,gaitpart_GREW.csv,gaitset_OUMVLP.csv,MLP,42,109,"[1024, 512]",0.9,[1],[1],0.5,mean,L2,48,2,1024,gelu,Adam,,0.001,1e-07,True,0.0116,2.33086,0.5,0.40754,"[0.61224, 0.18182, 0.42857]",0.56818,0.50779,"[0.6383, 0.33333, 0.55172]",31,15,0.6566,1.08772,COMPLETED
138,20251127_200742,gaitpart_OUMVLP.csv,gaitset_OUMVLP.csv,MLP,42,98,"[1024, 512]",0.9,[1],[1],0.5,mean,L2,48,2,1024,gelu,Adam,,0.001,1e-07,True,0.02402,3.0058,0.5,0.3684,"[0.59091, 0.0, 0.51429]",0.61364,0.56053,"[0.63158, 0.4, 0.65]",52,24,0.62928,1.32128,COMPLETED
139,20251127_200742,gaitset.csv,gaitset_OUMVLP.csv,MLP,42,72,"[1024, 512]",0.9,[1],[1],0.5,mean,L2,48,2,1024,gelu,Adam,,0.001,1e-07,True,0.05601,2.87205,0.45455,0.31576,"[0.57692, 0.0, 0.37037]",0.40909,0.32009,"[0.53846, 0.18182, 0.24]",31,29,0.09361,2.93266,COMPLETED
140,20251127_200742,gaitset_GREW.csv,gaitset_OUMVLP.csv,MLP,42,114,"[1024, 512]",0.9,[1],[1],0.5,mean,L2,48,2,1024,gelu,Adam,,0.001,1e-07,True,0.03373,2.16682,0.56818,0.43023,"[0.7907, 0.0, 0.5]",0.54545,0.4625,"[0.7, 0.125, 0.5625]",25,22,0.06547,1.74099,COMPLETED
141,20251127_200742,gaitset_OUMVLP.csv,gaitset_OUMVLP.csv,MLP,42,94,"[1024, 512]",0.9,[1],[1],0.5,mean,L2,48,2,1024,gelu,Adam,,0.001,1e-07,True,0.02936,3.81591,0.36364,0.27273,"[0.45455, 0.0, 0.36364]",0.45455,0.44364,"[0.44444, 0.4, 0.48649]",53,25,0.69819,1.21651,COMPLETED
142,20251127_200742,gln_phase1.csv,gaitset_OUMVLP.csv,MLP,42,89,"[1024, 512]",0.9,[1],[1],0.5,mean,L2,48,2,1024,gelu,Adam,,0.001,1e-07,True,0.03023,2.5238,0.43182,0.3628,"[0.52174, 0.16667, 0.4]",0.5,0.45424,"[0.57778, 0.33333, 0.45161]",30,23,0.12292,1.89848,COMPLETED
143,20251127_200742,gln_phase2.csv,gaitset_OUMVLP.csv,MLP,42,96,"[1024, 512]",0.9,[1],[1],0.5,mean,L2,48,2,1024,gelu,Adam,,0.001,1e-07,True,0.04968,2.49046,0.5,0.40691,"[0.6383, 0.15385, 0.42857]",0.52273,0.42959,"[0.65217, 0.15385, 0.48276]",32,31,0.03124,2.42177,COMPLETED

144,20251127_200817,baseline_CASIAB.csv,gln_phase1.csv,MLP,42,256,"[448, 896]",,[1],[],,max,L2,16,2,896,tanh,Adam,,5e-05,1e-07,False,0.0819,1.91979,0.43182,0.32593,"[0.57778, 0.0, 0.4]",0.5,0.47076,"[0.57895, 0.3, 0.53333]",120,67,0.41307,1.22522,COMPLETED
145,20251127_200817,baseline_OUMVLP.csv,gln_phase1.csv,MLP,42,256,"[448, 896]",,[1],[],,max,L2,16,2,896,tanh,Adam,,5e-05,1e-07,False,0.07319,2.3764,0.36364,0.32598,"[0.42105, 0.10526, 0.45161]",0.45455,0.42203,"[0.47059, 0.30769, 0.4878]",167,88,0.41409,1.57428,COMPLETED
146,20251127_200817,gaitgl.csv,gln_phase1.csv,MLP,42,128,"[448, 896]",,[1],[],,max,L2,16,2,896,tanh,Adam,,5e-05,1e-07,False,0.07423,1.91515,0.52273,0.50266,"[0.55, 0.42857, 0.52941]",0.61364,0.57013,"[0.68182, 0.42857, 0.6]",174,166,0.09895,1.81497,COMPLETED
147,20251127_200817,gaitgl_GREW.csv,gln_phase1.csv,MLP,42,256,"[448, 896]",,[1],[],,max,L2,16,2,896,tanh,Adam,,5e-05,1e-07,False,0.07142,3.03297,0.27273,0.2163,"[0.40816, 0.16667, 0.07407]",0.38636,0.34451,"[0.39024, 0.22222, 0.42105]",101,73,0.26968,2.21633,COMPLETED
148,20251127_200817,gaitgl_GREW_BNNeck.csv,gln_phase1.csv,MLP,42,256,"[448, 896]",,[1],[],,max,L2,16,2,896,tanh,Adam,,5e-05,1e-07,False,0.07413,2.05461,0.5,0.44099,"[0.6087, 0.28571, 0.42857]",0.56818,0.50719,"[0.66667, 0.26667, 0.58824]",95,83,0.12666,1.86337,COMPLETED
149,20251127_200817,gaitgl_OUMVLP.csv,gln_phase1.csv,MLP,42,256,"[448, 896]",,[1],[],,max,L2,16,2,896,tanh,Adam,,5e-05,1e-07,False,0.08609,2.2227,0.54545,0.48406,"[0.65217, 0.33333, 0.46667]",0.56818,0.51065,"[0.65217, 0.36364, 0.51613]",275,186,0.38047,1.49508,COMPLETED
150,20251127_200817,gaitpart_GREW.csv,gln_phase1.csv,MLP,42,256,"[448, 896]",,[1],[],,max,L2,16,2,896,tanh,Adam,,5e-05,1e-07,False,0.06964,2.7322,0.40909,0.38007,"[0.53659, 0.36364, 0.24]",0.54545,0.52028,"[0.61538, 0.54545, 0.4]",136,63,0.44529,1.38517,COMPLETED
151,20251127_200817,gaitpart_OUMVLP.csv,gln_phase1.csv,MLP,42,256,"[448, 896]",,[1],[],,max,L2,16,2,896,tanh,Adam,,5e-05,1e-07,False,0.09522,3.20674,0.5,0.25797,"[0.65625, 0.0, 0.11765]",0.54545,0.46275,"[0.57143, 0.22222, 0.59459]",430,336,0.18263,1.63138,COMPLETED
152,20251127_200817,gaitset.csv,gln_phase1.csv,MLP,42,256,"[448, 896]",,[1],[],,max,L2,16,2,896,tanh,Adam,,5e-05,1e-07,False,0.08058,2.44597,0.31818,0.28051,"[0.45, 0.09524, 0.2963]",0.5,0.43397,"[0.4878, 0.25, 0.5641]",124,57,0.49146,1.35515,COMPLETED
153,20251127_200817,gaitset_GREW.csv,gln_phase1.csv,MLP,42,256,"[448, 896]",,[1],[],,max,L2,16,2,896,tanh,Adam,,5e-05,1e-07,False,0.08838,2.46344,0.29545,0.21124,"[0.3913, 0.0, 0.24242]",0.40909,0.33524,"[0.52, 0.2, 0.28571]",148,138,0.08528,2.352,COMPLETED
154,20251127_200817,gaitset_OUMVLP.csv,gln_phase1.csv,MLP,42,256,"[448, 896]",,[1],[],,max,L2,16,2,896,tanh,Adam,,5e-05,1e-07,False,0.08211,1.87892,0.5,0.35105,"[0.70833, 0.0, 0.34483]",0.52273,0.44626,"[0.65306, 0.28571, 0.4]",554,217,0.55267,1.23755,COMPLETED
155,20251127_200817,gln_phase1.csv,gln_phase1.csv,MLP,42,256,"[448, 896]",,[1],[],,max,L2,16,2,896,tanh,Adam,,5e-05,1e-07,False,0.08712,2.43212,0.38636,0.28132,"[0.51064, 0.0, 0.33333]",0.56818,0.40404,"[0.66667, 0.0, 0.54545]",129,44,0.59599,1.27469,COMPLETED
156,20251127_200817,gln_phase2.csv,gln_phase1.csv,MLP,42,256,"[448, 896]",,[1],[],,max,L2,16,2,896,tanh,Adam,,5e-05,1e-07,False,0.05686,1.97119,0.45455,0.3782,"[0.57778, 0.18182, 0.375]",0.54545,0.49393,"[0.61905, 0.33333, 0.52941]",157,75,0.38929,1.14731,COMPLETED

157,20251127_201237,baseline_CASIAB.csv,gln_phase2.csv,MLP,42,256,"[768, 768, 768, 768, 768]",,"[1, 2]","[1, 3, 4]",0.5,max,minmax,16,5,768,relu,Adam,,0.0002,1e-06,False,0.08534,3.10803,0.5,0.42564,"[0.51282, 0.2, 0.5641]",0.61364,0.5123,"[0.68085, 0.25, 0.60606]",190,62,0.65489,1.10486,COMPLETED
158,20251127_201237,baseline_OUMVLP.csv,gln_phase2.csv,MLP,42,256,"[768, 768, 768, 768, 768]",,"[1, 2]","[1, 3, 4]",0.5,max,minmax,16,5,768,relu,Adam,,0.0002,1e-06,False,0.07915,3.1412,0.40909,0.2961,"[0.54545, 0.0, 0.34286]",0.47727,0.39435,"[0.59574, 0.14286, 0.44444]",194,113,0.18191,2.46178,COMPLETED
159,20251127_201237,gaitgl.csv,gln_phase2.csv,MLP,42,128,"[768, 768, 768, 768, 768]",,"[1, 2]","[1, 3, 4]",0.5,max,minmax,16,5,768,relu,Adam,,0.0002,1e-06,False,0.05789,3.05728,0.47727,0.4647,"[0.54545, 0.46154, 0.3871]",0.54545,0.53383,"[0.58537, 0.5, 0.51613]",98,70,0.14489,2.1987,COMPLETED
160,20251127_201237,gaitgl_GREW.csv,gln_phase2.csv,MLP,42,256,"[768, 768, 768, 768, 768]",,"[1, 2]","[1, 3, 4]",0.5,max,minmax,16,5,768,relu,Adam,,0.0002,1e-06,False,0.05356,5.00915,0.38636,0.34377,"[0.40909, 0.22222, 0.4]",0.5,0.45861,"[0.45714, 0.33333, 0.58537]",132,27,0.67724,1.32483,COMPLETED
161,20251127_201237,gaitgl_GREW_BNNeck.csv,gln_phase2.csv,MLP,42,256,"[768, 768, 768, 768, 768]",,"[1, 2]","[1, 3, 4]",0.5,max,minmax,16,5,768,relu,Adam,,0.0002,1e-06,False,0.09712,3.16354,0.59091,0.48778,"[0.68, 0.25, 0.53333]",0.59091,0.5249,"[0.68293, 0.28571, 0.60606]",102,84,0.19528,2.14056,COMPLETED
162,20251127_201237,gaitgl_OUMVLP.csv,gln_phase2.csv,MLP,42,256,"[768, 768, 768, 768, 768]",,"[1, 2]","[1, 3, 4]",0.5,max,minmax,16,5,768,relu,Adam,,0.0002,1e-06,False,0.08739,3.96372,0.5,0.42955,"[0.68182, 0.22222, 0.38462]",0.63636,0.59396,"[0.71429, 0.46154, 0.60606]",522,167,0.40602,1.45447,COMPLETED
163,20251127_201237,gaitpart_GREW.csv,gln_phase2.csv,MLP,42,256,"[768, 768, 768, 768, 768]",,"[1, 2]","[1, 3, 4]",0.5,max,minmax,16,5,768,relu,Adam,,0.0002,1e-06,False,0.0609,4.10365,0.31818,0.31143,"[0.4, 0.32, 0.21429]",0.5,0.48696,"[0.57895, 0.44444, 0.4375]",133,100,0.22674,2.74152,COMPLETED
164,20251127_201237,gaitpart_OUMVLP.csv,gln_phase2.csv,MLP,42,256,"[768, 768, 768, 768, 768]",,"[1, 2]","[1, 3, 4]",0.5,max,minmax,16,5,768,relu,Adam,,0.0002,1e-06,False,0.0993,3.54729,0.47727,0.3545,"[0.44444, 0.0, 0.61905]",0.54545,0.49192,"[0.57895, 0.28571, 0.61111]",283,109,0.57967,1.59423,COMPLETED
165,20251127_201237,gaitset.csv,gln_phase2.csv,MLP,42,256,"[768, 768, 768, 768, 768]",,"[1, 2]","[1, 3, 4]",0.5,max,minmax,16,5,768,relu,Adam,,0.0002,1e-06,False,0.04525,4.79601,0.31818,0.30147,"[0.4, 0.18182, 0.32258]",0.54545,0.50986,"[0.55814, 0.4, 0.57143]",155,53,0.49308,1.90588,COMPLETED
166,20251127_201237,gaitset_GREW.csv,gln_phase2.csv,MLP,42,256,"[768, 768, 768, 768, 768]",,"[1, 2]","[1, 3, 4]",0.5,max,minmax,16,5,768,relu,Adam,,0.0002,1e-06,False,0.06248,4.91722,0.40909,0.3,"[0.5, 0.0, 0.4]",0.5,0.44755,"[0.62222, 0.33333, 0.3871]",185,182,0.0684,4.45846,COMPLETED
167,20251127_201237,gaitset_OUMVLP.csv,gln_phase2.csv,MLP,42,256,"[768, 768, 768, 768, 768]",,"[1, 2]","[1, 3, 4]",0.5,max,minmax,16,5,768,relu,Adam,,0.0002,1e-06,False,0.0709,3.03268,0.5,0.45047,"[0.6, 0.23529, 0.51613]",0.56818,0.52153,"[0.68182, 0.4, 0.48276]",520,273,0.26372,1.81284,STOPPED
168,20251127_201237,gln_phase1.csv,gln_phase2.csv,MLP,42,256,"[768, 768, 768, 768, 768]",,"[1, 2]","[1, 3, 4]",0.5,max,minmax,16,5,768,relu,Adam,,0.0002,1e-06,False,0.09584,4.02143,0.38636,0.31269,"[0.41176, 0.0, 0.52632]",0.61364,0.469,"[0.75, 0.22222, 0.43478]",218,50,0.67574,1.09269,COMPLETED
169,20251127_201237,gln_phase2.csv,gln_phase2.csv,MLP,42,256,"[768, 768, 768, 768, 768]",,"[1, 2]","[1, 3, 4]",0.5,max,minmax,16,5,768,relu,Adam,,0.0002,1e-06,False,0.09597,3.49415,0.45455,0.31951,"[0.57143, 0.0, 0.3871]",0.59091,0.49664,"[0.64865, 0.22222, 0.61905]",200,76,0.48879,1.46527,COMPLETED
