id,timestamp,target_embedding,source_params,model,seed,input_dim,architecture_pattern,num_layers,layer_sizes,bidirectional,norm,dropout,dropout_layers,norm_layers,pooling,fc_hidden,activation,norm_post_lstm,batch_size,optimizer,momentum_sgd,learning_rate,weight_decay,train_loss,accuracy,epochs_trained,f1_macro,best_f1,best_epoch,best_state_loss,training

1,20250916_133125,baseline_CASIAB.csv,baseline_CASIAB.csv,LSTM,42,256,decreasing,4,"[896, 768, 640, 512]",False,L2,0.4,"[1, 2]","[1, 2]",attention,512.0,elu,True,16,AdamW,,1e-05,0.0,0.07615,0.43182,320,0.41696,0.47691,262,0.1775,COMPLETED
2,20250916_133125,baseline_OUMVLP.csv,baseline_CASIAB.csv,LSTM,42,256,decreasing,4,"[896, 768, 640, 512]",False,L2,0.4,"[1, 2]","[1, 2]",attention,512.0,elu,True,16,AdamW,,1e-05,0.0,0.0926,0.52273,474,0.47341,0.53488,425,0.11019,COMPLETED
3,20250916_133125,gaitgl.csv,baseline_CASIAB.csv,LSTM,42,128,decreasing,4,"[896, 768, 640, 512]",False,L2,0.4,"[1, 2]","[1, 2]",attention,512.0,elu,True,16,AdamW,,1e-05,0.0,0.08099,0.52273,176,0.49048,0.61843,151,0.17696,COMPLETED
4,20250916_133125,gaitgl_GREW.csv,baseline_CASIAB.csv,LSTM,42,256,decreasing,4,"[896, 768, 640, 512]",False,L2,0.4,"[1, 2]","[1, 2]",attention,512.0,elu,True,16,AdamW,,1e-05,0.0,0.08872,0.36364,168,0.31927,0.42353,148,0.16765,COMPLETED
5,20250916_133125,gaitgl_GREW_BNNeck.csv,baseline_CASIAB.csv,LSTM,42,256,decreasing,4,"[896, 768, 640, 512]",False,L2,0.4,"[1, 2]","[1, 2]",attention,512.0,elu,True,16,AdamW,,1e-05,0.0,0.09699,0.36364,280,0.27718,0.35385,267,0.16326,COMPLETED
6,20250916_133125,gaitgl_OUMVLP.csv,baseline_CASIAB.csv,LSTM,42,256,decreasing,4,"[896, 768, 640, 512]",False,L2,0.4,"[1, 2]","[1, 2]",attention,512.0,elu,True,16,AdamW,,1e-05,0.0,0.05837,0.43182,333,0.3784,0.52764,327,0.11503,COMPLETED
7,20250916_133125,gaitpart.csv,baseline_CASIAB.csv,LSTM,42,128,decreasing,4,"[896, 768, 640, 512]",False,L2,0.4,"[1, 2]","[1, 2]",attention,512.0,elu,True,16,AdamW,,1e-05,0.0,0.91609,0.5,116,0.22222,0.22222,116,0.91609,STOPPED
8,20250916_133125,gaitpart_GREW.csv,baseline_CASIAB.csv,LSTM,42,256,decreasing,4,"[896, 768, 640, 512]",False,L2,0.4,"[1, 2]","[1, 2]",attention,512.0,elu,True,16,AdamW,,1e-05,0.0,0.07945,0.52273,489,0.46694,0.52762,421,0.19552,COMPLETED
9,20250916_133125,gaitpart_OUMVLP.csv,baseline_CASIAB.csv,LSTM,42,256,decreasing,4,"[896, 768, 640, 512]",False,L2,0.4,"[1, 2]","[1, 2]",attention,512.0,elu,True,16,AdamW,,1e-05,0.0,0.09384,0.45455,792,0.35533,0.39608,717,0.16323,COMPLETED
10,20250916_133125,gaitset.csv,baseline_CASIAB.csv,LSTM,42,256,decreasing,4,"[896, 768, 640, 512]",False,L2,0.4,"[1, 2]","[1, 2]",attention,512.0,elu,True,16,AdamW,,1e-05,0.0,0.07294,0.43182,288,0.3314,0.40599,270,0.14697,COMPLETED
11,20250916_133125,gaitset_GREW.csv,baseline_CASIAB.csv,LSTM,42,256,decreasing,4,"[896, 768, 640, 512]",False,L2,0.4,"[1, 2]","[1, 2]",attention,512.0,elu,True,16,AdamW,,1e-05,0.0,0.09045,0.52273,379,0.44135,0.4942,330,0.1943,COMPLETED
12,20250916_133125,gaitset_OUMVLP.csv,baseline_CASIAB.csv,LSTM,42,256,decreasing,4,"[896, 768, 640, 512]",False,L2,0.4,"[1, 2]","[1, 2]",attention,512.0,elu,True,16,AdamW,,1e-05,0.0,1.00759,0.47727,103,0.21538,0.21538,103,1.00759,STOPPED
13,20250916_133125,gln_phase1.csv,baseline_CASIAB.csv,LSTM,42,256,decreasing,4,"[896, 768, 640, 512]",False,L2,0.4,"[1, 2]","[1, 2]",attention,512.0,elu,True,16,AdamW,,1e-05,0.0,0.08104,0.38636,306,0.31685,0.51351,286,0.13461,COMPLETED
14,20250916_133125,gln_phase2.csv,baseline_CASIAB.csv,LSTM,42,256,decreasing,4,"[896, 768, 640, 512]",False,L2,0.4,"[1, 2]","[1, 2]",attention,512.0,elu,True,16,AdamW,,1e-05,0.0,0.0724,0.40909,253,0.35635,0.43333,249,0.09186,COMPLETED

15,20250916_150010,baseline_CASIAB.csv,baseline_OUMVLP.csv,LSTM,42,256,uniform,1,[512],False,L2,0.1,[],[],attention,128.0,leakyrelu,False,64,AdamW,,0.001,0.0,0.0827,0.54545,162,0.46746,0.55872,142,0.11757,COMPLETED
16,20250916_150010,baseline_OUMVLP.csv,baseline_OUMVLP.csv,LSTM,42,256,uniform,1,[512],False,L2,0.1,[],[],attention,128.0,leakyrelu,False,64,AdamW,,0.001,0.0,0.05444,0.54545,228,0.45526,0.53434,214,0.13693,COMPLETED
17,20250916_150010,gaitgl.csv,baseline_OUMVLP.csv,LSTM,42,128,uniform,1,[512],False,L2,0.1,[],[],attention,128.0,leakyrelu,False,64,AdamW,,0.001,0.0,0.04673,0.52273,104,0.43565,0.45794,94,0.16365,COMPLETED
18,20250916_150010,gaitgl_GREW.csv,baseline_OUMVLP.csv,LSTM,42,256,uniform,1,[512],False,L2,0.1,[],[],attention,128.0,leakyrelu,False,64,AdamW,,0.001,0.0,0.09301,0.45455,128,0.37753,0.47953,112,0.19999,COMPLETED
19,20250916_150010,gaitgl_GREW_BNNeck.csv,baseline_OUMVLP.csv,LSTM,42,256,uniform,1,[512],False,L2,0.1,[],[],attention,128.0,leakyrelu,False,64,AdamW,,0.001,0.0,0.05256,0.5,171,0.40921,0.45879,154,0.14839,COMPLETED
20,20250916_150010,gaitgl_OUMVLP.csv,baseline_OUMVLP.csv,LSTM,42,256,uniform,1,[512],False,L2,0.1,[],[],attention,128.0,leakyrelu,False,64,AdamW,,0.001,0.0,0.08279,0.45455,217,0.38801,0.47475,203,0.1679,COMPLETED
21,20250916_150010,gaitpart.csv,baseline_OUMVLP.csv,LSTM,42,128,uniform,1,[512],False,L2,0.1,[],[],attention,128.0,leakyrelu,False,64,AdamW,,0.001,0.0,0.88838,0.5,412,0.22222,0.22222,412,0.88838,STOPPED
22,20250916_150010,gaitpart_GREW.csv,baseline_OUMVLP.csv,LSTM,42,256,uniform,1,[512],False,L2,0.1,[],[],attention,128.0,leakyrelu,False,64,AdamW,,0.001,0.0,0.05988,0.38636,218,0.36177,0.44803,214,0.13497,COMPLETED
23,20250916_150010,gaitpart_OUMVLP.csv,baseline_OUMVLP.csv,LSTM,42,256,uniform,1,[512],False,L2,0.1,[],[],attention,128.0,leakyrelu,False,64,AdamW,,0.001,0.0,0.08876,0.5,844,0.35054,0.36471,756,0.18505,COMPLETED
24,20250916_150010,gaitset.csv,baseline_OUMVLP.csv,LSTM,42,256,uniform,1,[512],False,L2,0.1,[],[],attention,128.0,leakyrelu,False,64,AdamW,,0.001,0.0,0.06438,0.31818,160,0.25129,0.35449,126,0.17433,COMPLETED
25,20250916_150010,gaitset_GREW.csv,baseline_OUMVLP.csv,LSTM,42,256,uniform,1,[512],False,L2,0.1,[],[],attention,128.0,leakyrelu,False,64,AdamW,,0.001,0.0,0.07655,0.40909,275,0.33191,0.38943,270,0.11056,COMPLETED
26,20250916_150010,gaitset_OUMVLP.csv,baseline_OUMVLP.csv,LSTM,42,256,uniform,1,[512],False,L2,0.1,[],[],attention,128.0,leakyrelu,False,64,AdamW,,0.001,0.0,0.09427,0.31818,637,0.27491,0.33659,552,0.19221,COMPLETED
27,20250916_150010,gln_phase1.csv,baseline_OUMVLP.csv,LSTM,42,256,uniform,1,[512],False,L2,0.1,[],[],attention,128.0,leakyrelu,False,64,AdamW,,0.001,0.0,0.08874,0.43182,156,0.38881,0.44502,155,0.0974,COMPLETED
28,20250916_150010,gln_phase2.csv,baseline_OUMVLP.csv,LSTM,42,256,uniform,1,[512],False,L2,0.1,[],[],attention,128.0,leakyrelu,False,64,AdamW,,0.001,0.0,0.08298,0.43182,237,0.37289,0.45443,230,0.10101,COMPLETED

29,20250916_150714,baseline_CASIAB.csv,gaitgl.csv,LSTM,42,256,decreasing,3,"[448, 384, 256]",True,minmax,0.4,[1],[],attention,128.0,gelu,True,96,AdamW,,0.0001,5e-07,1.00589,0.47727,108,0.21538,0.21538,108,1.00589,STOPPED
30,20250916_150714,baseline_OUMVLP.csv,gaitgl.csv,LSTM,42,256,decreasing,3,"[448, 384, 256]",True,minmax,0.4,[1],[],attention,128.0,gelu,True,96,AdamW,,0.0001,5e-07,1.00737,0.47727,105,0.21538,0.21538,105,1.00737,STOPPED
31,20250916_150714,gaitgl.csv,gaitgl.csv,LSTM,42,128,decreasing,3,"[448, 384, 256]",True,minmax,0.4,[1],[],attention,128.0,gelu,True,96,AdamW,,0.0001,5e-07,1.00865,0.47727,126,0.21538,0.21538,126,1.00865,STOPPED
32,20250916_150714,gaitgl_GREW.csv,gaitgl.csv,LSTM,42,256,decreasing,3,"[448, 384, 256]",True,minmax,0.4,[1],[],attention,128.0,gelu,True,96,AdamW,,0.0001,5e-07,1.00836,0.47727,132,0.21538,0.21538,132,1.00836,STOPPED
33,20250916_150714,gaitgl_GREW_BNNeck.csv,gaitgl.csv,LSTM,42,256,decreasing,3,"[448, 384, 256]",True,minmax,0.4,[1],[],attention,128.0,gelu,True,96,AdamW,,0.0001,5e-07,1.01186,0.47727,103,0.21538,0.21538,103,1.01186,STOPPED
34,20250916_150714,gaitgl_OUMVLP.csv,gaitgl.csv,LSTM,42,256,decreasing,3,"[448, 384, 256]",True,minmax,0.4,[1],[],attention,128.0,gelu,True,96,AdamW,,0.0001,5e-07,1.01149,0.47727,103,0.21538,0.21538,103,1.01149,STOPPED
35,20250916_150714,gaitpart.csv,gaitgl.csv,LSTM,42,128,decreasing,3,"[448, 384, 256]",True,minmax,0.4,[1],[],attention,128.0,gelu,True,96,AdamW,,0.0001,5e-07,0.88649,0.5,457,0.22222,0.22222,457,0.88649,STOPPED
36,20250916_150714,gaitpart_GREW.csv,gaitgl.csv,LSTM,42,256,decreasing,3,"[448, 384, 256]",True,minmax,0.4,[1],[],attention,128.0,gelu,True,96,AdamW,,0.0001,5e-07,1.00543,0.47727,106,0.21538,0.21538,106,1.00543,STOPPED
37,20250916_150714,gaitpart_OUMVLP.csv,gaitgl.csv,LSTM,42,256,decreasing,3,"[448, 384, 256]",True,minmax,0.4,[1],[],attention,128.0,gelu,True,96,AdamW,,0.0001,5e-07,1.00984,0.47727,107,0.21538,0.21538,107,1.00984,STOPPED
38,20250916_150714,gaitset.csv,gaitgl.csv,LSTM,42,256,decreasing,3,"[448, 384, 256]",True,minmax,0.4,[1],[],attention,128.0,gelu,True,96,AdamW,,0.0001,5e-07,1.00549,0.47727,128,0.21538,0.21538,128,1.00549,STOPPED
39,20250916_150714,gaitset_GREW.csv,gaitgl.csv,LSTM,42,256,decreasing,3,"[448, 384, 256]",True,minmax,0.4,[1],[],attention,128.0,gelu,True,96,AdamW,,0.0001,5e-07,1.00591,0.47727,104,0.21538,0.21538,104,1.00591,STOPPED
40,20250916_150714,gaitset_OUMVLP.csv,gaitgl.csv,LSTM,42,256,decreasing,3,"[448, 384, 256]",True,minmax,0.4,[1],[],attention,128.0,gelu,True,96,AdamW,,0.0001,5e-07,1.01396,0.47727,111,0.21538,0.21538,111,1.01396,STOPPED
41,20250916_150714,gln_phase1.csv,gaitgl.csv,LSTM,42,256,decreasing,3,"[448, 384, 256]",True,minmax,0.4,[1],[],attention,128.0,gelu,True,96,AdamW,,0.0001,5e-07,1.00592,0.47727,110,0.21538,0.21538,110,1.00592,STOPPED
42,20250916_150714,gln_phase2.csv,gaitgl.csv,LSTM,42,256,decreasing,3,"[448, 384, 256]",True,minmax,0.4,[1],[],attention,128.0,gelu,True,96,AdamW,,0.0001,5e-07,1.00664,0.47727,107,0.21538,0.21538,107,1.00664,STOPPED

43,20250916_151827,baseline_CASIAB.csv,gaitgl_GREW.csv,LSTM,42,256,uniform,3,"[64, 64, 64]",False,L2,0.1,"[1, 2]","[1, 2]",attention,,,False,16,AdamW,,0.01,1e-05,1.00922,0.47727,104,0.21538,0.21538,104,1.00922,STOPPED
44,20250916_151827,baseline_OUMVLP.csv,gaitgl_GREW.csv,LSTM,42,256,uniform,3,"[64, 64, 64]",False,L2,0.1,"[1, 2]","[1, 2]",attention,,,False,16,AdamW,,0.01,1e-05,1.00962,0.47727,104,0.21538,0.21538,104,1.00962,STOPPED
45,20250916_151827,gaitgl.csv,gaitgl_GREW.csv,LSTM,42,128,uniform,3,"[64, 64, 64]",False,L2,0.1,"[1, 2]","[1, 2]",attention,,,False,16,AdamW,,0.01,1e-05,1.00771,0.47727,104,0.21538,0.21538,104,1.00771,STOPPED
46,20250916_151827,gaitgl_GREW.csv,gaitgl_GREW.csv,LSTM,42,256,uniform,3,"[64, 64, 64]",False,L2,0.1,"[1, 2]","[1, 2]",attention,,,False,16,AdamW,,0.01,1e-05,1.00975,0.47727,103,0.21538,0.21538,103,1.00975,STOPPED
47,20250916_151827,gaitgl_GREW_BNNeck.csv,gaitgl_GREW.csv,LSTM,42,256,uniform,3,"[64, 64, 64]",False,L2,0.1,"[1, 2]","[1, 2]",attention,,,False,16,AdamW,,0.01,1e-05,1.00872,0.47727,153,0.21538,0.21538,153,1.00872,STOPPED
48,20250916_151827,gaitgl_OUMVLP.csv,gaitgl_GREW.csv,LSTM,42,256,uniform,3,"[64, 64, 64]",False,L2,0.1,"[1, 2]","[1, 2]",attention,,,False,16,AdamW,,0.01,1e-05,0.92605,0.5,279,0.25797,0.25797,279,0.92605,STOPPED
49,20250916_151827,gaitpart.csv,gaitgl_GREW.csv,LSTM,42,128,uniform,3,"[64, 64, 64]",False,L2,0.1,"[1, 2]","[1, 2]",attention,,,False,16,AdamW,,0.01,1e-05,0.91972,0.5,127,0.22222,0.22222,127,0.91972,STOPPED
50,20250916_151827,gaitpart_GREW.csv,gaitgl_GREW.csv,LSTM,42,256,uniform,3,"[64, 64, 64]",False,L2,0.1,"[1, 2]","[1, 2]",attention,,,False,16,AdamW,,0.01,1e-05,1.00744,0.47727,103,0.21538,0.21538,103,1.00744,STOPPED
51,20250916_151827,gaitpart_OUMVLP.csv,gaitgl_GREW.csv,LSTM,42,256,uniform,3,"[64, 64, 64]",False,L2,0.1,"[1, 2]","[1, 2]",attention,,,False,16,AdamW,,0.01,1e-05,1.00759,0.47727,141,0.21538,0.21538,141,1.00759,STOPPED
52,20250916_151827,gaitset.csv,gaitgl_GREW.csv,LSTM,42,256,uniform,3,"[64, 64, 64]",False,L2,0.1,"[1, 2]","[1, 2]",attention,,,False,16,AdamW,,0.01,1e-05,1.0083,0.47727,105,0.21538,0.21538,105,1.0083,STOPPED
53,20250916_151827,gaitset_GREW.csv,gaitgl_GREW.csv,LSTM,42,256,uniform,3,"[64, 64, 64]",False,L2,0.1,"[1, 2]","[1, 2]",attention,,,False,16,AdamW,,0.01,1e-05,1.00981,0.47727,106,0.21538,0.21538,106,1.00981,STOPPED
54,20250916_151827,gaitset_OUMVLP.csv,gaitgl_GREW.csv,LSTM,42,256,uniform,3,"[64, 64, 64]",False,L2,0.1,"[1, 2]","[1, 2]",attention,,,False,16,AdamW,,0.01,1e-05,1.01116,0.47727,102,0.21538,0.21538,102,1.01116,STOPPED
55,20250916_151827,gln_phase1.csv,gaitgl_GREW.csv,LSTM,42,256,uniform,3,"[64, 64, 64]",False,L2,0.1,"[1, 2]","[1, 2]",attention,,,False,16,AdamW,,0.01,1e-05,1.00969,0.47727,104,0.21538,0.21538,104,1.00969,STOPPED
56,20250916_151827,gln_phase2.csv,gaitgl_GREW.csv,LSTM,42,256,uniform,3,"[64, 64, 64]",False,L2,0.1,"[1, 2]","[1, 2]",attention,,,False,16,AdamW,,0.01,1e-05,1.00727,0.47727,102,0.21538,0.21538,102,1.00727,STOPPED

57,20250916_152815,baseline_CASIAB.csv,gaitgl_GREW_BNNeck.csv,LSTM,42,256,decreasing,3,"[256, 192, 128]",True,L2,0.4,[2],"[1, 2]",attention,512.0,elu,False,16,Adam,,0.0001,5e-07,0.03738,0.5,56,0.3967,0.45833,55,0.05903,COMPLETED
58,20250916_152815,baseline_OUMVLP.csv,gaitgl_GREW_BNNeck.csv,LSTM,42,256,decreasing,3,"[256, 192, 128]",True,L2,0.4,[2],"[1, 2]",attention,512.0,elu,False,16,Adam,,0.0001,5e-07,0.05394,0.54545,95,0.50268,0.52719,94,0.08335,COMPLETED
59,20250916_152815,gaitgl.csv,gaitgl_GREW_BNNeck.csv,LSTM,42,128,decreasing,3,"[256, 192, 128]",True,L2,0.4,[2],"[1, 2]",attention,512.0,elu,False,16,Adam,,0.0001,5e-07,0.04672,0.52273,45,0.47963,0.49671,44,0.07992,COMPLETED
60,20250916_152815,gaitgl_GREW.csv,gaitgl_GREW_BNNeck.csv,LSTM,42,256,decreasing,3,"[256, 192, 128]",True,L2,0.4,[2],"[1, 2]",attention,512.0,elu,False,16,Adam,,0.0001,5e-07,0.0385,0.54545,44,0.49448,0.49448,44,0.0385,COMPLETED
61,20250916_152815,gaitgl_GREW_BNNeck.csv,gaitgl_GREW_BNNeck.csv,LSTM,42,256,decreasing,3,"[256, 192, 128]",True,L2,0.4,[2],"[1, 2]",attention,512.0,elu,False,16,Adam,,0.0001,5e-07,0.0504,0.43182,62,0.37249,0.40863,59,0.11971,COMPLETED
62,20250916_152815,gaitgl_OUMVLP.csv,gaitgl_GREW_BNNeck.csv,LSTM,42,256,decreasing,3,"[256, 192, 128]",True,L2,0.4,[2],"[1, 2]",attention,512.0,elu,False,16,Adam,,0.0001,5e-07,0.05973,0.5,79,0.46407,0.46795,78,0.07982,COMPLETED
63,20250916_152815,gaitpart.csv,gaitgl_GREW_BNNeck.csv,LSTM,42,128,decreasing,3,"[256, 192, 128]",True,L2,0.4,[2],"[1, 2]",attention,512.0,elu,False,16,Adam,,0.0001,5e-07,0.90163,0.5,106,0.22222,0.22222,106,0.90163,STOPPED
64,20250916_152815,gaitpart_GREW.csv,gaitgl_GREW_BNNeck.csv,LSTM,42,256,decreasing,3,"[256, 192, 128]",True,L2,0.4,[2],"[1, 2]",attention,512.0,elu,False,16,Adam,,0.0001,5e-07,0.06016,0.5,92,0.43832,0.44443,90,0.07076,COMPLETED
65,20250916_152815,gaitpart_OUMVLP.csv,gaitgl_GREW_BNNeck.csv,LSTM,42,256,decreasing,3,"[256, 192, 128]",True,L2,0.4,[2],"[1, 2]",attention,512.0,elu,False,16,Adam,,0.0001,5e-07,0.04446,0.54545,147,0.40513,0.40908,145,0.09558,COMPLETED
66,20250916_152815,gaitset.csv,gaitgl_GREW_BNNeck.csv,LSTM,42,256,decreasing,3,"[256, 192, 128]",True,L2,0.4,[2],"[1, 2]",attention,512.0,elu,False,16,Adam,,0.0001,5e-07,0.06551,0.45455,56,0.30505,0.3583,52,0.1139,COMPLETED
67,20250916_152815,gaitset_GREW.csv,gaitgl_GREW_BNNeck.csv,LSTM,42,256,decreasing,3,"[256, 192, 128]",True,L2,0.4,[2],"[1, 2]",attention,512.0,elu,False,16,Adam,,0.0001,5e-07,0.06967,0.43182,101,0.26207,0.40678,96,0.14202,COMPLETED
68,20250916_152815,gaitset_OUMVLP.csv,gaitgl_GREW_BNNeck.csv,LSTM,42,256,decreasing,3,"[256, 192, 128]",True,L2,0.4,[2],"[1, 2]",attention,512.0,elu,False,16,Adam,,0.0001,5e-07,0.07876,0.31818,186,0.2482,0.31759,178,0.14397,COMPLETED
69,20250916_152815,gln_phase1.csv,gaitgl_GREW_BNNeck.csv,LSTM,42,256,decreasing,3,"[256, 192, 128]",True,L2,0.4,[2],"[1, 2]",attention,512.0,elu,False,16,Adam,,0.0001,5e-07,0.09039,0.52273,62,0.38194,0.43761,60,0.09642,COMPLETED
70,20250916_152815,gln_phase2.csv,gaitgl_GREW_BNNeck.csv,LSTM,42,256,decreasing,3,"[256, 192, 128]",True,L2,0.4,[2],"[1, 2]",attention,512.0,elu,False,16,Adam,,0.0001,5e-07,0.03916,0.45455,84,0.41868,0.45238,81,0.16796,COMPLETED

71,20250916_153853,baseline_CASIAB.csv,gaitgl_OUMVLP.csv,LSTM,42,256,decreasing,1,[384],False,L2,0.4,[],[],attention,512.0,tanh,True,16,RMSprop,,5e-05,1e-07,0.04541,0.56818,269,0.52366,0.52751,233,0.17619,COMPLETED
72,20250916_153853,baseline_OUMVLP.csv,gaitgl_OUMVLP.csv,LSTM,42,256,decreasing,1,[384],False,L2,0.4,[],[],attention,512.0,tanh,True,16,RMSprop,,5e-05,1e-07,0.03983,0.5,400,0.42174,0.51603,315,0.13937,COMPLETED
73,20250916_153853,gaitgl.csv,gaitgl_OUMVLP.csv,LSTM,42,128,decreasing,1,[384],False,L2,0.4,[],[],attention,512.0,tanh,True,16,RMSprop,,5e-05,1e-07,0.08877,0.45455,173,0.3325,0.41144,164,0.16801,COMPLETED
74,20250916_153853,gaitgl_GREW.csv,gaitgl_OUMVLP.csv,LSTM,42,256,decreasing,1,[384],False,L2,0.4,[],[],attention,512.0,tanh,True,16,RMSprop,,5e-05,1e-07,0.09985,0.43182,151,0.35507,0.43485,145,0.13542,COMPLETED
75,20250916_153853,gaitgl_GREW_BNNeck.csv,gaitgl_OUMVLP.csv,LSTM,42,256,decreasing,1,[384],False,L2,0.4,[],[],attention,512.0,tanh,True,16,RMSprop,,5e-05,1e-07,0.08671,0.34091,249,0.28816,0.33838,240,0.14065,COMPLETED
76,20250916_153853,gaitgl_OUMVLP.csv,gaitgl_OUMVLP.csv,LSTM,42,256,decreasing,1,[384],False,L2,0.4,[],[],attention,512.0,tanh,True,16,RMSprop,,5e-05,1e-07,0.07905,0.38636,378,0.23675,0.36419,344,0.14482,COMPLETED
77,20250916_153853,gaitpart.csv,gaitgl_OUMVLP.csv,LSTM,42,128,decreasing,1,[384],False,L2,0.4,[],[],attention,512.0,tanh,True,16,RMSprop,,5e-05,1e-07,0.0765,0.33333,657,0.26667,0.38889,620,0.15868,COMPLETED
78,20250916_153853,gaitpart_GREW.csv,gaitgl_OUMVLP.csv,LSTM,42,256,decreasing,1,[384],False,L2,0.4,[],[],attention,512.0,tanh,True,16,RMSprop,,5e-05,1e-07,0.05729,0.52273,310,0.42453,0.44444,266,0.12353,COMPLETED
79,20250916_153853,gaitpart_OUMVLP.csv,gaitgl_OUMVLP.csv,LSTM,42,256,decreasing,1,[384],False,L2,0.4,[],[],attention,512.0,tanh,True,16,RMSprop,,5e-05,1e-07,0.07139,0.36364,614,0.28438,0.45,547,0.13427,COMPLETED
80,20250916_153853,gaitset.csv,gaitgl_OUMVLP.csv,LSTM,42,256,decreasing,1,[384],False,L2,0.4,[],[],attention,512.0,tanh,True,16,RMSprop,,5e-05,1e-07,0.0463,0.40909,269,0.35159,0.41636,234,0.1881,COMPLETED
81,20250916_153853,gaitset_GREW.csv,gaitgl_OUMVLP.csv,LSTM,42,256,decreasing,1,[384],False,L2,0.4,[],[],attention,512.0,tanh,True,16,RMSprop,,5e-05,1e-07,0.09443,0.52273,280,0.36111,0.43056,275,0.08612,COMPLETED
82,20250916_153853,gaitset_OUMVLP.csv,gaitgl_OUMVLP.csv,LSTM,42,256,decreasing,1,[384],False,L2,0.4,[],[],attention,512.0,tanh,True,16,RMSprop,,5e-05,1e-07,0.05442,0.45455,760,0.41667,0.49327,650,0.17531,COMPLETED
83,20250916_153853,gln_phase1.csv,gaitgl_OUMVLP.csv,LSTM,42,256,decreasing,1,[384],False,L2,0.4,[],[],attention,512.0,tanh,True,16,RMSprop,,5e-05,1e-07,0.07043,0.45455,302,0.41045,0.46412,295,0.16324,COMPLETED
84,20250916_153853,gln_phase2.csv,gaitgl_OUMVLP.csv,LSTM,42,256,decreasing,1,[384],False,L2,0.4,[],[],attention,512.0,tanh,True,16,RMSprop,,5e-05,1e-07,0.08885,0.45455,259,0.30514,0.42837,248,0.08203,COMPLETED

85,20250916_155322,baseline_CASIAB.csv,gaitpart.csv,LSTM,42,256,increasing,4,"[128, 192, 256, 384]",False,L2,0.0,"[2, 3]","[1, 2]",attention,128.0,leakyrelu,False,64,AdamW,,0.001,1e-05,0.03611,0.36364,302,0.27247,0.29524,296,0.15709,COMPLETED
86,20250916_155322,baseline_OUMVLP.csv,gaitpart.csv,LSTM,42,256,increasing,4,"[128, 192, 256, 384]",False,L2,0.0,"[2, 3]","[1, 2]",attention,128.0,leakyrelu,False,64,AdamW,,0.001,1e-05,0.09227,0.45455,384,0.41358,0.45877,380,0.11642,COMPLETED
87,20250916_155322,gaitgl.csv,gaitpart.csv,LSTM,42,128,increasing,4,"[128, 192, 256, 384]",False,L2,0.0,"[2, 3]","[1, 2]",attention,128.0,leakyrelu,False,64,AdamW,,0.001,1e-05,0.06907,0.47727,189,0.37381,0.40096,186,0.10428,COMPLETED
88,20250916_155322,gaitgl_GREW.csv,gaitpart.csv,LSTM,42,256,increasing,4,"[128, 192, 256, 384]",False,L2,0.0,"[2, 3]","[1, 2]",attention,128.0,leakyrelu,False,64,AdamW,,0.001,1e-05,0.06106,0.43182,177,0.30556,0.42679,171,0.1514,COMPLETED
89,20250916_155322,gaitgl_GREW_BNNeck.csv,gaitpart.csv,LSTM,42,256,increasing,4,"[128, 192, 256, 384]",False,L2,0.0,"[2, 3]","[1, 2]",attention,128.0,leakyrelu,False,64,AdamW,,0.001,1e-05,0.06429,0.47727,358,0.40604,0.40604,358,0.06429,COMPLETED
90,20250916_155322,gaitgl_OUMVLP.csv,gaitpart.csv,LSTM,42,256,increasing,4,"[128, 192, 256, 384]",False,L2,0.0,"[2, 3]","[1, 2]",attention,128.0,leakyrelu,False,64,AdamW,,0.001,1e-05,0.04613,0.40909,312,0.35767,0.38778,307,0.14884,COMPLETED
91,20250916_155322,gaitpart.csv,gaitpart.csv,LSTM,42,128,increasing,4,"[128, 192, 256, 384]",False,L2,0.0,"[2, 3]","[1, 2]",attention,128.0,leakyrelu,False,64,AdamW,,0.001,1e-05,0.85173,0.5,219,0.22222,0.22222,219,0.85173,STOPPED
92,20250916_155322,gaitpart_GREW.csv,gaitpart.csv,LSTM,42,256,increasing,4,"[128, 192, 256, 384]",False,L2,0.0,"[2, 3]","[1, 2]",attention,128.0,leakyrelu,False,64,AdamW,,0.001,1e-05,1.04571,0.47727,107,0.21538,0.21538,107,1.04571,STOPPED
93,20250916_155322,gaitpart_OUMVLP.csv,gaitpart.csv,LSTM,42,256,increasing,4,"[128, 192, 256, 384]",False,L2,0.0,"[2, 3]","[1, 2]",attention,128.0,leakyrelu,False,64,AdamW,,0.001,1e-05,0.84716,0.47727,476,0.34126,0.34126,476,0.84716,STOPPED
94,20250916_155322,gaitset.csv,gaitpart.csv,LSTM,42,256,increasing,4,"[128, 192, 256, 384]",False,L2,0.0,"[2, 3]","[1, 2]",attention,128.0,leakyrelu,False,64,AdamW,,0.001,1e-05,0.06894,0.38636,162,0.2963,0.34626,134,0.17145,COMPLETED
95,20250916_155322,gaitset_GREW.csv,gaitpart.csv,LSTM,42,256,increasing,4,"[128, 192, 256, 384]",False,L2,0.0,"[2, 3]","[1, 2]",attention,128.0,leakyrelu,False,64,AdamW,,0.001,1e-05,0.07841,0.36364,697,0.28788,0.34071,666,0.19434,COMPLETED
96,20250916_155322,gaitset_OUMVLP.csv,gaitpart.csv,LSTM,42,256,increasing,4,"[128, 192, 256, 384]",False,L2,0.0,"[2, 3]","[1, 2]",attention,128.0,leakyrelu,False,64,AdamW,,0.001,1e-05,1.00709,0.47727,105,0.21538,0.21538,105,1.00709,STOPPED
97,20250916_155322,gln_phase1.csv,gaitpart.csv,LSTM,42,256,increasing,4,"[128, 192, 256, 384]",False,L2,0.0,"[2, 3]","[1, 2]",attention,128.0,leakyrelu,False,64,AdamW,,0.001,1e-05,1.00614,0.47727,172,0.21538,0.21538,172,1.00614,STOPPED
98,20250916_155322,gln_phase2.csv,gaitpart.csv,LSTM,42,256,increasing,4,"[128, 192, 256, 384]",False,L2,0.0,"[2, 3]","[1, 2]",attention,128.0,leakyrelu,False,64,AdamW,,0.001,1e-05,1.00786,0.47727,118,0.21538,0.21538,118,1.00786,STOPPED

99,20250916_160413,baseline_CASIAB.csv,gaitpart_GREW.csv,LSTM,42,256,decreasing,1,[256],False,minmax,0.0,[],[],attention,128.0,gelu,True,96,Adam,,0.0002,1e-06,1.00573,0.47727,115,0.21538,0.21538,115,1.00573,STOPPED
100,20250916_160413,baseline_OUMVLP.csv,gaitpart_GREW.csv,LSTM,42,256,decreasing,1,[256],False,minmax,0.0,[],[],attention,128.0,gelu,True,96,Adam,,0.0002,1e-06,1.00621,0.47727,107,0.21538,0.21538,107,1.00621,STOPPED
101,20250916_160413,gaitgl.csv,gaitpart_GREW.csv,LSTM,42,128,decreasing,1,[256],False,minmax,0.0,[],[],attention,128.0,gelu,True,96,Adam,,0.0002,1e-06,1.00517,0.47727,105,0.21538,0.21538,105,1.00517,STOPPED
102,20250916_160413,gaitgl_GREW.csv,gaitpart_GREW.csv,LSTM,42,256,decreasing,1,[256],False,minmax,0.0,[],[],attention,128.0,gelu,True,96,Adam,,0.0002,1e-06,1.00542,0.47727,107,0.21538,0.21538,107,1.00542,STOPPED
103,20250916_160413,gaitgl_GREW_BNNeck.csv,gaitpart_GREW.csv,LSTM,42,256,decreasing,1,[256],False,minmax,0.0,[],[],attention,128.0,gelu,True,96,Adam,,0.0002,1e-06,1.00631,0.47727,112,0.21538,0.21538,112,1.00631,STOPPED
104,20250916_160413,gaitgl_OUMVLP.csv,gaitpart_GREW.csv,LSTM,42,256,decreasing,1,[256],False,minmax,0.0,[],[],attention,128.0,gelu,True,96,Adam,,0.0002,1e-06,1.00627,0.47727,103,0.21538,0.21538,103,1.00627,STOPPED
105,20250916_160413,gaitpart.csv,gaitpart_GREW.csv,LSTM,42,128,decreasing,1,[256],False,minmax,0.0,[],[],attention,128.0,gelu,True,96,Adam,,0.0002,1e-06,0.8563,0.5,444,0.22222,0.22222,444,0.8563,STOPPED
106,20250916_160413,gaitpart_GREW.csv,gaitpart_GREW.csv,LSTM,42,256,decreasing,1,[256],False,minmax,0.0,[],[],attention,128.0,gelu,True,96,Adam,,0.0002,1e-06,1.00594,0.47727,104,0.21538,0.21538,104,1.00594,STOPPED
107,20250916_160413,gaitpart_OUMVLP.csv,gaitpart_GREW.csv,LSTM,42,256,decreasing,1,[256],False,minmax,0.0,[],[],attention,128.0,gelu,True,96,Adam,,0.0002,1e-06,1.01354,0.47727,109,0.21538,0.21538,109,1.01354,STOPPED
108,20250916_160413,gaitset.csv,gaitpart_GREW.csv,LSTM,42,256,decreasing,1,[256],False,minmax,0.0,[],[],attention,128.0,gelu,True,96,Adam,,0.0002,1e-06,1.00655,0.47727,108,0.21538,0.21538,108,1.00655,STOPPED
109,20250916_160413,gaitset_GREW.csv,gaitpart_GREW.csv,LSTM,42,256,decreasing,1,[256],False,minmax,0.0,[],[],attention,128.0,gelu,True,96,Adam,,0.0002,1e-06,1.00571,0.47727,105,0.21538,0.21538,105,1.00571,STOPPED
110,20250916_160413,gaitset_OUMVLP.csv,gaitpart_GREW.csv,LSTM,42,256,decreasing,1,[256],False,minmax,0.0,[],[],attention,128.0,gelu,True,96,Adam,,0.0002,1e-06,1.00596,0.47727,119,0.21538,0.21538,119,1.00596,STOPPED
111,20250916_160413,gln_phase1.csv,gaitpart_GREW.csv,LSTM,42,256,decreasing,1,[256],False,minmax,0.0,[],[],attention,128.0,gelu,True,96,Adam,,0.0002,1e-06,1.00778,0.47727,119,0.21538,0.21538,119,1.00778,STOPPED
112,20250916_160413,gln_phase2.csv,gaitpart_GREW.csv,LSTM,42,256,decreasing,1,[256],False,minmax,0.0,[],[],attention,128.0,gelu,True,96,Adam,,0.0002,1e-06,1.01269,0.47727,108,0.21538,0.21538,108,1.01269,STOPPED

113,20250916_160606,baseline_CASIAB.csv,gaitpart_OUMVLP.csv,LSTM,42,256,decreasing,1,[448],False,L2,0.0,[],[],attention,64.0,tanh,True,16,AdamW,,0.0001,1e-06,0.05703,0.54545,94,0.44496,0.47133,80,0.16728,COMPLETED
114,20250916_160606,baseline_OUMVLP.csv,gaitpart_OUMVLP.csv,LSTM,42,256,decreasing,1,[448],False,L2,0.0,[],[],attention,64.0,tanh,True,16,AdamW,,0.0001,1e-06,0.07108,0.54545,127,0.4596,0.55039,117,0.13921,COMPLETED
115,20250916_160606,gaitgl.csv,gaitpart_OUMVLP.csv,LSTM,42,128,decreasing,1,[448],False,L2,0.0,[],[],attention,64.0,tanh,True,16,AdamW,,0.0001,1e-06,0.07298,0.47727,61,0.43876,0.48754,51,0.18643,COMPLETED
116,20250916_160606,gaitgl_GREW.csv,gaitpart_OUMVLP.csv,LSTM,42,256,decreasing,1,[448],False,L2,0.0,[],[],attention,64.0,tanh,True,16,AdamW,,0.0001,1e-06,0.06179,0.5,48,0.47494,0.50354,45,0.12034,COMPLETED
117,20250916_160606,gaitgl_GREW_BNNeck.csv,gaitpart_OUMVLP.csv,LSTM,42,256,decreasing,1,[448],False,L2,0.0,[],[],attention,64.0,tanh,True,16,AdamW,,0.0001,1e-06,0.07732,0.40909,79,0.3172,0.3172,79,0.07732,COMPLETED
118,20250916_160606,gaitgl_OUMVLP.csv,gaitpart_OUMVLP.csv,LSTM,42,256,decreasing,1,[448],False,L2,0.0,[],[],attention,64.0,tanh,True,16,AdamW,,0.0001,1e-06,0.08062,0.5,125,0.4135,0.49304,118,0.12983,COMPLETED
119,20250916_160606,gaitpart.csv,gaitpart_OUMVLP.csv,LSTM,42,128,decreasing,1,[448],False,L2,0.0,[],[],attention,64.0,tanh,True,16,AdamW,,0.0001,1e-06,0.08865,0.33333,421,0.26667,0.35556,375,0.1913,COMPLETED
120,20250916_160606,gaitpart_GREW.csv,gaitpart_OUMVLP.csv,LSTM,42,256,decreasing,1,[448],False,L2,0.0,[],[],attention,64.0,tanh,True,16,AdamW,,0.0001,1e-06,0.08108,0.47727,94,0.44899,0.44899,94,0.08108,COMPLETED
121,20250916_160606,gaitpart_OUMVLP.csv,gaitpart_OUMVLP.csv,LSTM,42,256,decreasing,1,[448],False,L2,0.0,[],[],attention,64.0,tanh,True,16,AdamW,,0.0001,1e-06,0.08848,0.31818,222,0.24074,0.35714,205,0.14546,COMPLETED
122,20250916_160606,gaitset.csv,gaitpart_OUMVLP.csv,LSTM,42,256,decreasing,1,[448],False,L2,0.0,[],[],attention,64.0,tanh,True,16,AdamW,,0.0001,1e-06,0.08148,0.36364,109,0.30386,0.43444,104,0.19383,COMPLETED
123,20250916_160606,gaitset_GREW.csv,gaitpart_OUMVLP.csv,LSTM,42,256,decreasing,1,[448],False,L2,0.0,[],[],attention,64.0,tanh,True,16,AdamW,,0.0001,1e-06,0.05965,0.40909,98,0.35518,0.46864,94,0.14569,COMPLETED
124,20250916_160606,gaitset_OUMVLP.csv,gaitpart_OUMVLP.csv,LSTM,42,256,decreasing,1,[448],False,L2,0.0,[],[],attention,64.0,tanh,True,16,AdamW,,0.0001,1e-06,0.09331,0.5,267,0.45424,0.45857,234,0.13906,COMPLETED
125,20250916_160606,gln_phase1.csv,gaitpart_OUMVLP.csv,LSTM,42,256,decreasing,1,[448],False,L2,0.0,[],[],attention,64.0,tanh,True,16,AdamW,,0.0001,1e-06,0.0512,0.38636,95,0.30427,0.44444,87,0.104,COMPLETED
126,20250916_160606,gln_phase2.csv,gaitpart_OUMVLP.csv,LSTM,42,256,decreasing,1,[448],False,L2,0.0,[],[],attention,64.0,tanh,True,16,AdamW,,0.0001,1e-06,0.091,0.54545,79,0.45823,0.49402,78,0.09492,COMPLETED

127,20250916_161156,baseline_CASIAB.csv,gaitset.csv,LSTM,42,256,decreasing,3,"[256, 192, 128]",True,L2,0.2,"[1, 2]",[1],attention,1024.0,gelu,True,96,AdamW,,0.001,1e-05,1.00753,0.47727,114,0.21538,0.21538,114,1.00753,STOPPED
128,20250916_161156,baseline_OUMVLP.csv,gaitset.csv,LSTM,42,256,decreasing,3,"[256, 192, 128]",True,L2,0.2,"[1, 2]",[1],attention,1024.0,gelu,True,96,AdamW,,0.001,1e-05,1.0197,0.47727,126,0.21538,0.21538,126,1.0197,STOPPED
129,20250916_161156,gaitgl.csv,gaitset.csv,LSTM,42,128,decreasing,3,"[256, 192, 128]",True,L2,0.2,"[1, 2]",[1],attention,1024.0,gelu,True,96,AdamW,,0.001,1e-05,1.00665,0.47727,111,0.21538,0.21538,111,1.00665,STOPPED
130,20250916_161156,gaitgl_GREW.csv,gaitset.csv,LSTM,42,256,decreasing,3,"[256, 192, 128]",True,L2,0.2,"[1, 2]",[1],attention,1024.0,gelu,True,96,AdamW,,0.001,1e-05,1.00462,0.47727,189,0.21538,0.21538,189,1.00462,STOPPED
131,20250916_161156,gaitgl_GREW_BNNeck.csv,gaitset.csv,LSTM,42,256,decreasing,3,"[256, 192, 128]",True,L2,0.2,"[1, 2]",[1],attention,1024.0,gelu,True,96,AdamW,,0.001,1e-05,1.01037,0.47727,111,0.21538,0.21538,111,1.01037,STOPPED
132,20250916_161156,gaitgl_OUMVLP.csv,gaitset.csv,LSTM,42,256,decreasing,3,"[256, 192, 128]",True,L2,0.2,"[1, 2]",[1],attention,1024.0,gelu,True,96,AdamW,,0.001,1e-05,1.01748,0.36364,113,0.17778,0.17778,113,1.01748,STOPPED
133,20250916_161156,gaitpart.csv,gaitset.csv,LSTM,42,128,decreasing,3,"[256, 192, 128]",True,L2,0.2,"[1, 2]",[1],attention,1024.0,gelu,True,96,AdamW,,0.001,1e-05,0.90251,0.5,378,0.22222,0.22222,378,0.90251,STOPPED
134,20250916_161156,gaitpart_GREW.csv,gaitset.csv,LSTM,42,256,decreasing,3,"[256, 192, 128]",True,L2,0.2,"[1, 2]",[1],attention,1024.0,gelu,True,96,AdamW,,0.001,1e-05,1.01987,0.47727,110,0.21538,0.21538,110,1.01987,STOPPED
135,20250916_161156,gaitpart_OUMVLP.csv,gaitset.csv,LSTM,42,256,decreasing,3,"[256, 192, 128]",True,L2,0.2,"[1, 2]",[1],attention,1024.0,gelu,True,96,AdamW,,0.001,1e-05,1.01203,0.47727,181,0.21538,0.21538,181,1.01203,STOPPED
136,20250916_161156,gaitset.csv,gaitset.csv,LSTM,42,256,decreasing,3,"[256, 192, 128]",True,L2,0.2,"[1, 2]",[1],attention,1024.0,gelu,True,96,AdamW,,0.001,1e-05,1.0116,0.47727,121,0.21538,0.21538,121,1.0116,STOPPED
137,20250916_161156,gaitset_GREW.csv,gaitset.csv,LSTM,42,256,decreasing,3,"[256, 192, 128]",True,L2,0.2,"[1, 2]",[1],attention,1024.0,gelu,True,96,AdamW,,0.001,1e-05,1.01001,0.47727,107,0.21538,0.21538,107,1.01001,STOPPED
138,20250916_161156,gaitset_OUMVLP.csv,gaitset.csv,LSTM,42,256,decreasing,3,"[256, 192, 128]",True,L2,0.2,"[1, 2]",[1],attention,1024.0,gelu,True,96,AdamW,,0.001,1e-05,1.00587,0.47727,112,0.21538,0.21538,112,1.00587,STOPPED
139,20250916_161156,gln_phase1.csv,gaitset.csv,LSTM,42,256,decreasing,3,"[256, 192, 128]",True,L2,0.2,"[1, 2]",[1],attention,1024.0,gelu,True,96,AdamW,,0.001,1e-05,1.0078,0.47727,115,0.21538,0.21538,115,1.0078,STOPPED
140,20250916_161156,gln_phase2.csv,gaitset.csv,LSTM,42,256,decreasing,3,"[256, 192, 128]",True,L2,0.2,"[1, 2]",[1],attention,1024.0,gelu,True,96,AdamW,,0.001,1e-05,1.00575,0.47727,169,0.21538,0.21538,169,1.00575,STOPPED

141,20250916_161732,baseline_CASIAB.csv,gaitset_GREW.csv,LSTM,42,256,decreasing,2,"[640, 512]",True,minmax,0.3,[],[1],attention,64.0,gelu,False,96,AdamW,,0.0001,0.0,1.00499,0.47727,109,0.21538,0.21538,109,1.00499,STOPPED
142,20250916_161732,baseline_OUMVLP.csv,gaitset_GREW.csv,LSTM,42,256,decreasing,2,"[640, 512]",True,minmax,0.3,[],[1],attention,64.0,gelu,False,96,AdamW,,0.0001,0.0,1.00544,0.47727,103,0.21538,0.21538,103,1.00544,STOPPED
143,20250916_161732,gaitgl.csv,gaitset_GREW.csv,LSTM,42,128,decreasing,2,"[640, 512]",True,minmax,0.3,[],[1],attention,64.0,gelu,False,96,AdamW,,0.0001,0.0,1.00677,0.47727,120,0.21538,0.21538,120,1.00677,STOPPED
144,20250916_161732,gaitgl_GREW.csv,gaitset_GREW.csv,LSTM,42,256,decreasing,2,"[640, 512]",True,minmax,0.3,[],[1],attention,64.0,gelu,False,96,AdamW,,0.0001,0.0,1.00623,0.47727,103,0.21538,0.21538,103,1.00623,STOPPED
145,20250916_161732,gaitgl_GREW_BNNeck.csv,gaitset_GREW.csv,LSTM,42,256,decreasing,2,"[640, 512]",True,minmax,0.3,[],[1],attention,64.0,gelu,False,96,AdamW,,0.0001,0.0,1.00611,0.47727,102,0.21538,0.21538,102,1.00611,STOPPED
146,20250916_161732,gaitgl_OUMVLP.csv,gaitset_GREW.csv,LSTM,42,256,decreasing,2,"[640, 512]",True,minmax,0.3,[],[1],attention,64.0,gelu,False,96,AdamW,,0.0001,0.0,1.00806,0.47727,107,0.21538,0.21538,107,1.00806,STOPPED
147,20250916_161732,gaitpart.csv,gaitset_GREW.csv,LSTM,42,128,decreasing,2,"[640, 512]",True,minmax,0.3,[],[1],attention,64.0,gelu,False,96,AdamW,,0.0001,0.0,0.36435,0.33333,409,0.24444,0.45238,277,0.19889,STOPPED
148,20250916_161732,gaitpart_GREW.csv,gaitset_GREW.csv,LSTM,42,256,decreasing,2,"[640, 512]",True,minmax,0.3,[],[1],attention,64.0,gelu,False,96,AdamW,,0.0001,0.0,1.00548,0.47727,103,0.21538,0.21538,103,1.00548,STOPPED
149,20250916_161732,gaitpart_OUMVLP.csv,gaitset_GREW.csv,LSTM,42,256,decreasing,2,"[640, 512]",True,minmax,0.3,[],[1],attention,64.0,gelu,False,96,AdamW,,0.0001,0.0,1.00535,0.47727,103,0.21538,0.21538,103,1.00535,STOPPED
150,20250916_161732,gaitset.csv,gaitset_GREW.csv,LSTM,42,256,decreasing,2,"[640, 512]",True,minmax,0.3,[],[1],attention,64.0,gelu,False,96,AdamW,,0.0001,0.0,1.00568,0.47727,104,0.21538,0.21538,104,1.00568,STOPPED
151,20250916_161732,gaitset_GREW.csv,gaitset_GREW.csv,LSTM,42,256,decreasing,2,"[640, 512]",True,minmax,0.3,[],[1],attention,64.0,gelu,False,96,AdamW,,0.0001,0.0,1.0055,0.47727,105,0.21538,0.21538,105,1.0055,STOPPED
152,20250916_161732,gaitset_OUMVLP.csv,gaitset_GREW.csv,LSTM,42,256,decreasing,2,"[640, 512]",True,minmax,0.3,[],[1],attention,64.0,gelu,False,96,AdamW,,0.0001,0.0,1.00609,0.47727,105,0.21538,0.21538,105,1.00609,STOPPED
153,20250916_161732,gln_phase1.csv,gaitset_GREW.csv,LSTM,42,256,decreasing,2,"[640, 512]",True,minmax,0.3,[],[1],attention,64.0,gelu,False,96,AdamW,,0.0001,0.0,1.00714,0.47727,104,0.21538,0.21538,104,1.00714,STOPPED
154,20250916_161732,gln_phase2.csv,gaitset_GREW.csv,LSTM,42,256,decreasing,2,"[640, 512]",True,minmax,0.3,[],[1],attention,64.0,gelu,False,96,AdamW,,0.0001,0.0,1.00562,0.47727,102,0.21538,0.21538,102,1.00562,STOPPED

155,20250916_162938,baseline_CASIAB.csv,gaitset_OUMVLP.csv,LSTM,42,256,decreasing,3,"[384, 256, 192]",False,L2,0.3,[2],"[1, 2]",attention,1024.0,gelu,True,16,AdamW,,0.0002,2e-06,0.06194,0.38636,51,0.35407,0.35407,51,0.06194,COMPLETED
156,20250916_162938,baseline_OUMVLP.csv,gaitset_OUMVLP.csv,LSTM,42,256,decreasing,3,"[384, 256, 192]",False,L2,0.3,[2],"[1, 2]",attention,1024.0,gelu,True,16,AdamW,,0.0002,2e-06,0.03466,0.47727,74,0.3945,0.3945,74,0.03466,COMPLETED
157,20250916_162938,gaitgl.csv,gaitset_OUMVLP.csv,LSTM,42,128,decreasing,3,"[384, 256, 192]",False,L2,0.3,[2],"[1, 2]",attention,1024.0,gelu,True,16,AdamW,,0.0002,2e-06,0.02431,0.36364,38,0.23671,0.33116,35,0.13745,COMPLETED
158,20250916_162938,gaitgl_GREW.csv,gaitset_OUMVLP.csv,LSTM,42,256,decreasing,3,"[384, 256, 192]",False,L2,0.3,[2],"[1, 2]",attention,1024.0,gelu,True,16,AdamW,,0.0002,2e-06,0.0807,0.5,29,0.34991,0.37804,27,0.08391,COMPLETED
159,20250916_162938,gaitgl_GREW_BNNeck.csv,gaitset_OUMVLP.csv,LSTM,42,256,decreasing,3,"[384, 256, 192]",False,L2,0.3,[2],"[1, 2]",attention,1024.0,gelu,True,16,AdamW,,0.0002,2e-06,0.05655,0.34091,86,0.2672,0.31845,75,0.14195,COMPLETED
160,20250916_162938,gaitgl_OUMVLP.csv,gaitset_OUMVLP.csv,LSTM,42,256,decreasing,3,"[384, 256, 192]",False,L2,0.3,[2],"[1, 2]",attention,1024.0,gelu,True,16,AdamW,,0.0002,2e-06,0.01725,0.52273,58,0.48473,0.50774,56,0.05239,COMPLETED
161,20250916_162938,gaitpart.csv,gaitset_OUMVLP.csv,LSTM,42,128,decreasing,3,"[384, 256, 192]",False,L2,0.3,[2],"[1, 2]",attention,1024.0,gelu,True,16,AdamW,,0.0002,2e-06,0.05273,0.66667,511,0.5,0.5,506,0.17966,COMPLETED
162,20250916_162938,gaitpart_GREW.csv,gaitset_OUMVLP.csv,LSTM,42,256,decreasing,3,"[384, 256, 192]",False,L2,0.3,[2],"[1, 2]",attention,1024.0,gelu,True,16,AdamW,,0.0002,2e-06,0.01147,0.45455,103,0.36247,0.48025,97,0.18076,COMPLETED
163,20250916_162938,gaitpart_OUMVLP.csv,gaitset_OUMVLP.csv,LSTM,42,256,decreasing,3,"[384, 256, 192]",False,L2,0.3,[2],"[1, 2]",attention,1024.0,gelu,True,16,AdamW,,0.0002,2e-06,0.09694,0.45455,124,0.30079,0.43965,110,0.17533,COMPLETED
164,20250916_162938,gaitset.csv,gaitset_OUMVLP.csv,LSTM,42,256,decreasing,3,"[384, 256, 192]",False,L2,0.3,[2],"[1, 2]",attention,1024.0,gelu,True,16,AdamW,,0.0002,2e-06,0.06214,0.5,49,0.42251,0.47151,48,0.08386,COMPLETED
165,20250916_162938,gaitset_GREW.csv,gaitset_OUMVLP.csv,LSTM,42,256,decreasing,3,"[384, 256, 192]",False,L2,0.3,[2],"[1, 2]",attention,1024.0,gelu,True,16,AdamW,,0.0002,2e-06,0.03753,0.38636,121,0.292,0.37407,110,0.1171,COMPLETED
166,20250916_162938,gaitset_OUMVLP.csv,gaitset_OUMVLP.csv,LSTM,42,256,decreasing,3,"[384, 256, 192]",False,L2,0.3,[2],"[1, 2]",attention,1024.0,gelu,True,16,AdamW,,0.0002,2e-06,0.0779,0.5,153,0.41201,0.41765,138,0.13097,COMPLETED
167,20250916_162938,gln_phase1.csv,gaitset_OUMVLP.csv,LSTM,42,256,decreasing,3,"[384, 256, 192]",False,L2,0.3,[2],"[1, 2]",attention,1024.0,gelu,True,16,AdamW,,0.0002,2e-06,0.07056,0.40909,60,0.37437,0.4556,59,0.09946,COMPLETED
168,20250916_162938,gln_phase2.csv,gaitset_OUMVLP.csv,LSTM,42,256,decreasing,3,"[384, 256, 192]",False,L2,0.3,[2],"[1, 2]",attention,1024.0,gelu,True,16,AdamW,,0.0002,2e-06,0.02779,0.52273,60,0.3646,0.39202,52,0.1529,COMPLETED

169,20250916_163733,baseline_CASIAB.csv,gln_phase1.csv,LSTM,42,256,decreasing,1,[64],False,L2,0.4,[],[],attention,,,False,64,Adam,,0.01,1e-07,0.04453,0.54545,104,0.48611,0.50963,90,0.18301,COMPLETED
170,20250916_163733,baseline_OUMVLP.csv,gln_phase1.csv,LSTM,42,256,decreasing,1,[64],False,L2,0.4,[],[],attention,,,False,64,Adam,,0.01,1e-07,0.05302,0.45455,172,0.44293,0.54119,168,0.14751,COMPLETED
171,20250916_163733,gaitgl.csv,gln_phase1.csv,LSTM,42,128,decreasing,1,[64],False,L2,0.4,[],[],attention,,,False,64,Adam,,0.01,1e-07,0.06669,0.40909,57,0.2961,0.42456,51,0.18895,COMPLETED
172,20250916_163733,gaitgl_GREW.csv,gln_phase1.csv,LSTM,42,256,decreasing,1,[64],False,L2,0.4,[],[],attention,,,False,64,Adam,,0.01,1e-07,0.05588,0.43182,59,0.31163,0.33677,54,0.17933,COMPLETED
173,20250916_163733,gaitgl_GREW_BNNeck.csv,gln_phase1.csv,LSTM,42,256,decreasing,1,[64],False,L2,0.4,[],[],attention,,,False,64,Adam,,0.01,1e-07,0.0614,0.43182,95,0.3138,0.31605,79,0.1988,COMPLETED
174,20250916_163733,gaitgl_OUMVLP.csv,gln_phase1.csv,LSTM,42,256,decreasing,1,[64],False,L2,0.4,[],[],attention,,,False,64,Adam,,0.01,1e-07,0.0884,0.61364,196,0.54346,0.61105,194,0.09443,COMPLETED
175,20250916_163733,gaitpart.csv,gln_phase1.csv,LSTM,42,128,decreasing,1,[64],False,L2,0.4,[],[],attention,,,False,64,Adam,,0.01,1e-07,0.0819,0.66667,237,0.45238,0.6,221,0.19387,COMPLETED
176,20250916_163733,gaitpart_GREW.csv,gln_phase1.csv,LSTM,42,256,decreasing,1,[64],False,L2,0.4,[],[],attention,,,False,64,Adam,,0.01,1e-07,0.05133,0.43182,147,0.3908,0.5037,128,0.17687,COMPLETED
177,20250916_163733,gaitpart_OUMVLP.csv,gln_phase1.csv,LSTM,42,256,decreasing,1,[64],False,L2,0.4,[],[],attention,,,False,64,Adam,,0.01,1e-07,0.06158,0.38636,390,0.31269,0.43045,363,0.17512,COMPLETED
178,20250916_163733,gaitset.csv,gln_phase1.csv,LSTM,42,256,decreasing,1,[64],False,L2,0.4,[],[],attention,,,False,64,Adam,,0.01,1e-07,0.06487,0.34091,80,0.29517,0.31602,74,0.1953,COMPLETED
179,20250916_163733,gaitset_GREW.csv,gln_phase1.csv,LSTM,42,256,decreasing,1,[64],False,L2,0.4,[],[],attention,,,False,64,Adam,,0.01,1e-07,0.04165,0.36364,97,0.31052,0.35568,93,0.13478,COMPLETED
180,20250916_163733,gaitset_OUMVLP.csv,gln_phase1.csv,LSTM,42,256,decreasing,1,[64],False,L2,0.4,[],[],attention,,,False,64,Adam,,0.01,1e-07,0.0725,0.34091,310,0.24714,0.33135,308,0.07193,COMPLETED
181,20250916_163733,gln_phase1.csv,gln_phase1.csv,LSTM,42,256,decreasing,1,[64],False,L2,0.4,[],[],attention,,,False,64,Adam,,0.01,1e-07,0.03099,0.43182,78,0.32275,0.3567,75,0.10302,COMPLETED
182,20250916_163733,gln_phase2.csv,gln_phase1.csv,LSTM,42,256,decreasing,1,[64],False,L2,0.4,[],[],attention,,,False,64,Adam,,0.01,1e-07,0.06497,0.29545,90,0.24444,0.42044,80,0.1186,COMPLETED

183,20250916_163949,baseline_CASIAB.csv,gln_phase2.csv,LSTM,42,256,uniform,2,"[192, 192]",True,L2,0.5,[],[1],attention,768.0,silu,True,16,RMSprop,,0.0002,1e-05,0.02347,0.40909,40,0.30369,0.32197,37,0.10758,COMPLETED
184,20250916_163949,baseline_OUMVLP.csv,gln_phase2.csv,LSTM,42,256,uniform,2,"[192, 192]",True,L2,0.5,[],[1],attention,768.0,silu,True,16,RMSprop,,0.0002,1e-05,0.00718,0.5,51,0.42483,0.46822,48,0.16374,COMPLETED
185,20250916_163949,gaitgl.csv,gln_phase2.csv,LSTM,42,128,uniform,2,"[192, 192]",True,L2,0.5,[],[1],attention,768.0,silu,True,16,RMSprop,,0.0002,1e-05,0.01408,0.47727,37,0.39899,0.42228,31,0.11386,COMPLETED
186,20250916_163949,gaitgl_GREW.csv,gln_phase2.csv,LSTM,42,256,uniform,2,"[192, 192]",True,L2,0.5,[],[1],attention,768.0,silu,True,16,RMSprop,,0.0002,1e-05,0.02045,0.38636,27,0.30238,0.34603,26,0.02134,COMPLETED
187,20250916_163949,gaitgl_GREW_BNNeck.csv,gln_phase2.csv,LSTM,42,256,uniform,2,"[192, 192]",True,L2,0.5,[],[1],attention,768.0,silu,True,16,RMSprop,,0.0002,1e-05,0.01505,0.5,40,0.44841,0.45189,38,0.04663,COMPLETED
188,20250916_163949,gaitgl_OUMVLP.csv,gln_phase2.csv,LSTM,42,256,uniform,2,"[192, 192]",True,L2,0.5,[],[1],attention,768.0,silu,True,16,RMSprop,,0.0002,1e-05,0.01086,0.5,35,0.42935,0.55748,32,0.17866,COMPLETED
189,20250916_163949,gaitpart.csv,gln_phase2.csv,LSTM,42,128,uniform,2,"[192, 192]",True,L2,0.5,[],[1],attention,768.0,silu,True,16,RMSprop,,0.0002,1e-05,0.08495,0.16667,260,0.11111,0.38889,256,0.08401,COMPLETED
190,20250916_163949,gaitpart_GREW.csv,gln_phase2.csv,LSTM,42,256,uniform,2,"[192, 192]",True,L2,0.5,[],[1],attention,768.0,silu,True,16,RMSprop,,0.0002,1e-05,0.01782,0.52273,81,0.38787,0.4449,79,0.04809,COMPLETED
191,20250916_163949,gaitpart_OUMVLP.csv,gln_phase2.csv,LSTM,42,256,uniform,2,"[192, 192]",True,L2,0.5,[],[1],attention,768.0,silu,True,16,RMSprop,,0.0002,1e-05,0.08223,0.31818,86,0.22222,0.4338,83,0.18424,COMPLETED
192,20250916_163949,gaitset.csv,gln_phase2.csv,LSTM,42,256,uniform,2,"[192, 192]",True,L2,0.5,[],[1],attention,768.0,silu,True,16,RMSprop,,0.0002,1e-05,0.00995,0.36364,49,0.35673,0.43876,41,0.15009,COMPLETED
193,20250916_163949,gaitset_GREW.csv,gln_phase2.csv,LSTM,42,256,uniform,2,"[192, 192]",True,L2,0.5,[],[1],attention,768.0,silu,True,16,RMSprop,,0.0002,1e-05,0.06871,0.47727,74,0.33333,0.38522,68,0.11571,COMPLETED
194,20250916_163949,gaitset_OUMVLP.csv,gln_phase2.csv,LSTM,42,256,uniform,2,"[192, 192]",True,L2,0.5,[],[1],attention,768.0,silu,True,16,RMSprop,,0.0002,1e-05,0.04229,0.36364,168,0.31293,0.43293,162,0.11369,COMPLETED
195,20250916_163949,gln_phase1.csv,gln_phase2.csv,LSTM,42,256,uniform,2,"[192, 192]",True,L2,0.5,[],[1],attention,768.0,silu,True,16,RMSprop,,0.0002,1e-05,0.02849,0.47727,41,0.40322,0.45072,40,0.03504,COMPLETED
196,20250916_163949,gln_phase2.csv,gln_phase2.csv,LSTM,42,256,uniform,2,"[192, 192]",True,L2,0.5,[],[1],attention,768.0,silu,True,16,RMSprop,,0.0002,1e-05,0.0595,0.52273,49,0.43729,0.47328,48,0.06046,COMPLETED
