id,timestamp,target_embedding,source_params,model,seed,num_layers,layer_sizes,bidirectional,norm,dropout,dropout_layers,norm_layers,pooling,fc_hidden,activation,norm_post_lstm,batch_size,optimizer,learning_rate,weight_decay,momentum_sgd,input_dim,native_mode,train_loss,test_loss,accuracy,f1_macro,f1_per_class,best_accuracy,best_f1,best_f1_per_class,best_epoch,train_loss_best_state,test_loss_best_state,epochs_trained,training,duration_sec
1,20251210_080911,baseline_CASIAB.csv,baseline_CASIAB.csv,LSTM,42,4,"[768, 640, 512, 448]",False,L2,0.3,[2],"[1, 2]",mean,512,gelu,True,32,AdamW,1e-05,1e-07,,256,False,0.04841,2.45373,0.47727,0.44149,"[0.60465, 0.375, 0.34483]",0.54545,0.49926,"[0.63415, 0.36364, 0.5]",175,0.16594,2.31554,182,COMPLETED,72.717
2,20251210_080911,baseline_OUMVLP.csv,baseline_CASIAB.csv,LSTM,42,4,"[768, 640, 512, 448]",False,L2,0.3,[2],"[1, 2]",mean,512,gelu,True,32,AdamW,1e-05,1e-07,,256,False,0.08687,2.35892,0.5,0.4548,"[0.52632, 0.26667, 0.57143]",0.56818,0.53323,"[0.61905, 0.4, 0.58065]",128,0.43294,1.40284,218,COMPLETED,90.221
3,20251210_080911,gaitgl.csv,baseline_CASIAB.csv,LSTM,42,4,"[768, 640, 512, 448]",False,L2,0.3,[2],"[1, 2]",mean,512,gelu,True,32,AdamW,1e-05,1e-07,,128,False,0.06898,1.7374,0.54545,0.43619,"[0.68, 0.2, 0.42857]",0.59091,0.53737,"[0.66667, 0.4, 0.54545]",110,0.07539,1.65933,111,COMPLETED,64.939
4,20251210_080911,gaitgl_GREW.csv,baseline_CASIAB.csv,LSTM,42,4,"[768, 640, 512, 448]",False,L2,0.3,[2],"[1, 2]",mean,512,gelu,True,32,AdamW,1e-05,1e-07,,256,False,0.04314,1.92462,0.52273,0.40598,"[0.71795, 0.0, 0.5]",0.52273,0.44378,"[0.60606, 0.15385, 0.57143]",76,0.55212,1.30788,118,COMPLETED,69.6
5,20251210_080911,gaitgl_GREW_BNNeck.csv,baseline_CASIAB.csv,LSTM,42,4,"[768, 640, 512, 448]",False,L2,0.3,[2],"[1, 2]",mean,512,gelu,True,32,AdamW,1e-05,1e-07,,256,False,0.04845,2.95696,0.29545,0.25869,"[0.35556, 0.15385, 0.26667]",0.38636,0.34806,"[0.45833, 0.22222, 0.36364]",180,0.13443,2.35576,190,COMPLETED,111.951
6,20251210_080911,gaitgl_OUMVLP.csv,baseline_CASIAB.csv,LSTM,42,4,"[768, 640, 512, 448]",False,L2,0.3,[2],"[1, 2]",mean,512,gelu,True,32,AdamW,1e-05,1e-07,,256,False,0.07719,1.74739,0.61364,0.50505,"[0.72727, 0.18182, 0.60606]",0.59091,0.5556,"[0.65, 0.42857, 0.58824]",178,0.63055,1.08488,282,COMPLETED,145.295
7,20251210_080911,gaitpart_GREW.csv,baseline_CASIAB.csv,LSTM,42,4,"[768, 640, 512, 448]",False,L2,0.3,[2],"[1, 2]",mean,512,gelu,True,32,AdamW,1e-05,1e-07,,256,False,0.08381,1.78932,0.56818,0.45833,"[0.70833, 0.16667, 0.5]",0.61364,0.56845,"[0.71429, 0.42857, 0.5625]",240,0.14016,1.53367,265,COMPLETED,76.335
8,20251210_080911,gaitpart_OUMVLP.csv,baseline_CASIAB.csv,LSTM,42,4,"[768, 640, 512, 448]",False,L2,0.3,[2],"[1, 2]",mean,512,gelu,True,32,AdamW,1e-05,1e-07,,256,False,0.08838,2.11524,0.54545,0.4082,"[0.58824, 0.0, 0.63636]",0.47727,0.45691,"[0.48485, 0.26087, 0.625]",293,0.56604,1.28736,358,COMPLETED,102.341
9,20251210_080911,gaitset.csv,baseline_CASIAB.csv,LSTM,42,4,"[768, 640, 512, 448]",False,L2,0.3,[2],"[1, 2]",mean,512,gelu,True,32,AdamW,1e-05,1e-07,,256,False,0.06594,2.96054,0.34091,0.31187,"[0.51282, 0.23529, 0.1875]",0.45455,0.43016,"[0.53333, 0.4, 0.35714]",78,0.67456,1.34344,165,COMPLETED,82.747
10,20251210_080911,gaitset_GREW.csv,baseline_CASIAB.csv,LSTM,42,4,"[768, 640, 512, 448]",False,L2,0.3,[2],"[1, 2]",mean,512,gelu,True,32,AdamW,1e-05,1e-07,,256,False,0.07395,1.55722,0.56818,0.47341,"[0.7619, 0.125, 0.53333]",0.70455,0.58165,"[0.77273, 0.25, 0.72222]",143,0.4161,1.11724,192,COMPLETED,96.131
11,20251210_080911,gaitset_OUMVLP.csv,baseline_CASIAB.csv,LSTM,42,4,"[768, 640, 512, 448]",False,L2,0.3,[2],"[1, 2]",mean,512,gelu,True,32,AdamW,1e-05,1e-07,,256,False,0.09228,2.28709,0.5,0.4359,"[0.6, 0.30769, 0.4]",0.54545,0.5134,"[0.59574, 0.44444, 0.5]",319,0.69022,1.18966,549,COMPLETED,275.359
12,20251210_080911,gln_phase1.csv,baseline_CASIAB.csv,LSTM,42,4,"[768, 640, 512, 448]",False,L2,0.3,[2],"[1, 2]",mean,512,gelu,True,32,AdamW,1e-05,1e-07,,256,False,0.08314,2.17588,0.47727,0.40792,"[0.51163, 0.16667, 0.54545]",0.52273,0.47483,"[0.55814, 0.28571, 0.58065]",173,0.23231,1.71372,203,COMPLETED,133.504
13,20251210_080911,gln_phase2.csv,baseline_CASIAB.csv,LSTM,42,4,"[768, 640, 512, 448]",False,L2,0.3,[2],"[1, 2]",mean,512,gelu,True,32,AdamW,1e-05,1e-07,,256,False,0.06292,1.84858,0.5,0.42833,"[0.54054, 0.13333, 0.61111]",0.47727,0.47663,"[0.53333, 0.34483, 0.55172]",118,0.40806,1.52976,160,COMPLETED,104.985

14,20251210_083312,baseline_CASIAB.csv,baseline_OUMVLP.csv,LSTM,42,1,[256],False,minmax,0.0,[],[],last,256,relu,True,32,Adam,0.0001,0.0,,256,True,0.09137,3.92814,0.36364,0.2735,"[0.41026, 0.0, 0.41026]",0.45455,0.39312,"[0.5, 0.22222, 0.45714]",128,0.66045,1.47656,228,COMPLETED,23.953
15,20251210_083312,baseline_OUMVLP.csv,baseline_OUMVLP.csv,LSTM,42,1,[256],False,minmax,0.0,[],[],last,256,relu,True,32,Adam,0.0001,0.0,,256,True,0.08413,1.88358,0.47727,0.40598,"[0.5, 0.15385, 0.5641]",0.54545,0.49161,"[0.60465, 0.30769, 0.5625]",195,0.37727,1.06965,264,COMPLETED,28.211
16,20251210_083312,gaitgl.csv,baseline_OUMVLP.csv,LSTM,42,1,[256],False,minmax,0.0,[],[],last,256,relu,True,32,Adam,0.0001,0.0,,128,True,0.06239,2.37099,0.45455,0.42162,"[0.47368, 0.21053, 0.58065]",0.47727,0.44147,"[0.57143, 0.19048, 0.5625]",120,0.19597,1.84116,141,COMPLETED,18.217
17,20251210_083312,gaitgl_GREW.csv,baseline_OUMVLP.csv,LSTM,42,1,[256],False,minmax,0.0,[],[],last,256,relu,True,32,Adam,0.0001,0.0,,256,True,0.08039,2.07792,0.5,0.42377,"[0.60465, 0.13333, 0.53333]",0.47727,0.4299,"[0.57143, 0.26667, 0.45161]",94,0.13931,1.80751,101,COMPLETED,14.123
18,20251210_083312,gaitgl_GREW_BNNeck.csv,baseline_OUMVLP.csv,LSTM,42,1,[256],False,minmax,0.0,[],[],last,256,relu,True,32,Adam,0.0001,0.0,,256,True,0.08728,2.7378,0.52273,0.37438,"[0.6383, 0.0, 0.48485]",0.54545,0.51736,"[0.6383, 0.5, 0.41379]",273,0.51597,1.53236,472,COMPLETED,67.243
19,20251210_083312,gaitgl_OUMVLP.csv,baseline_OUMVLP.csv,LSTM,42,1,[256],False,minmax,0.0,[],[],last,256,relu,True,32,Adam,0.0001,0.0,,256,True,0.09811,4.06029,0.36364,0.29509,"[0.4186, 0.0, 0.46667]",0.45455,0.32883,"[0.5, 0.0, 0.48649]",204,0.66987,1.49889,325,COMPLETED,48.648
20,20251210_083312,gaitpart_GREW.csv,baseline_OUMVLP.csv,LSTM,42,1,[256],False,minmax,0.0,[],[],last,256,relu,True,32,Adam,0.0001,0.0,,256,True,0.05492,2.9928,0.5,0.40675,"[0.625, 0.16667, 0.42857]",0.59091,0.54051,"[0.68, 0.46154, 0.48]",133,0.26981,1.94367,173,COMPLETED,17.326
21,20251210_083312,gaitpart_OUMVLP.csv,baseline_OUMVLP.csv,LSTM,42,1,[256],False,minmax,0.0,[],[],last,256,relu,True,32,Adam,0.0001,0.0,,256,True,0.05793,3.3044,0.52273,0.44599,"[0.60465, 0.13333, 0.6]",0.61364,0.55556,"[0.63636, 0.36364, 0.66667]",262,0.5451,1.37504,504,COMPLETED,50.455
22,20251210_083312,gaitset.csv,baseline_OUMVLP.csv,LSTM,42,1,[256],False,minmax,0.0,[],[],last,256,relu,True,32,Adam,0.0001,0.0,,256,True,0.06747,2.446,0.45455,0.42161,"[0.5, 0.30769, 0.45714]",0.5,0.47436,"[0.53659, 0.4, 0.48649]",156,0.37572,1.51699,231,COMPLETED,34.893
23,20251210_083312,gaitset_GREW.csv,baseline_OUMVLP.csv,LSTM,42,1,[256],False,minmax,0.0,[],[],last,256,relu,True,32,Adam,0.0001,0.0,,256,True,0.05463,2.47861,0.43182,0.35859,"[0.55319, 0.2, 0.32258]",0.56818,0.4292,"[0.70175, 0.22222, 0.36364]",173,0.3665,2.00493,229,COMPLETED,34.198
24,20251210_083312,gaitset_OUMVLP.csv,baseline_OUMVLP.csv,LSTM,42,1,[256],False,minmax,0.0,[],[],last,256,relu,True,32,Adam,0.0001,0.0,,256,True,0.09732,1.91749,0.36364,0.31293,"[0.33333, 0.11765, 0.4878]",0.5,0.4245,"[0.55556, 0.15385, 0.5641]",470,0.14666,1.60996,495,COMPLETED,75.822
25,20251210_083312,gln_phase1.csv,baseline_OUMVLP.csv,LSTM,42,1,[256],False,minmax,0.0,[],[],last,256,relu,True,32,Adam,0.0001,0.0,,256,True,0.06678,1.03749,0.65909,0.64034,"[0.68293, 0.57143, 0.66667]",0.72727,0.72339,"[0.75, 0.71429, 0.70588]",212,0.18429,0.87636,264,COMPLETED,50.136
26,20251210_083312,gln_phase2.csv,baseline_OUMVLP.csv,LSTM,42,1,[256],False,minmax,0.0,[],[],last,256,relu,True,32,Adam,0.0001,0.0,,256,True,0.08478,3.14856,0.40909,0.37509,"[0.47619, 0.23529, 0.41379]",0.54545,0.49063,"[0.62745, 0.4, 0.44444]",259,0.20619,2.58057,268,COMPLETED,51.015

27,20251210_084200,baseline_CASIAB.csv,gaitgl.csv,LSTM,42,1,[64],True,minmax,0.0,[],[],last,768,silu,False,48,AdamW,0.0002,1e-07,,256,True,0.07316,4.15099,0.34091,0.29515,"[0.42857, 0.15385, 0.30303]",0.43182,0.40909,"[0.5, 0.36364, 0.36364]",274,0.25927,3.06671,310,COMPLETED,33.181
28,20251210_084200,baseline_OUMVLP.csv,gaitgl.csv,LSTM,42,1,[64],True,minmax,0.0,[],[],last,768,silu,False,48,AdamW,0.0002,1e-07,,256,True,0.0679,4.73439,0.40909,0.35773,"[0.4, 0.11765, 0.55556]",0.56818,0.50386,"[0.65217, 0.30769, 0.55172]",323,0.27996,2.85081,368,COMPLETED,39.603
29,20251210_084200,gaitgl.csv,gaitgl.csv,LSTM,42,1,[64],True,minmax,0.0,[],[],last,768,silu,False,48,AdamW,0.0002,1e-07,,128,True,0.06588,4.90032,0.34091,0.29498,"[0.4186, 0.15385, 0.3125]",0.40909,0.40006,"[0.46154, 0.375, 0.36364]",186,0.25861,3.86928,216,COMPLETED,30.509
30,20251210_084200,gaitgl_GREW.csv,gaitgl.csv,LSTM,42,1,[64],True,minmax,0.0,[],[],last,768,silu,False,48,AdamW,0.0002,1e-07,,256,True,0.09296,2.72208,0.43182,0.3998,"[0.57143, 0.19048, 0.4375]",0.56818,0.51444,"[0.59459, 0.33333, 0.61538]",131,0.2905,1.63427,156,COMPLETED,23.085
31,20251210_084200,gaitgl_GREW_BNNeck.csv,gaitgl.csv,LSTM,42,1,[64],True,minmax,0.0,[],[],last,768,silu,False,48,AdamW,0.0002,1e-07,,256,True,0.03826,3.98825,0.52273,0.51221,"[0.51282, 0.38095, 0.64286]",0.54545,0.53095,"[0.55, 0.4, 0.64286]",314,0.1699,3.18673,336,COMPLETED,50.277
32,20251210_084200,gaitgl_OUMVLP.csv,gaitgl.csv,LSTM,42,1,[64],True,minmax,0.0,[],[],last,768,silu,False,48,AdamW,0.0002,1e-07,,256,True,0.0724,3.65727,0.43182,0.33658,"[0.55814, 0.0, 0.45161]",0.43182,0.39738,"[0.54054, 0.2, 0.45161]",324,0.1549,3.4685,337,COMPLETED,50.335
33,20251210_084200,gaitpart_GREW.csv,gaitgl.csv,LSTM,42,1,[64],True,minmax,0.0,[],[],last,768,silu,False,48,AdamW,0.0002,1e-07,,256,True,0.08567,4.2634,0.5,0.4359,"[0.6, 0.30769, 0.4]",0.52273,0.48576,"[0.59574, 0.4, 0.46154]",257,0.09513,3.79731,261,COMPLETED,23.005
34,20251210_084200,gaitpart_OUMVLP.csv,gaitgl.csv,LSTM,42,1,[64],True,minmax,0.0,[],[],last,768,silu,False,48,AdamW,0.0002,1e-07,,256,True,0.08529,2.63842,0.47727,0.40444,"[0.62222, 0.11111, 0.48]",0.54545,0.50702,"[0.45161, 0.44444, 0.625]",391,0.58975,1.79349,625,COMPLETED,54.701
35,20251210_084200,gaitset.csv,gaitgl.csv,LSTM,42,1,[64],True,minmax,0.0,[],[],last,768,silu,False,48,AdamW,0.0002,1e-07,,256,True,0.08412,3.15111,0.47727,0.40357,"[0.61905, 0.125, 0.46667]",0.56818,0.51245,"[0.60465, 0.30769, 0.625]",288,0.44449,1.87936,360,COMPLETED,52.92
36,20251210_084200,gaitset_GREW.csv,gaitgl.csv,LSTM,42,1,[64],True,minmax,0.0,[],[],last,768,silu,False,48,AdamW,0.0002,1e-07,,256,True,0.0745,4.02,0.36364,0.31659,"[0.48889, 0.2, 0.26087]",0.52273,0.47865,"[0.62963, 0.54545, 0.26087]",253,0.29903,2.30918,309,COMPLETED,45.332
37,20251210_084200,gaitset_OUMVLP.csv,gaitgl.csv,LSTM,42,1,[64],True,minmax,0.0,[],[],last,768,silu,False,48,AdamW,0.0002,1e-07,,256,True,0.07793,3.65917,0.45455,0.4123,"[0.5641, 0.23529, 0.4375]",0.47727,0.45316,"[0.55556, 0.33333, 0.47059]",684,0.27623,3.2975,709,COMPLETED,104.534
38,20251210_084200,gln_phase1.csv,gaitgl.csv,LSTM,42,1,[64],True,minmax,0.0,[],[],last,768,silu,False,48,AdamW,0.0002,1e-07,,256,True,0.06361,4.93567,0.5,0.45141,"[0.57143, 0.26667, 0.51613]",0.61364,0.60616,"[0.6, 0.57143, 0.64706]",313,0.30473,2.4112,399,COMPLETED,75.483
39,20251210_084200,gln_phase2.csv,gaitgl.csv,LSTM,42,1,[64],True,minmax,0.0,[],[],last,768,silu,False,48,AdamW,0.0002,1e-07,,256,True,0.04851,3.44334,0.38636,0.32774,"[0.48889, 0.18182, 0.3125]",0.52273,0.45023,"[0.5641, 0.25, 0.53659]",221,0.59522,1.42902,305,COMPLETED,57.514

40,20251210_085254,baseline_CASIAB.csv,gaitgl_GREW.csv,LSTM,42,3,"[768, 640, 512]",False,minmax,0.1,[2],"[1, 2]",max,768,relu,True,64,AdamW,2e-05,1e-07,,256,False,0.0624,2.65974,0.43182,0.32963,"[0.48889, 0.0, 0.5]",0.47727,0.43651,"[0.52381, 0.28571, 0.5]",520,0.15861,2.08318,545,COMPLETED,108.689
41,20251210_085254,baseline_OUMVLP.csv,gaitgl_GREW.csv,LSTM,42,3,"[768, 640, 512]",False,minmax,0.1,[2],"[1, 2]",max,768,relu,True,64,AdamW,2e-05,1e-07,,256,False,0.08736,2.27525,0.47727,0.40643,"[0.52632, 0.16667, 0.52632]",0.59091,0.54899,"[0.66667, 0.42857, 0.55172]",499,0.37798,1.30107,555,COMPLETED,110.66
42,20251210_085254,gaitgl.csv,gaitgl_GREW.csv,LSTM,42,3,"[768, 640, 512]",False,minmax,0.1,[2],"[1, 2]",max,768,relu,True,64,AdamW,2e-05,1e-07,,128,False,0.06202,1.7131,0.5,0.36252,"[0.57143, 0.0, 0.51613]",0.59091,0.49785,"[0.60465, 0.22222, 0.66667]",252,0.34217,1.29957,292,COMPLETED,85.001
43,20251210_085254,gaitgl_GREW.csv,gaitgl_GREW.csv,LSTM,42,3,"[768, 640, 512]",False,minmax,0.1,[2],"[1, 2]",max,768,relu,True,64,AdamW,2e-05,1e-07,,256,False,0.05557,1.82975,0.52273,0.36806,"[0.66667, 0.0, 0.4375]",0.61364,0.54575,"[0.71111, 0.36364, 0.5625]",213,0.11261,1.55527,229,COMPLETED,69.369
44,20251210_085254,gaitgl_GREW_BNNeck.csv,gaitgl_GREW.csv,LSTM,42,3,"[768, 640, 512]",False,minmax,0.1,[2],"[1, 2]",max,768,relu,True,64,AdamW,2e-05,1e-07,,256,False,1.01266,1.02174,0.47727,0.21538,"[0.64615, 0.0, 0.0]",0.47727,0.21538,"[0.64615, 0.0, 0.0]",188,1.01266,1.02174,188,STOPPED,57.162
45,20251210_085254,gaitgl_OUMVLP.csv,gaitgl_GREW.csv,LSTM,42,3,"[768, 640, 512]",False,minmax,0.1,[2],"[1, 2]",max,768,relu,True,64,AdamW,2e-05,1e-07,,256,False,0.05182,1.54649,0.5,0.42222,"[0.6, 0.16667, 0.5]",0.61364,0.56053,"[0.65, 0.4, 0.63158]",495,0.29389,1.26938,542,COMPLETED,164.371
46,20251210_085254,gaitpart_GREW.csv,gaitgl_GREW.csv,LSTM,42,3,"[768, 640, 512]",False,minmax,0.1,[2],"[1, 2]",max,768,relu,True,64,AdamW,2e-05,1e-07,,256,False,0.09764,1.57468,0.52273,0.50964,"[0.58824, 0.32, 0.62069]",0.68182,0.65625,"[0.77273, 0.61538, 0.58065]",375,0.55497,1.0575,457,COMPLETED,70.571
47,20251210_085254,gaitpart_OUMVLP.csv,gaitgl_GREW.csv,LSTM,42,3,"[768, 640, 512]",False,minmax,0.1,[2],"[1, 2]",max,768,relu,True,64,AdamW,2e-05,1e-07,,256,False,1.00995,1.0179,0.47727,0.21538,"[0.64615, 0.0, 0.0]",0.47727,0.21538,"[0.64615, 0.0, 0.0]",118,1.00995,1.0179,118,STOPPED,18.126
48,20251210_085254,gaitset.csv,gaitgl_GREW.csv,LSTM,42,3,"[768, 640, 512]",False,minmax,0.1,[2],"[1, 2]",max,768,relu,True,64,AdamW,2e-05,1e-07,,256,False,0.04427,2.17226,0.43182,0.31349,"[0.58333, 0.0, 0.35714]",0.52273,0.42564,"[0.61538, 0.2, 0.46154]",485,0.55408,1.25528,569,COMPLETED,168.557
49,20251210_085254,gaitset_GREW.csv,gaitgl_GREW.csv,LSTM,42,3,"[768, 640, 512]",False,minmax,0.1,[2],"[1, 2]",max,768,relu,True,64,AdamW,2e-05,1e-07,,256,False,0.08923,2.26781,0.43182,0.31744,"[0.56522, 0.0, 0.3871]",0.5,0.42174,"[0.56522, 0.2, 0.5]",527,0.57284,1.36562,604,COMPLETED,179.262
50,20251210_085254,gaitset_OUMVLP.csv,gaitgl_GREW.csv,LSTM,42,3,"[768, 640, 512]",False,minmax,0.1,[2],"[1, 2]",max,768,relu,True,64,AdamW,2e-05,1e-07,,256,False,1.00629,1.01621,0.47727,0.21538,"[0.64615, 0.0, 0.0]",0.47727,0.21538,"[0.64615, 0.0, 0.0]",135,1.00629,1.01621,135,STOPPED,39.989
51,20251210_085254,gln_phase1.csv,gaitgl_GREW.csv,LSTM,42,3,"[768, 640, 512]",False,minmax,0.1,[2],"[1, 2]",max,768,relu,True,64,AdamW,2e-05,1e-07,,256,False,1.01073,1.02352,0.47727,0.21538,"[0.64615, 0.0, 0.0]",0.47727,0.21538,"[0.64615, 0.0, 0.0]",127,1.01073,1.02352,127,STOPPED,51.276
52,20251210_085254,gln_phase2.csv,gaitgl_GREW.csv,LSTM,42,3,"[768, 640, 512]",False,minmax,0.1,[2],"[1, 2]",max,768,relu,True,64,AdamW,2e-05,1e-07,,256,False,1.01208,1.01447,0.47727,0.21538,"[0.64615, 0.0, 0.0]",0.47727,0.21538,"[0.64615, 0.0, 0.0]",121,1.01208,1.01447,121,STOPPED,48.602

53,20251210_091240,baseline_CASIAB.csv,gaitgl_GREW_BNNeck.csv,LSTM,42,1,[64],True,L2,0.0,[],[],max,256,tanh,False,16,RMSprop,0.0002,1e-05,,256,True,0.05533,2.17374,0.54545,0.39458,"[0.6383, 0.0, 0.54545]",0.54545,0.48673,"[0.63636, 0.30769, 0.51613]",94,0.24386,1.56977,123,COMPLETED,34.191
54,20251210_091240,baseline_OUMVLP.csv,gaitgl_GREW_BNNeck.csv,LSTM,42,1,[64],True,L2,0.0,[],[],max,256,tanh,False,16,RMSprop,0.0002,1e-05,,256,True,0.0681,2.09334,0.54545,0.49145,"[0.5, 0.30769, 0.66667]",0.68182,0.61551,"[0.68182, 0.4, 0.76471]",166,0.07233,1.9792,173,COMPLETED,47.63
55,20251210_091240,gaitgl.csv,gaitgl_GREW_BNNeck.csv,LSTM,42,1,[64],True,L2,0.0,[],[],max,256,tanh,False,16,RMSprop,0.0002,1e-05,,128,True,0.05442,1.35955,0.52273,0.49293,"[0.53333, 0.4, 0.54545]",0.52273,0.49293,"[0.53333, 0.4, 0.54545]",65,0.05442,1.35955,65,COMPLETED,23.76
56,20251210_091240,gaitgl_GREW.csv,gaitgl_GREW_BNNeck.csv,LSTM,42,1,[64],True,L2,0.0,[],[],max,256,tanh,False,16,RMSprop,0.0002,1e-05,,256,True,0.05245,1.30901,0.56818,0.40519,"[0.65306, 0.0, 0.5625]",0.54545,0.46346,"[0.63158, 0.22222, 0.53659]",43,0.26293,1.14538,57,COMPLETED,21.429
57,20251210_091240,gaitgl_GREW_BNNeck.csv,gaitgl_GREW_BNNeck.csv,LSTM,42,1,[64],True,L2,0.0,[],[],max,256,tanh,False,16,RMSprop,0.0002,1e-05,,256,True,0.08042,1.80948,0.54545,0.44496,"[0.65306, 0.18182, 0.5]",0.56818,0.46954,"[0.65306, 0.22222, 0.53333]",77,0.24686,1.45202,96,COMPLETED,36.07
58,20251210_091240,gaitgl_OUMVLP.csv,gaitgl_GREW_BNNeck.csv,LSTM,42,1,[64],True,L2,0.0,[],[],max,256,tanh,False,16,RMSprop,0.0002,1e-05,,256,True,0.04984,1.67373,0.47727,0.42154,"[0.46667, 0.09524, 0.7027]",0.61364,0.51053,"[0.7, 0.2, 0.63158]",132,0.10482,1.31032,148,COMPLETED,63.913
59,20251210_091240,gaitpart_GREW.csv,gaitgl_GREW_BNNeck.csv,LSTM,42,1,[64],True,L2,0.0,[],[],max,256,tanh,False,16,RMSprop,0.0002,1e-05,,256,True,0.08228,2.54925,0.59091,0.50256,"[0.72, 0.30769, 0.48]",0.63636,0.59699,"[0.73913, 0.53333, 0.51852]",183,0.54259,1.94548,188,COMPLETED,45.392
60,20251210_091240,gaitpart_OUMVLP.csv,gaitgl_GREW_BNNeck.csv,LSTM,42,1,[64],True,L2,0.0,[],[],max,256,tanh,False,16,RMSprop,0.0002,1e-05,,256,True,0.05903,1.6373,0.5,0.44067,"[0.68293, 0.21053, 0.42857]",0.59091,0.5467,"[0.69565, 0.44444, 0.5]",171,0.57631,1.09574,382,COMPLETED,88.839
61,20251210_091240,gaitset.csv,gaitgl_GREW_BNNeck.csv,LSTM,42,1,[64],True,L2,0.0,[],[],max,256,tanh,False,16,RMSprop,0.0002,1e-05,,256,True,0.04437,3.0302,0.36364,0.27937,"[0.57143, 0.0, 0.26667]",0.52273,0.37433,"[0.6087, 0.0, 0.51429]",45,0.65134,1.24248,106,COMPLETED,40.226
62,20251210_091240,gaitset_GREW.csv,gaitgl_GREW_BNNeck.csv,LSTM,42,1,[64],True,L2,0.0,[],[],max,256,tanh,False,16,RMSprop,0.0002,1e-05,,256,True,0.05226,1.73033,0.56818,0.47877,"[0.65, 0.22222, 0.5641]",0.56818,0.47877,"[0.65, 0.22222, 0.5641]",116,0.06657,1.71689,123,COMPLETED,46.979
63,20251210_091240,gaitset_OUMVLP.csv,gaitgl_GREW_BNNeck.csv,LSTM,42,1,[64],True,L2,0.0,[],[],max,256,tanh,False,16,RMSprop,0.0002,1e-05,,256,True,0.05138,2.89972,0.29545,0.26514,"[0.4, 0.27778, 0.11765]",0.54545,0.50377,"[0.6383, 0.42857, 0.44444]",189,0.46619,1.15237,380,COMPLETED,145.005
64,20251210_091240,gln_phase1.csv,gaitgl_GREW_BNNeck.csv,LSTM,42,1,[64],True,L2,0.0,[],[],max,256,tanh,False,16,RMSprop,0.0002,1e-05,,256,True,0.08223,1.47765,0.52273,0.44423,"[0.69565, 0.26667, 0.37037]",0.54545,0.48299,"[0.68085, 0.33333, 0.43478]",95,0.11481,1.52335,103,COMPLETED,49.729
65,20251210_091240,gln_phase2.csv,gaitgl_GREW_BNNeck.csv,LSTM,42,1,[64],True,L2,0.0,[],[],max,256,tanh,False,16,RMSprop,0.0002,1e-05,,256,True,0.05532,1.52586,0.56818,0.51687,"[0.69767, 0.35294, 0.5]",0.56818,0.51687,"[0.69767, 0.35294, 0.5]",94,0.05532,1.52586,94,COMPLETED,45.592

66,20251210_092423,baseline_CASIAB.csv,gaitgl_OUMVLP.csv,LSTM,42,4,"[384, 256, 192, 128]",False,L2,0.5,"[1, 3]","[1, 3]",max,1024,leakyrelu,True,32,AdamW,0.0002,1e-07,,256,False,0.07307,4.40316,0.29545,0.2408,"[0.45455, 0.125, 0.14286]",0.43182,0.35638,"[0.54167, 0.14286, 0.38462]",170,0.18917,3.57531,179,COMPLETED,63.43
67,20251210_092423,baseline_OUMVLP.csv,gaitgl_OUMVLP.csv,LSTM,42,4,"[384, 256, 192, 128]",False,L2,0.5,"[1, 3]","[1, 3]",max,1024,leakyrelu,True,32,AdamW,0.0002,1e-07,,256,False,0.05652,3.64591,0.38636,0.32165,"[0.57143, 0.11765, 0.27586]",0.54545,0.48838,"[0.65, 0.28571, 0.52941]",199,0.11752,2.51436,225,COMPLETED,82.746
68,20251210_092423,gaitgl.csv,gaitgl_OUMVLP.csv,LSTM,42,4,"[384, 256, 192, 128]",False,L2,0.5,"[1, 3]","[1, 3]",max,1024,leakyrelu,True,32,AdamW,0.0002,1e-07,,128,False,0.01998,3.7025,0.43182,0.3561,"[0.54167, 0.18182, 0.34483]",0.5,0.4241,"[0.56522, 0.22222, 0.48485]",62,0.72066,1.32501,130,COMPLETED,70.915
69,20251210_092423,gaitgl_GREW.csv,gaitgl_OUMVLP.csv,LSTM,42,4,"[384, 256, 192, 128]",False,L2,0.5,"[1, 3]","[1, 3]",max,1024,leakyrelu,True,32,AdamW,0.0002,1e-07,,256,False,0.03565,2.58608,0.5,0.44099,"[0.6087, 0.28571, 0.42857]",0.59091,0.56093,"[0.66667, 0.5, 0.51613]",42,0.66946,1.13824,104,COMPLETED,57.817
70,20251210_092423,gaitgl_GREW_BNNeck.csv,gaitgl_OUMVLP.csv,LSTM,42,4,"[384, 256, 192, 128]",False,L2,0.5,"[1, 3]","[1, 3]",max,1024,leakyrelu,True,32,AdamW,0.0002,1e-07,,256,False,0.05696,3.75476,0.36364,0.2585,"[0.4898, 0.0, 0.28571]",0.38636,0.32222,"[0.5, 0.2, 0.26667]",134,0.71146,1.66531,227,COMPLETED,126.131
71,20251210_092423,gaitgl_OUMVLP.csv,gaitgl_OUMVLP.csv,LSTM,42,4,"[384, 256, 192, 128]",False,L2,0.5,"[1, 3]","[1, 3]",max,1024,leakyrelu,True,32,AdamW,0.0002,1e-07,,256,False,0.03191,2.43777,0.47727,0.40643,"[0.48649, 0.15385, 0.57895]",0.54545,0.51028,"[0.61538, 0.35294, 0.5625]",154,0.14661,2.20586,173,COMPLETED,96.661
72,20251210_092423,gaitpart_GREW.csv,gaitgl_OUMVLP.csv,LSTM,42,4,"[384, 256, 192, 128]",False,L2,0.5,"[1, 3]","[1, 3]",max,1024,leakyrelu,True,32,AdamW,0.0002,1e-07,,256,False,0.05411,2.76846,0.59091,0.51738,"[0.71111, 0.30769, 0.53333]",0.65909,0.60003,"[0.78049, 0.35294, 0.66667]",334,0.12143,1.79188,347,COMPLETED,104.688
73,20251210_092423,gaitpart_OUMVLP.csv,gaitgl_OUMVLP.csv,LSTM,42,4,"[384, 256, 192, 128]",False,L2,0.5,"[1, 3]","[1, 3]",max,1024,leakyrelu,True,32,AdamW,0.0002,1e-07,,256,False,0.03272,3.07383,0.47727,0.40404,"[0.54545, 0.18182, 0.48485]",0.59091,0.49307,"[0.59459, 0.16667, 0.71795]",304,0.55048,1.32764,454,COMPLETED,136.72
74,20251210_092423,gaitset.csv,gaitgl_OUMVLP.csv,LSTM,42,4,"[384, 256, 192, 128]",False,L2,0.5,"[1, 3]","[1, 3]",max,1024,leakyrelu,True,32,AdamW,0.0002,1e-07,,256,False,0.08965,2.57971,0.52273,0.49741,"[0.53659, 0.375, 0.58065]",0.59091,0.54722,"[0.66667, 0.375, 0.6]",139,0.19047,2.05154,146,COMPLETED,79.138
75,20251210_092423,gaitset_GREW.csv,gaitgl_OUMVLP.csv,LSTM,42,4,"[384, 256, 192, 128]",False,L2,0.5,"[1, 3]","[1, 3]",max,1024,leakyrelu,True,32,AdamW,0.0002,1e-07,,256,False,0.08137,3.72748,0.38636,0.29293,"[0.54545, 0.0, 0.33333]",0.52273,0.43071,"[0.6383, 0.15385, 0.5]",175,0.69353,1.35961,261,COMPLETED,141.921
76,20251210_092423,gaitset_OUMVLP.csv,gaitgl_OUMVLP.csv,LSTM,42,4,"[384, 256, 192, 128]",False,L2,0.5,"[1, 3]","[1, 3]",max,1024,leakyrelu,True,32,AdamW,0.0002,1e-07,,256,False,0.05448,3.27449,0.40909,0.34017,"[0.53333, 0.15385, 0.33333]",0.54545,0.48087,"[0.65217, 0.30769, 0.48276]",332,0.58972,1.58866,448,COMPLETED,243.255
77,20251210_092423,gln_phase1.csv,gaitgl_OUMVLP.csv,LSTM,42,4,"[384, 256, 192, 128]",False,L2,0.5,"[1, 3]","[1, 3]",max,1024,leakyrelu,True,32,AdamW,0.0002,1e-07,,256,False,0.08765,2.99322,0.47727,0.39207,"[0.59574, 0.16667, 0.41379]",0.59091,0.53093,"[0.66667, 0.36364, 0.5625]",107,0.3677,1.47799,141,COMPLETED,100.006
78,20251210_092423,gln_phase2.csv,gaitgl_OUMVLP.csv,LSTM,42,4,"[384, 256, 192, 128]",False,L2,0.5,"[1, 3]","[1, 3]",max,1024,leakyrelu,True,32,AdamW,0.0002,1e-07,,256,False,0.05712,3.55918,0.43182,0.28058,"[0.62745, 0.0, 0.21429]",0.52273,0.47535,"[0.61224, 0.4, 0.41379]",121,0.47334,1.95129,176,COMPLETED,123.418

79,20251210_094824,baseline_CASIAB.csv,gaitpart_GREW.csv,LSTM,42,2,"[64, 128]",False,L2,0.0,[],[1],max,512,gelu,True,128,RMSprop,0.0002,1e-06,,256,False,0.05711,2.10154,0.47727,0.34534,"[0.52174, 0.0, 0.51429]",0.54545,0.46373,"[0.59574, 0.25, 0.54545]",150,0.13222,1.57986,179,COMPLETED,14.364
80,20251210_094824,baseline_OUMVLP.csv,gaitpart_GREW.csv,LSTM,42,2,"[64, 128]",False,L2,0.0,[],[1],max,512,gelu,True,128,RMSprop,0.0002,1e-06,,256,False,0.05912,1.82151,0.5,0.42409,"[0.6, 0.14286, 0.52941]",0.59091,0.48756,"[0.68085, 0.18182, 0.6]",287,0.17962,1.73753,295,COMPLETED,23.573
81,20251210_094824,gaitgl.csv,gaitpart_GREW.csv,LSTM,42,2,"[64, 128]",False,L2,0.0,[],[1],max,512,gelu,True,128,RMSprop,0.0002,1e-06,,128,False,0.05364,1.54078,0.47727,0.34603,"[0.57143, 0.0, 0.46667]",0.5,0.44678,"[0.59091, 0.26667, 0.48276]",82,0.18375,1.31054,100,COMPLETED,10.54
82,20251210_094824,gaitgl_GREW.csv,gaitpart_GREW.csv,LSTM,42,2,"[64, 128]",False,L2,0.0,[],[1],max,512,gelu,True,128,RMSprop,0.0002,1e-06,,256,False,0.0602,1.39599,0.5,0.35462,"[0.61224, 0.0, 0.45161]",0.52273,0.43863,"[0.60465, 0.18182, 0.52941]",79,0.06167,1.29963,81,COMPLETED,9.176
83,20251210_094824,gaitgl_GREW_BNNeck.csv,gaitpart_GREW.csv,LSTM,42,2,"[64, 128]",False,L2,0.0,[],[1],max,512,gelu,True,128,RMSprop,0.0002,1e-06,,256,False,0.04853,2.18833,0.31818,0.2386,"[0.31579, 0.0, 0.4]",0.47727,0.32099,"[0.59259, 0.0, 0.37037]",85,0.72251,1.24128,177,COMPLETED,20.372
84,20251210_094824,gaitgl_OUMVLP.csv,gaitpart_GREW.csv,LSTM,42,2,"[64, 128]",False,L2,0.0,[],[1],max,512,gelu,True,128,RMSprop,0.0002,1e-06,,256,False,0.07962,1.46267,0.52273,0.46906,"[0.62222, 0.33333, 0.45161]",0.54545,0.50311,"[0.65217, 0.38095, 0.47619]",218,0.29964,1.48378,254,COMPLETED,29.035
85,20251210_094824,gaitpart_GREW.csv,gaitpart_GREW.csv,LSTM,42,2,"[64, 128]",False,L2,0.0,[],[1],max,512,gelu,True,128,RMSprop,0.0002,1e-06,,256,False,0.06477,1.4004,0.59091,0.54746,"[0.68085, 0.46154, 0.5]",0.59091,0.56801,"[0.65217, 0.53333, 0.51852]",311,0.08652,1.31382,317,COMPLETED,21.066
86,20251210_094824,gaitpart_OUMVLP.csv,gaitpart_GREW.csv,LSTM,42,2,"[64, 128]",False,L2,0.0,[],[1],max,512,gelu,True,128,RMSprop,0.0002,1e-06,,256,False,0.06547,1.55807,0.52273,0.37438,"[0.6383, 0.0, 0.48485]",0.59091,0.51151,"[0.70833, 0.30769, 0.51852]",296,0.63594,1.04997,475,COMPLETED,31.807
87,20251210_094824,gaitset.csv,gaitpart_GREW.csv,LSTM,42,2,"[64, 128]",False,L2,0.0,[],[1],max,512,gelu,True,128,RMSprop,0.0002,1e-06,,256,False,0.07303,1.80187,0.36364,0.32308,"[0.41026, 0.2, 0.35897]",0.38636,0.39585,"[0.4, 0.42857, 0.35897]",120,0.17682,1.57876,148,COMPLETED,16.548
88,20251210_094824,gaitset_GREW.csv,gaitpart_GREW.csv,LSTM,42,2,"[64, 128]",False,L2,0.0,[],[1],max,512,gelu,True,128,RMSprop,0.0002,1e-06,,256,False,0.04498,1.579,0.43182,0.39144,"[0.55, 0.21053, 0.41379]",0.54545,0.45308,"[0.65217, 0.22222, 0.48485]",212,0.24627,1.39766,245,COMPLETED,27.142
89,20251210_094824,gaitset_OUMVLP.csv,gaitpart_GREW.csv,LSTM,42,2,"[64, 128]",False,L2,0.0,[],[1],max,512,gelu,True,128,RMSprop,0.0002,1e-06,,256,False,0.0657,2.44994,0.43182,0.20765,"[0.62295, 0.0, 0.0]",0.5,0.43338,"[0.52632, 0.25, 0.52381]",326,0.73629,1.38141,571,COMPLETED,63.548
90,20251210_094824,gln_phase1.csv,gaitpart_GREW.csv,LSTM,42,2,"[64, 128]",False,L2,0.0,[],[1],max,512,gelu,True,128,RMSprop,0.0002,1e-06,,256,False,0.07423,1.35633,0.52273,0.37846,"[0.58537, 0.0, 0.55]",0.56818,0.50147,"[0.67925, 0.46154, 0.36364]",110,0.61887,1.15558,162,COMPLETED,23.078
91,20251210_094824,gln_phase2.csv,gaitpart_GREW.csv,LSTM,42,2,"[64, 128]",False,L2,0.0,[],[1],max,512,gelu,True,128,RMSprop,0.0002,1e-06,,256,False,0.03488,1.87765,0.56818,0.43443,"[0.68966, 0.25, 0.36364]",0.54545,0.51679,"[0.57143, 0.4, 0.57895]",159,0.05027,1.61783,161,COMPLETED,23.102

92,20251210_095352,baseline_CASIAB.csv,gaitpart_OUMVLP.csv,LSTM,42,1,[448],True,L2,0.0,[],[],max,256,silu,True,16,AdamW,0.001,1e-05,,256,True,0.0017,3.0578,0.5,0.36649,"[0.58333, 0.0, 0.51613]",0.5,0.45072,"[0.63158, 0.25, 0.47059]",18,0.66212,1.13197,33,COMPLETED,11.286
93,20251210_095352,baseline_OUMVLP.csv,gaitpart_OUMVLP.csv,LSTM,42,1,[448],True,L2,0.0,[],[],max,256,silu,True,16,AdamW,0.001,1e-05,,256,True,0.00121,3.53118,0.47727,0.34821,"[0.55814, 0.0, 0.48649]",0.54545,0.4627,"[0.6087, 0.25, 0.52941]",26,0.37862,1.4319,51,COMPLETED,17.395
94,20251210_095352,gaitgl.csv,gaitpart_OUMVLP.csv,LSTM,42,1,[448],True,L2,0.0,[],[],max,256,silu,True,16,AdamW,0.001,1e-05,,128,True,0.0008,1.99801,0.5,0.36402,"[0.57778, 0.0, 0.51429]",0.5,0.41902,"[0.60465, 0.18182, 0.47059]",12,0.00539,1.83205,15,COMPLETED,6.783
95,20251210_095352,gaitgl_GREW.csv,gaitpart_OUMVLP.csv,LSTM,42,1,[448],True,L2,0.0,[],[],max,256,silu,True,16,AdamW,0.001,1e-05,,256,True,0.03957,2.41017,0.5,0.28523,"[0.64516, 0.0, 0.21053]",0.45455,0.42632,"[0.4, 0.3, 0.57895]",10,0.02811,1.86289,13,COMPLETED,6.165
96,20251210_095352,gaitgl_GREW_BNNeck.csv,gaitpart_OUMVLP.csv,LSTM,42,1,[448],True,L2,0.0,[],[],max,256,silu,True,16,AdamW,0.001,1e-05,,256,True,0.04619,2.7786,0.54545,0.42963,"[0.66667, 0.22222, 0.4]",0.56818,0.44841,"[0.67857, 0.25, 0.41667]",19,0.01501,3.45922,21,COMPLETED,9.743
97,20251210_095352,gaitgl_OUMVLP.csv,gaitpart_OUMVLP.csv,LSTM,42,1,[448],True,L2,0.0,[],[],max,256,silu,True,16,AdamW,0.001,1e-05,,256,True,0.00689,2.62386,0.45455,0.39186,"[0.51282, 0.13333, 0.52941]",0.59091,0.49859,"[0.65116, 0.25, 0.59459]",39,0.02819,2.22844,42,COMPLETED,19.668
98,20251210_095352,gaitpart_GREW.csv,gaitpart_OUMVLP.csv,LSTM,42,1,[448],True,L2,0.0,[],[],max,256,silu,True,16,AdamW,0.001,1e-05,,256,True,0.00659,2.19149,0.54545,0.50301,"[0.66667, 0.42857, 0.41379]",0.56818,0.51796,"[0.68085, 0.42857, 0.44444]",42,0.19174,1.87482,47,COMPLETED,13.254
99,20251210_095352,gaitpart_OUMVLP.csv,gaitpart_OUMVLP.csv,LSTM,42,1,[448],True,L2,0.0,[],[],max,256,silu,True,16,AdamW,0.001,1e-05,,256,True,0.02017,2.00153,0.56818,0.48172,"[0.66667, 0.13333, 0.64516]",0.59091,0.579,"[0.68571, 0.38462, 0.66667]",98,0.27423,1.10794,121,COMPLETED,34.198
100,20251210_095352,gaitset.csv,gaitpart_OUMVLP.csv,LSTM,42,1,[448],True,L2,0.0,[],[],max,256,silu,True,16,AdamW,0.001,1e-05,,256,True,0.00167,3.30707,0.36364,0.25623,"[0.51064, 0.0, 0.25806]",0.38636,0.37012,"[0.24, 0.37037, 0.5]",13,0.49657,1.45553,25,COMPLETED,11.824
101,20251210_095352,gaitset_GREW.csv,gaitpart_OUMVLP.csv,LSTM,42,1,[448],True,L2,0.0,[],[],max,256,silu,True,16,AdamW,0.001,1e-05,,256,True,0.00306,3.00199,0.5,0.37066,"[0.57143, 0.0, 0.54054]",0.56818,0.4152,"[0.57895, 0.0, 0.66667]",29,0.17425,2.28908,35,COMPLETED,15.925
102,20251210_095352,gaitset_OUMVLP.csv,gaitpart_OUMVLP.csv,LSTM,42,1,[448],True,L2,0.0,[],[],max,256,silu,True,16,AdamW,0.001,1e-05,,256,True,0.00352,3.22441,0.47727,0.40337,"[0.57143, 0.15385, 0.48485]",0.59091,0.49984,"[0.63415, 0.25, 0.61538]",111,0.14349,2.34146,117,COMPLETED,53.687
103,20251210_095352,gln_phase1.csv,gaitpart_OUMVLP.csv,LSTM,42,1,[448],True,L2,0.0,[],[],max,256,silu,True,16,AdamW,0.001,1e-05,,256,True,0.001,2.47988,0.47727,0.35002,"[0.56522, 0.0, 0.48485]",0.54545,0.51597,"[0.68421, 0.38095, 0.48276]",14,0.38514,1.34052,28,COMPLETED,15.981
104,20251210_095352,gln_phase2.csv,gaitpart_OUMVLP.csv,LSTM,42,1,[448],True,L2,0.0,[],[],max,256,silu,True,16,AdamW,0.001,1e-05,,256,True,0.00319,2.36907,0.5,0.36957,"[0.6087, 0.0, 0.5]",0.59091,0.48717,"[0.68085, 0.2, 0.58065]",14,0.51848,1.31387,24,COMPLETED,13.838

105,20251210_095756,baseline_CASIAB.csv,gaitset.csv,LSTM,42,1,[256],False,L2,0.0,[],[],max,,,False,64,AdamW,0.001,1e-05,,256,True,0.07587,3.09453,0.5,0.41425,"[0.62222, 0.15385, 0.46667]",0.54545,0.46549,"[0.59091, 0.25, 0.55556]",112,0.34281,1.59159,135,COMPLETED,10.154
106,20251210_095756,baseline_OUMVLP.csv,gaitset.csv,LSTM,42,1,[256],False,L2,0.0,[],[],max,,,False,64,AdamW,0.001,1e-05,,256,True,0.05664,2.67394,0.43182,0.37086,"[0.43243, 0.15385, 0.52632]",0.59091,0.5285,"[0.65217, 0.33333, 0.6]",103,0.43404,1.46349,184,COMPLETED,13.862
107,20251210_095756,gaitgl.csv,gaitset.csv,LSTM,42,1,[256],False,L2,0.0,[],[],max,,,False,64,AdamW,0.001,1e-05,,128,True,0.02983,3.07768,0.45455,0.43485,"[0.5, 0.35294, 0.45161]",0.61364,0.60631,"[0.6383, 0.6, 0.58065]",94,0.09883,2.54318,100,COMPLETED,9.323
108,20251210_095756,gaitgl_GREW.csv,gaitset.csv,LSTM,42,1,[256],False,L2,0.0,[],[],max,,,False,64,AdamW,0.001,1e-05,,256,True,0.02578,2.73143,0.38636,0.32889,"[0.57143, 0.09524, 0.32]",0.47727,0.45417,"[0.5625, 0.28571, 0.51429]",81,0.131,1.95905,87,COMPLETED,8.919
109,20251210_095756,gaitgl_GREW_BNNeck.csv,gaitset.csv,LSTM,42,1,[256],False,L2,0.0,[],[],max,,,False,64,AdamW,0.001,1e-05,,256,True,0.04749,3.05019,0.36364,0.30577,"[0.52381, 0.11765, 0.27586]",0.52273,0.43795,"[0.61224, 0.25, 0.45161]",53,0.66301,1.16097,114,COMPLETED,11.733
110,20251210_095756,gaitgl_OUMVLP.csv,gaitset.csv,LSTM,42,1,[256],False,L2,0.0,[],[],max,,,False,64,AdamW,0.001,1e-05,,256,True,0.05874,1.90769,0.56818,0.52936,"[0.63636, 0.4, 0.55172]",0.56818,0.52936,"[0.63636, 0.4, 0.55172]",177,0.05874,1.90769,177,COMPLETED,18.654
111,20251210_095756,gaitpart_GREW.csv,gaitset.csv,LSTM,42,1,[256],False,L2,0.0,[],[],max,,,False,64,AdamW,0.001,1e-05,,256,True,0.06231,1.99033,0.54545,0.50914,"[0.63158, 0.33333, 0.5625]",0.59091,0.53214,"[0.7234, 0.42857, 0.44444]",153,0.17744,1.72626,207,COMPLETED,12.993
112,20251210_095756,gaitpart_OUMVLP.csv,gaitset.csv,LSTM,42,1,[256],False,L2,0.0,[],[],max,,,False,64,AdamW,0.001,1e-05,,256,True,0.05933,2.08209,0.5,0.42551,"[0.66667, 0.125, 0.48485]",0.68182,0.60679,"[0.7234, 0.36364, 0.73333]",277,0.30872,1.39497,383,COMPLETED,24.529
113,20251210_095756,gaitset.csv,gaitset.csv,LSTM,42,1,[256],False,L2,0.0,[],[],max,,,False,64,AdamW,0.001,1e-05,,256,True,0.05172,3.44756,0.40909,0.33549,"[0.53061, 0.2, 0.27586]",0.47727,0.37298,"[0.60377, 0.18182, 0.33333]",137,0.39248,1.72914,161,COMPLETED,16.536
114,20251210_095756,gaitset_GREW.csv,gaitset.csv,LSTM,42,1,[256],False,L2,0.0,[],[],max,,,False,64,AdamW,0.001,1e-05,,256,True,0.0344,2.95824,0.34091,0.29119,"[0.48649, 0.0, 0.3871]",0.45455,0.40035,"[0.2963, 0.33333, 0.57143]",135,0.41767,2.61468,149,COMPLETED,15.449
115,20251210_095756,gaitset_OUMVLP.csv,gaitset.csv,LSTM,42,1,[256],False,L2,0.0,[],[],max,,,False,64,AdamW,0.001,1e-05,,256,True,0.09515,2.67475,0.43182,0.37156,"[0.46154, 0.16667, 0.48649]",0.59091,0.5363,"[0.63415, 0.36364, 0.61111]",329,0.33003,1.5301,384,COMPLETED,39.668
116,20251210_095756,gln_phase1.csv,gaitset.csv,LSTM,42,1,[256],False,L2,0.0,[],[],max,,,False,64,AdamW,0.001,1e-05,,256,True,0.05567,2.97315,0.34091,0.30078,"[0.42105, 0.11765, 0.36364]",0.52273,0.43859,"[0.6087, 0.22222, 0.48485]",76,0.48407,1.28612,161,COMPLETED,21.147
117,20251210_095756,gln_phase2.csv,gaitset.csv,LSTM,42,1,[256],False,L2,0.0,[],[],max,,,False,64,AdamW,0.001,1e-05,,256,True,0.03795,2.39172,0.45455,0.39586,"[0.53659, 0.11765, 0.53333]",0.54545,0.47912,"[0.65217, 0.26667, 0.51852]",97,0.2367,1.55683,146,COMPLETED,18.935

118,20251210_100153,baseline_CASIAB.csv,gaitset_GREW.csv,LSTM,42,3,"[256, 256, 256]",False,L2,0.0,[],[],last,256,silu,True,32,Adam,0.001,1e-06,,256,True,0.06422,3.984,0.40909,0.37302,"[0.5, 0.28571, 0.33333]",0.47727,0.44862,"[0.51163, 0.36364, 0.47059]",107,0.6154,1.51246,163,COMPLETED,38.398
119,20251210_100153,baseline_OUMVLP.csv,gaitset_GREW.csv,LSTM,42,3,"[256, 256, 256]",False,L2,0.0,[],[],last,256,silu,True,32,Adam,0.001,1e-06,,256,True,0.06152,2.57041,0.5,0.42735,"[0.46154, 0.15385, 0.66667]",0.56818,0.52751,"[0.57143, 0.4, 0.61111]",137,0.35723,1.33907,199,COMPLETED,46.592
120,20251210_100153,gaitgl.csv,gaitset_GREW.csv,LSTM,42,3,"[256, 256, 256]",False,L2,0.0,[],[],last,256,silu,True,32,Adam,0.001,1e-06,,128,True,0.0232,3.27518,0.47727,0.35714,"[0.57143, 0.0, 0.5]",0.52273,0.49174,"[0.61538, 0.375, 0.48485]",52,0.23859,2.47612,89,COMPLETED,29.901
121,20251210_100153,gaitgl_GREW.csv,gaitset_GREW.csv,LSTM,42,3,"[256, 256, 256]",False,L2,0.0,[],[],last,256,silu,True,32,Adam,0.001,1e-06,,256,True,0.01439,4.03505,0.47727,0.42464,"[0.59574, 0.33333, 0.34483]",0.52273,0.48564,"[0.625, 0.46154, 0.37037]",43,0.36351,3.22281,53,COMPLETED,18.409
122,20251210_100153,gaitgl_GREW_BNNeck.csv,gaitset_GREW.csv,LSTM,42,3,"[256, 256, 256]",False,L2,0.0,[],[],last,256,silu,True,32,Adam,0.001,1e-06,,256,True,0.06517,3.43148,0.40909,0.35267,"[0.47619, 0.18182, 0.4]",0.52273,0.52785,"[0.52381, 0.54545, 0.51429]",102,0.0878,3.01182,105,COMPLETED,36.238
123,20251210_100153,gaitgl_OUMVLP.csv,gaitset_GREW.csv,LSTM,42,3,"[256, 256, 256]",False,L2,0.0,[],[],last,256,silu,True,32,Adam,0.001,1e-06,,256,True,0.05486,4.50135,0.36364,0.28427,"[0.42857, 0.0, 0.42424]",0.5,0.42616,"[0.55319, 0.15385, 0.57143]",178,0.5239,3.18031,411,COMPLETED,142.178
124,20251210_100153,gaitpart_GREW.csv,gaitset_GREW.csv,LSTM,42,3,"[256, 256, 256]",False,L2,0.0,[],[],last,256,silu,True,32,Adam,0.001,1e-06,,256,True,0.04002,2.97263,0.5,0.44678,"[0.59091, 0.26667, 0.48276]",0.54545,0.53361,"[0.57143, 0.5, 0.52941]",186,0.28072,1.8469,214,COMPLETED,39.262
125,20251210_100153,gaitpart_OUMVLP.csv,gaitset_GREW.csv,LSTM,42,3,"[256, 256, 256]",False,L2,0.0,[],[],last,256,silu,True,32,Adam,0.001,1e-06,,256,True,0.08592,2.97432,0.52273,0.44033,"[0.60465, 0.15385, 0.5625]",0.61364,0.63123,"[0.65, 0.71429, 0.52941]",311,0.45058,1.72461,520,COMPLETED,94.427
126,20251210_100153,gaitset.csv,gaitset_GREW.csv,LSTM,42,3,"[256, 256, 256]",False,L2,0.0,[],[],last,256,silu,True,32,Adam,0.001,1e-06,,256,True,0.05482,2.95218,0.45455,0.42029,"[0.55319, 0.4, 0.30769]",0.52273,0.475,"[0.625, 0.4, 0.4]",192,0.0761,2.67621,196,COMPLETED,66.525
127,20251210_100153,gaitset_GREW.csv,gaitset_GREW.csv,LSTM,42,3,"[256, 256, 256]",False,L2,0.0,[],[],last,256,silu,True,32,Adam,0.001,1e-06,,256,True,1.00662,1.01436,0.47727,0.21538,"[0.64615, 0.0, 0.0]",0.47727,0.21538,"[0.64615, 0.0, 0.0]",135,1.00662,1.01436,135,STOPPED,46.343
128,20251210_100153,gaitset_OUMVLP.csv,gaitset_GREW.csv,LSTM,42,3,"[256, 256, 256]",False,L2,0.0,[],[],last,256,silu,True,32,Adam,0.001,1e-06,,256,True,1.01373,1.01406,0.47727,0.21538,"[0.64615, 0.0, 0.0]",0.47727,0.21538,"[0.64615, 0.0, 0.0]",120,1.01373,1.01406,120,STOPPED,41.009
129,20251210_100153,gln_phase1.csv,gaitset_GREW.csv,LSTM,42,3,"[256, 256, 256]",False,L2,0.0,[],[],last,256,silu,True,32,Adam,0.001,1e-06,,256,True,0.04256,3.47878,0.45455,0.41618,"[0.52632, 0.22222, 0.5]",0.56818,0.53768,"[0.66667, 0.46154, 0.48485]",101,0.49191,1.61055,182,COMPLETED,80.884
130,20251210_100153,gln_phase2.csv,gaitset_GREW.csv,LSTM,42,3,"[256, 256, 256]",False,L2,0.0,[],[],last,256,silu,True,32,Adam,0.001,1e-06,,256,True,0.03001,4.03189,0.40909,0.34808,"[0.52381, 0.13333, 0.3871]",0.54545,0.51483,"[0.65306, 0.57143, 0.32]",75,0.39956,2.05115,142,COMPLETED,63.243

131,20251210_101431,baseline_CASIAB.csv,gaitset_OUMVLP.csv,LSTM,42,2,"[256, 384]",True,L2,0.0,[],[1],max,512,gelu,True,32,Adam,0.0002,1e-05,,256,False,0.00766,2.24678,0.54545,0.44667,"[0.64, 0.2, 0.5]",0.54545,0.46649,"[0.58537, 0.25, 0.5641]",39,0.01648,2.20407,40,COMPLETED,13.213
132,20251210_101431,baseline_OUMVLP.csv,gaitset_OUMVLP.csv,LSTM,42,2,"[256, 384]",True,L2,0.0,[],[1],max,512,gelu,True,32,Adam,0.0002,1e-05,,256,False,0.00953,2.03181,0.61364,0.44877,"[0.69767, 0.0, 0.64865]",0.63636,0.55624,"[0.72, 0.33333, 0.61538]",46,0.1485,1.70815,52,COMPLETED,17.33
133,20251210_101431,gaitgl.csv,gaitset_OUMVLP.csv,LSTM,42,2,"[256, 384]",True,L2,0.0,[],[1],max,512,gelu,True,32,Adam,0.0002,1e-05,,128,False,0.04463,1.88248,0.5,0.45,"[0.6, 0.25, 0.5]",0.54545,0.45833,"[0.5, 0.25, 0.625]",17,0.04369,2.47178,18,COMPLETED,8.169
134,20251210_101431,gaitgl_GREW.csv,gaitset_OUMVLP.csv,LSTM,42,2,"[256, 384]",True,L2,0.0,[],[1],max,512,gelu,True,32,Adam,0.0002,1e-05,,256,False,0.00467,1.98388,0.47727,0.30905,"[0.60714, 0.0, 0.32]",0.47727,0.40598,"[0.5641, 0.15385, 0.5]",18,0.00788,1.72446,19,COMPLETED,8.879
135,20251210_101431,gaitgl_GREW_BNNeck.csv,gaitset_OUMVLP.csv,LSTM,42,2,"[256, 384]",True,L2,0.0,[],[1],max,512,gelu,True,32,Adam,0.0002,1e-05,,256,False,0.0124,2.19179,0.45455,0.32982,"[0.56522, 0.0, 0.42424]",0.47727,0.40664,"[0.52381, 0.18182, 0.51429]",36,0.02672,2.00106,38,COMPLETED,17.835
136,20251210_101431,gaitgl_OUMVLP.csv,gaitset_OUMVLP.csv,LSTM,42,2,"[256, 384]",True,L2,0.0,[],[1],max,512,gelu,True,32,Adam,0.0002,1e-05,,256,False,0.00738,1.87571,0.56818,0.47155,"[0.65217, 0.18182, 0.58065]",0.54545,0.48909,"[0.61905, 0.28571, 0.5625]",43,0.21134,1.39275,48,COMPLETED,22.66
137,20251210_101431,gaitpart_GREW.csv,gaitset_OUMVLP.csv,LSTM,42,2,"[256, 384]",True,L2,0.0,[],[1],max,512,gelu,True,32,Adam,0.0002,1e-05,,256,False,0.00888,1.77542,0.56818,0.49322,"[0.72727, 0.28571, 0.46667]",0.63636,0.60813,"[0.70588, 0.6, 0.51852]",51,0.32169,1.37093,64,COMPLETED,16.728
138,20251210_101431,gaitpart_OUMVLP.csv,gaitset_OUMVLP.csv,LSTM,42,2,"[256, 384]",True,L2,0.0,[],[1],max,512,gelu,True,32,Adam,0.0002,1e-05,,256,False,0.01525,2.43316,0.52273,0.37276,"[0.66667, 0.0, 0.45161]",0.56818,0.42222,"[0.66667, 0.0, 0.6]",88,0.55238,1.30053,99,COMPLETED,25.726
139,20251210_101431,gaitset.csv,gaitset_OUMVLP.csv,LSTM,42,2,"[256, 384]",True,L2,0.0,[],[1],max,512,gelu,True,32,Adam,0.0002,1e-05,,256,False,0.00401,2.51725,0.47727,0.32574,"[0.59259, 0.0, 0.38462]",0.47727,0.33333,"[0.61538, 0.0, 0.38462]",34,0.00527,2.32883,35,COMPLETED,16.218
140,20251210_101431,gaitset_GREW.csv,gaitset_OUMVLP.csv,LSTM,42,2,"[256, 384]",True,L2,0.0,[],[1],max,512,gelu,True,32,Adam,0.0002,1e-05,,256,False,0.01854,2.1391,0.36364,0.31341,"[0.5, 0.11765, 0.32258]",0.47727,0.34553,"[0.53659, 0.0, 0.5]",34,0.30725,1.56276,41,COMPLETED,18.761
141,20251210_101431,gaitset_OUMVLP.csv,gaitset_OUMVLP.csv,LSTM,42,2,"[256, 384]",True,L2,0.0,[],[1],max,512,gelu,True,32,Adam,0.0002,1e-05,,256,False,0.02648,2.52688,0.45455,0.29384,"[0.64151, 0.0, 0.24]",0.47727,0.39444,"[0.58333, 0.2, 0.4]",81,0.73176,1.21456,108,COMPLETED,49.931
142,20251210_101431,gln_phase1.csv,gaitset_OUMVLP.csv,LSTM,42,2,"[256, 384]",True,L2,0.0,[],[1],max,512,gelu,True,32,Adam,0.0002,1e-05,,256,False,0.01517,1.67768,0.54545,0.39855,"[0.69565, 0.0, 0.5]",0.52273,0.51323,"[0.61111, 0.42857, 0.5]",29,0.10219,1.68069,34,COMPLETED,20.565
143,20251210_101431,gln_phase2.csv,gaitset_OUMVLP.csv,LSTM,42,2,"[256, 384]",True,L2,0.0,[],[1],max,512,gelu,True,32,Adam,0.0002,1e-05,,256,False,0.00684,1.84173,0.54545,0.39015,"[0.625, 0.0, 0.54545]",0.59091,0.49182,"[0.68182, 0.22222, 0.57143]",25,0.37103,1.37156,32,COMPLETED,19.389

144,20251210_101901,baseline_CASIAB.csv,gln_phase1.csv,LSTM,42,1,[448],False,L2,0.0,[],[],last,1024,silu,True,32,Adam,0.001,1e-06,,256,True,0.02618,4.89556,0.43182,0.3694,"[0.48889, 0.18182, 0.4375]",0.59091,0.48381,"[0.68, 0.2, 0.57143]",65,0.59482,1.44472,111,COMPLETED,15.411
145,20251210_101901,baseline_OUMVLP.csv,gln_phase1.csv,LSTM,42,1,[448],False,L2,0.0,[],[],last,1024,silu,True,32,Adam,0.001,1e-06,,256,True,0.06868,2.64972,0.47727,0.41142,"[0.43902, 0.16667, 0.62857]",0.63636,0.53107,"[0.63415, 0.22222, 0.73684]",96,0.12862,2.63763,113,COMPLETED,15.559
146,20251210_101901,gaitgl.csv,gln_phase1.csv,LSTM,42,1,[448],False,L2,0.0,[],[],last,1024,silu,True,32,Adam,0.001,1e-06,,128,True,0.00371,4.47828,0.45455,0.44404,"[0.46154, 0.4, 0.47059]",0.56818,0.55534,"[0.58537, 0.5, 0.58065]",39,0.36334,1.70588,48,COMPLETED,8.313
147,20251210_101901,gaitgl_GREW.csv,gln_phase1.csv,LSTM,42,1,[448],False,L2,0.0,[],[],last,1024,silu,True,32,Adam,0.001,1e-06,,256,True,0.00757,4.22013,0.40909,0.3826,"[0.46512, 0.30769, 0.375]",0.45455,0.42203,"[0.4878, 0.30769, 0.47059]",28,0.04073,3.47659,30,COMPLETED,5.401
148,20251210_101901,gaitgl_GREW_BNNeck.csv,gln_phase1.csv,LSTM,42,1,[448],False,L2,0.0,[],[],last,1024,silu,True,32,Adam,0.001,1e-06,,256,True,0.02329,4.39613,0.38636,0.33282,"[0.54545, 0.22222, 0.23077]",0.5,0.44099,"[0.6087, 0.28571, 0.42857]",25,0.65566,1.53693,57,COMPLETED,10.275
149,20251210_101901,gaitgl_OUMVLP.csv,gln_phase1.csv,LSTM,42,1,[448],False,L2,0.0,[],[],last,1024,silu,True,32,Adam,0.001,1e-06,,256,True,0.01872,6.72795,0.45455,0.34701,"[0.51163, 0.0, 0.52941]",0.52273,0.43558,"[0.58824, 0.2, 0.51852]",59,0.55085,2.67682,122,COMPLETED,21.889
150,20251210_101901,gaitpart_GREW.csv,gln_phase1.csv,LSTM,42,1,[448],False,L2,0.0,[],[],last,1024,silu,True,32,Adam,0.001,1e-06,,256,True,0.00974,2.81478,0.5,0.47316,"[0.59091, 0.42857, 0.4]",0.54545,0.52222,"[0.62222, 0.5, 0.44444]",103,0.03551,2.52915,106,COMPLETED,12.203
151,20251210_101901,gaitpart_OUMVLP.csv,gln_phase1.csv,LSTM,42,1,[448],False,L2,0.0,[],[],last,1024,silu,True,32,Adam,0.001,1e-06,,256,True,0.06463,2.8273,0.59091,0.57534,"[0.57895, 0.5, 0.64706]",0.63636,0.61569,"[0.66667, 0.53333, 0.64706]",357,0.26249,2.08736,364,COMPLETED,41.916
152,20251210_101901,gaitset.csv,gln_phase1.csv,LSTM,42,1,[448],False,L2,0.0,[],[],last,1024,silu,True,32,Adam,0.001,1e-06,,256,True,0.04833,3.35872,0.45455,0.4426,"[0.47619, 0.4, 0.45161]",0.52273,0.47766,"[0.58537, 0.33333, 0.51429]",52,0.509,1.6646,74,COMPLETED,13.019
153,20251210_101901,gaitset_GREW.csv,gln_phase1.csv,LSTM,42,1,[448],False,L2,0.0,[],[],last,1024,silu,True,32,Adam,0.001,1e-06,,256,True,0.02889,4.48133,0.36364,0.32297,"[0.5, 0.10526, 0.36364]",0.45455,0.41856,"[0.45714, 0.28571, 0.51282]",86,0.37144,1.82686,121,COMPLETED,21.133
154,20251210_101901,gaitset_OUMVLP.csv,gln_phase1.csv,LSTM,42,1,[448],False,L2,0.0,[],[],last,1024,silu,True,32,Adam,0.001,1e-06,,256,True,0.08985,3.59046,0.5,0.42251,"[0.57143, 0.18182, 0.51429]",0.56818,0.50323,"[0.68182, 0.23529, 0.59259]",338,0.21633,2.95582,353,COMPLETED,62.101
155,20251210_101901,gln_phase1.csv,gln_phase1.csv,LSTM,42,1,[448],False,L2,0.0,[],[],last,1024,silu,True,32,Adam,0.001,1e-06,,256,True,0.02303,1.88172,0.70455,0.65508,"[0.75556, 0.5, 0.70968]",0.72727,0.73091,"[0.73684, 0.75, 0.70588]",82,0.03725,1.88236,83,COMPLETED,18.065
156,20251210_101901,gln_phase2.csv,gln_phase1.csv,LSTM,42,1,[448],False,L2,0.0,[],[],last,1024,silu,True,32,Adam,0.001,1e-06,,256,True,0.0066,3.67395,0.56818,0.50628,"[0.65217, 0.33333, 0.53333]",0.56818,0.5529,"[0.5641, 0.5, 0.59459]",63,0.2451,2.16895,94,COMPLETED,20.541

157,20251210_102342,baseline_CASIAB.csv,gln_phase2.csv,LSTM,42,2,"[896, 768]",False,L2,0.2,[1],[1],mean,256,relu,False,32,AdamW,0.0002,1e-06,,256,False,0.01725,3.32929,0.5,0.39709,"[0.64, 0.16667, 0.38462]",0.56818,0.46834,"[0.66667, 0.22222, 0.51613]",44,0.31362,1.58266,61,COMPLETED,18.26
158,20251210_102342,baseline_OUMVLP.csv,gln_phase2.csv,LSTM,42,2,"[896, 768]",False,L2,0.2,[1],[1],mean,256,relu,False,32,AdamW,0.0002,1e-06,,256,False,0.00683,2.3349,0.56818,0.51093,"[0.61905, 0.30769, 0.60606]",0.59091,0.53434,"[0.65116, 0.36364, 0.58824]",86,0.03117,2.14175,88,COMPLETED,26.159
159,20251210_102342,gaitgl.csv,gln_phase2.csv,LSTM,42,2,"[896, 768]",False,L2,0.2,[1],[1],mean,256,relu,False,32,AdamW,0.0002,1e-06,,128,False,0.00422,3.32432,0.43182,0.35507,"[0.56522, 0.16667, 0.33333]",0.47727,0.40598,"[0.5641, 0.15385, 0.5]",47,0.25183,1.77258,53,COMPLETED,22.163
160,20251210_102342,gaitgl_GREW.csv,gln_phase2.csv,LSTM,42,2,"[896, 768]",False,L2,0.2,[1],[1],mean,256,relu,False,32,AdamW,0.0002,1e-06,,256,False,0.04564,3.29499,0.45455,0.30753,"[0.6, 0.0, 0.32258]",0.52273,0.49392,"[0.64, 0.54545, 0.2963]",51,0.0475,2.07395,55,COMPLETED,23.938
161,20251210_102342,gaitgl_GREW_BNNeck.csv,gln_phase2.csv,LSTM,42,2,"[896, 768]",False,L2,0.2,[1],[1],mean,256,relu,False,32,AdamW,0.0002,1e-06,,256,False,0.03577,3.4862,0.40909,0.34762,"[0.5, 0.14286, 0.4]",0.45455,0.37909,"[0.54167, 0.18182, 0.41379]",67,0.21061,2.26521,82,COMPLETED,35.341
162,20251210_102342,gaitgl_OUMVLP.csv,gln_phase2.csv,LSTM,42,2,"[896, 768]",False,L2,0.2,[1],[1],mean,256,relu,False,32,AdamW,0.0002,1e-06,,256,False,0.03072,2.86503,0.47727,0.4306,"[0.58333, 0.36364, 0.34483]",0.47727,0.4306,"[0.58333, 0.36364, 0.34483]",78,0.03072,2.86503,78,COMPLETED,33.838
163,20251210_102342,gaitpart_GREW.csv,gln_phase2.csv,LSTM,42,2,"[896, 768]",False,L2,0.2,[1],[1],mean,256,relu,False,32,AdamW,0.0002,1e-06,,256,False,0.01006,2.7013,0.40909,0.34071,"[0.51064, 0.16667, 0.34483]",0.52273,0.50381,"[0.61538, 0.44444, 0.45161]",88,0.06219,2.70102,91,COMPLETED,21.633
164,20251210_102342,gaitpart_OUMVLP.csv,gln_phase2.csv,LSTM,42,2,"[896, 768]",False,L2,0.2,[1],[1],mean,256,relu,False,32,AdamW,0.0002,1e-06,,256,False,0.0269,2.90822,0.45455,0.32348,"[0.58333, 0.0, 0.3871]",0.54545,0.47238,"[0.69565, 0.30769, 0.41379]",120,0.20897,1.72312,142,COMPLETED,33.716
165,20251210_102342,gaitset.csv,gln_phase2.csv,LSTM,42,2,"[896, 768]",False,L2,0.2,[1],[1],mean,256,relu,False,32,AdamW,0.0002,1e-06,,256,False,0.01067,2.83341,0.43182,0.36006,"[0.5098, 0.2, 0.37037]",0.47727,0.45408,"[0.51064, 0.4, 0.45161]",43,0.46171,1.48444,66,COMPLETED,27.758
166,20251210_102342,gaitset_GREW.csv,gln_phase2.csv,LSTM,42,2,"[896, 768]",False,L2,0.2,[1],[1],mean,256,relu,False,32,AdamW,0.0002,1e-06,,256,False,0.09384,3.18341,0.43182,0.28205,"[0.61538, 0.0, 0.23077]",0.54545,0.46016,"[0.5625, 0.22222, 0.59574]",53,0.56452,1.47454,78,COMPLETED,33.101
167,20251210_102342,gaitset_OUMVLP.csv,gln_phase2.csv,LSTM,42,2,"[896, 768]",False,L2,0.2,[1],[1],mean,256,relu,False,32,AdamW,0.0002,1e-06,,256,False,0.02042,3.62886,0.47727,0.38489,"[0.58824, 0.18182, 0.38462]",0.52273,0.42139,"[0.65306, 0.16667, 0.44444]",156,0.10919,2.08244,161,COMPLETED,68.163
168,20251210_102342,gln_phase1.csv,gln_phase2.csv,LSTM,42,2,"[896, 768]",False,L2,0.2,[1],[1],mean,256,relu,False,32,AdamW,0.0002,1e-06,,256,False,0.02836,3.6181,0.40909,0.37955,"[0.35294, 0.28571, 0.5]",0.52273,0.48207,"[0.6087, 0.4, 0.4375]",70,0.01688,3.06263,71,COMPLETED,39.12
169,20251210_102342,gln_phase2.csv,gln_phase2.csv,LSTM,42,2,"[896, 768]",False,L2,0.2,[1],[1],mean,256,relu,False,32,AdamW,0.0002,1e-06,,256,False,0.03211,2.47674,0.5,0.4386,"[0.66667, 0.31579, 0.33333]",0.54545,0.51183,"[0.61111, 0.35294, 0.57143]",63,0.44851,1.31831,72,COMPLETED,39.738
