id,timestamp,target_embedding,top_variant,source_params,model,seed,input_dim,num_layers,layer_sizes,bidirectional,norm,dropout,dropout_layers,norm_layers,pooling,fc_hidden,activation,norm_post_lstm,native_mode,batch_size,optimizer,momentum_sgd,learning_rate,weight_decay,label_smoothing,clip_grad_norm,train_loss,test_loss,accuracy,f1_macro,f1_per_class,epochs_trained,train_loss_best_state,test_loss_best_state,best_accuracy,best_f1,best_f1_per_class,best_epoch,training,duration_sec
1,20260111_191136,baseline_CASIAB_LOW70.csv,70%,Preset_11,LSTM,42,256,1,[256],False,minmax,0.0,[],[],last,128,gelu,True,True,96,Adam,,0.0002,1e-06,0.02,1.0,0.11288,2.33565,0.52273,0.49391,"[0.54054, 0.35294, 0.58824]",442,0.39912,1.66839,0.59091,0.55144,"[0.63415, 0.375, 0.64516]",223,COMPLETED,25.383
2,20260111_191136,baseline_OUMVLP_LOW70.csv,70%,Preset_11,LSTM,42,256,1,[256],False,minmax,0.0,[],[],last,128,gelu,True,True,96,Adam,,0.0002,1e-06,0.02,1.0,0.11973,1.75431,0.45455,0.39455,"[0.4878, 0.13333, 0.5625]",556,0.14273,1.68859,0.63636,0.52759,"[0.69388, 0.22222, 0.66667]",486,COMPLETED,32.429
3,20260111_191136,gaitgl_GREW_BNNeck_LOW70.csv,70%,Preset_11,LSTM,42,256,1,[256],False,minmax,0.0,[],[],last,128,gelu,True,True,96,Adam,,0.0002,1e-06,0.02,1.0,1.10507,1.1058,0.18182,0.12364,"[0.09091, 0.28, 0.0]",104,1.10507,1.1058,0.18182,0.12364,"[0.09091, 0.28, 0.0]",104,STOPPED,7.508
4,20260111_191136,gaitgl_GREW_LOW70.csv,70%,Preset_11,LSTM,42,256,1,[256],False,minmax,0.0,[],[],last,128,gelu,True,True,96,Adam,,0.0002,1e-06,0.02,1.0,0.10909,2.20167,0.45455,0.38959,"[0.51163, 0.2, 0.45714]",199,0.12768,2.34852,0.5,0.46714,"[0.47368, 0.36364, 0.5641]",180,COMPLETED,14.716
5,20260111_191136,gaitgl_LOW70.csv,70%,Preset_11,LSTM,42,128,1,[256],False,minmax,0.0,[],[],last,128,gelu,True,True,96,Adam,,0.0002,1e-06,0.02,1.0,0.11292,2.39829,0.34091,0.27204,"[0.35897, 0.0, 0.45714]",316,0.47997,1.6602,0.47727,0.40388,"[0.44444, 0.18182, 0.58537]",159,COMPLETED,20.908
6,20260111_191136,gaitgl_OUMVLP_LOW70.csv,70%,Preset_11,LSTM,42,256,1,[256],False,minmax,0.0,[],[],last,128,gelu,True,True,96,Adam,,0.0002,1e-06,0.02,1.0,0.10577,2.99603,0.36364,0.34167,"[0.4, 0.25, 0.375]",605,0.41791,2.9126,0.43182,0.41481,"[0.44444, 0.3, 0.5]",579,COMPLETED,46.195
7,20260111_191136,gaitpart_GREW_LOW70.csv,70%,Preset_11,LSTM,42,256,1,[256],False,minmax,0.0,[],[],last,128,gelu,True,True,96,Adam,,0.0002,1e-06,0.02,1.0,0.11079,2.4584,0.40909,0.3803,"[0.45, 0.26667, 0.42424]",456,0.40478,1.92243,0.45455,0.45421,"[0.4375, 0.45455, 0.47059]",256,COMPLETED,23.948
8,20260111_191136,gaitpart_OUMVLP_LOW70.csv,70%,Preset_11,LSTM,42,256,1,[256],False,minmax,0.0,[],[],last,128,gelu,True,True,96,Adam,,0.0002,1e-06,0.02,1.0,1.10471,1.09426,0.36364,0.17778,"[0.0, 0.0, 0.53333]",110,1.10471,1.09426,0.36364,0.17778,"[0.0, 0.0, 0.53333]",110,STOPPED,5.796
9,20260111_191136,gaitset_GREW_LOW70.csv,70%,Preset_11,LSTM,42,256,1,[256],False,minmax,0.0,[],[],last,128,gelu,True,True,96,Adam,,0.0002,1e-06,0.02,1.0,0.11456,2.65896,0.36364,0.3549,"[0.35294, 0.3, 0.41176]",396,0.21668,2.29814,0.45455,0.43565,"[0.53659, 0.4, 0.37037]",271,COMPLETED,30.011
10,20260111_191136,gaitset_LOW70.csv,70%,Preset_11,LSTM,42,256,1,[256],False,minmax,0.0,[],[],last,128,gelu,True,True,96,Adam,,0.0002,1e-06,0.02,1.0,0.1193,2.76238,0.34091,0.28165,"[0.4878, 0.0, 0.35714]",436,0.56654,1.28716,0.45455,0.40443,"[0.53659, 0.10526, 0.57143]",192,COMPLETED,32.399
11,20260111_191136,gaitset_OUMVLP_LOW70.csv,70%,Preset_11,LSTM,42,256,1,[256],False,minmax,0.0,[],[],last,128,gelu,True,True,96,Adam,,0.0002,1e-06,0.02,1.0,1.10457,1.09291,0.47727,0.21538,"[0.64615, 0.0, 0.0]",243,1.10457,1.09291,0.47727,0.21538,"[0.64615, 0.0, 0.0]",243,STOPPED,17.521
12,20260111_191136,gln_phase1_LOW70.csv,70%,Preset_11,LSTM,42,256,1,[256],False,minmax,0.0,[],[],last,128,gelu,True,True,96,Adam,,0.0002,1e-06,0.02,1.0,0.10923,2.78423,0.43182,0.38414,"[0.58537, 0.22222, 0.34483]",459,0.39517,1.59752,0.52273,0.51192,"[0.59459, 0.47059, 0.47059]",229,COMPLETED,41.687
13,20260111_191136,gln_phase2_LOW70.csv,70%,Preset_11,LSTM,42,256,1,[256],False,minmax,0.0,[],[],last,128,gelu,True,True,96,Adam,,0.0002,1e-06,0.02,1.0,0.11609,2.80508,0.29545,0.25476,"[0.45, 0.1, 0.21429]",418,0.30794,2.21522,0.45455,0.43567,"[0.5, 0.33333, 0.47368]",315,COMPLETED,37.779

14,20260111_191136,baseline_CASIAB_LOW70.csv,70%,Preset_3,LSTM,42,256,1,[1024],False,L2,0.0,[],[],last,1024,silu,True,True,32,AdamW,,0.0002,1e-06,0.02,1.0,0.11999,2.10695,0.43182,0.3637,"[0.51064, 0.16667, 0.41379]",94,0.13734,2.03069,0.56818,0.55185,"[0.6, 0.5, 0.55556]",81,COMPLETED,15.378
15,20260111_191136,baseline_OUMVLP_LOW70.csv,70%,Preset_3,LSTM,42,256,1,[1024],False,L2,0.0,[],[],last,1024,silu,True,True,32,AdamW,,0.0002,1e-06,0.02,1.0,0.1125,1.65675,0.54545,0.4602,"[0.58537, 0.16667, 0.62857]",121,0.19886,1.82385,0.59091,0.49495,"[0.63636, 0.18182, 0.66667]",80,COMPLETED,19.047
16,20260111_191136,gaitgl_GREW_BNNeck_LOW70.csv,70%,Preset_3,LSTM,42,256,1,[1024],False,L2,0.0,[],[],last,1024,silu,True,True,32,AdamW,,0.0002,1e-06,0.02,1.0,0.11245,1.4898,0.61364,0.57923,"[0.65116, 0.46154, 0.625]",66,0.11245,1.4898,0.61364,0.57923,"[0.65116, 0.46154, 0.625]",66,COMPLETED,13.434
17,20260111_191136,gaitgl_GREW_LOW70.csv,70%,Preset_3,LSTM,42,256,1,[1024],False,L2,0.0,[],[],last,1024,silu,True,True,32,AdamW,,0.0002,1e-06,0.02,1.0,0.10623,2.25435,0.40909,0.35544,"[0.45455, 0.2, 0.41176]",38,0.14195,2.27884,0.45455,0.41877,"[0.5, 0.28571, 0.47059]",33,COMPLETED,7.74
18,20260111_191136,gaitgl_LOW70.csv,70%,Preset_3,LSTM,42,128,1,[1024],False,L2,0.0,[],[],last,1024,silu,True,True,32,AdamW,,0.0002,1e-06,0.02,1.0,0.11858,2.57355,0.36364,0.33792,"[0.4186, 0.21053, 0.38462]",54,0.73169,1.26249,0.45455,0.45584,"[0.44444, 0.46154, 0.46154]",12,COMPLETED,10.332
19,20260111_191136,gaitgl_OUMVLP_LOW70.csv,70%,Preset_3,LSTM,42,256,1,[1024],False,L2,0.0,[],[],last,1024,silu,True,True,32,AdamW,,0.0002,1e-06,0.02,1.0,0.11036,1.85006,0.45455,0.34127,"[0.52381, 0.0, 0.5]",132,0.61039,1.7049,0.5,0.43107,"[0.51282, 0.13333, 0.64706]",37,COMPLETED,82.193
20,20260111_191136,gaitpart_GREW_LOW70.csv,70%,Preset_3,LSTM,42,256,1,[1024],False,L2,0.0,[],[],last,1024,silu,True,True,32,AdamW,,0.0002,1e-06,0.02,1.0,0.11622,1.63832,0.40909,0.38606,"[0.4878, 0.3, 0.37037]",111,0.29778,1.56618,0.52273,0.49537,"[0.55556, 0.375, 0.55556]",67,COMPLETED,15.807
21,20260111_191136,gaitpart_OUMVLP_LOW70.csv,70%,Preset_3,LSTM,42,256,1,[1024],False,L2,0.0,[],[],last,1024,silu,True,True,32,AdamW,,0.0002,1e-06,0.02,1.0,0.10703,2.59412,0.38636,0.34981,"[0.57143, 0.09091, 0.3871]",322,0.54932,1.62308,0.54545,0.4588,"[0.59459, 0.18182, 0.6]",140,COMPLETED,44.789
22,20260111_191136,gaitset_GREW_LOW70.csv,70%,Preset_3,LSTM,42,256,1,[1024],False,L2,0.0,[],[],last,1024,silu,True,True,32,AdamW,,0.0002,1e-06,0.02,1.0,0.10838,1.96499,0.45455,0.41589,"[0.51282, 0.25, 0.48485]",97,0.16539,2.56878,0.45455,0.44959,"[0.45714, 0.42105, 0.47059]",67,COMPLETED,20.59
23,20260111_191136,gaitset_LOW70.csv,70%,Preset_3,LSTM,42,256,1,[1024],False,L2,0.0,[],[],last,1024,silu,True,True,32,AdamW,,0.0002,1e-06,0.02,1.0,0.11459,2.14055,0.31818,0.2868,"[0.42857, 0.18182, 0.25]",92,0.17383,2.11274,0.45455,0.4125,"[0.55, 0.25, 0.4375]",55,COMPLETED,19.151
24,20260111_191136,gaitset_OUMVLP_LOW70.csv,70%,Preset_3,LSTM,42,256,1,[1024],False,L2,0.0,[],[],last,1024,silu,True,True,32,AdamW,,0.0002,1e-06,0.02,1.0,0.11358,1.51337,0.61364,0.59429,"[0.66667, 0.47619, 0.64]",353,0.10658,1.27666,0.70455,0.68224,"[0.74419, 0.58824, 0.71429]",336,COMPLETED,72.826
25,20260111_191136,gln_phase1_LOW70.csv,70%,Preset_3,LSTM,42,256,1,[1024],False,L2,0.0,[],[],last,1024,silu,True,True,32,AdamW,,0.0002,1e-06,0.02,1.0,0.11303,1.73047,0.43182,0.39697,"[0.42424, 0.26667, 0.5]",81,0.11682,1.62828,0.5,0.49443,"[0.55556, 0.47059, 0.45714]",77,COMPLETED,21.09
26,20260111_191136,gln_phase2_LOW70.csv,70%,Preset_3,LSTM,42,256,1,[1024],False,L2,0.0,[],[],last,1024,silu,True,True,32,AdamW,,0.0002,1e-06,0.02,1.0,0.11859,1.8956,0.45455,0.44286,"[0.5, 0.4, 0.42857]",71,0.12451,2.08933,0.47727,0.4746,"[0.48649, 0.45455, 0.48276]",64,COMPLETED,18.034

27,20260111_191136,baseline_CASIAB_LOW70.csv,70%,Preset_1,LSTM,42,256,1,[448],False,L2,0.0,[],[],last,1024,silu,True,True,32,Adam,,0.001,1e-06,0.02,1.0,0.11506,2.23452,0.47727,0.43828,"[0.55, 0.30769, 0.45714]",118,0.46873,2.63878,0.52273,0.48468,"[0.52632, 0.36364, 0.5641]",55,COMPLETED,16.689
28,20260111_191136,baseline_OUMVLP_LOW70.csv,70%,Preset_1,LSTM,42,256,1,[448],False,L2,0.0,[],[],last,1024,silu,True,True,32,Adam,,0.001,1e-06,0.02,1.0,0.10892,1.70126,0.52273,0.44214,"[0.55, 0.18182, 0.59459]",141,0.55526,1.20525,0.59091,0.56907,"[0.54054, 0.5, 0.66667]",58,COMPLETED,20.011
29,20260111_191136,gaitgl_GREW_BNNeck_LOW70.csv,70%,Preset_1,LSTM,42,256,1,[448],False,L2,0.0,[],[],last,1024,silu,True,True,32,Adam,,0.001,1e-06,0.02,1.0,0.11265,2.20195,0.43182,0.40508,"[0.42105, 0.30769, 0.48649]",64,0.73194,1.39033,0.45455,0.4626,"[0.4878, 0.5, 0.4]",19,COMPLETED,11.024
30,20260111_191136,gaitgl_GREW_LOW70.csv,70%,Preset_1,LSTM,42,256,1,[448],False,L2,0.0,[],[],last,1024,silu,True,True,32,Adam,,0.001,1e-06,0.02,1.0,0.1028,2.2742,0.31818,0.28592,"[0.36364, 0.2, 0.29412]",39,0.23936,1.93742,0.43182,0.37436,"[0.41026, 0.2, 0.51282]",20,COMPLETED,6.72
31,20260111_191136,gaitgl_LOW70.csv,70%,Preset_1,LSTM,42,128,1,[448],False,L2,0.0,[],[],last,1024,silu,True,True,32,Adam,,0.001,1e-06,0.02,1.0,0.10654,1.93716,0.47727,0.42849,"[0.57778, 0.30769, 0.4]",45,0.28136,1.943,0.54545,0.52035,"[0.625, 0.58824, 0.34783]",24,COMPLETED,7.229
32,20260111_191136,gaitgl_OUMVLP_LOW70.csv,70%,Preset_1,LSTM,42,256,1,[448],False,L2,0.0,[],[],last,1024,silu,True,True,32,Adam,,0.001,1e-06,0.02,1.0,0.1077,2.4944,0.40909,0.30808,"[0.5, 0.0, 0.42424]",112,0.42277,1.59044,0.52273,0.38316,"[0.5641, 0.0, 0.58537]",44,COMPLETED,19.481
33,20260111_191136,gaitpart_GREW_LOW70.csv,70%,Preset_1,LSTM,42,256,1,[448],False,L2,0.0,[],[],last,1024,silu,True,True,32,Adam,,0.001,1e-06,0.02,1.0,0.11183,2.08553,0.43182,0.38443,"[0.55814, 0.21053, 0.38462]",109,0.22556,1.88959,0.61364,0.51608,"[0.66667, 0.25, 0.63158]",99,COMPLETED,13.86
34,20260111_191136,gaitpart_OUMVLP_LOW70.csv,70%,Preset_1,LSTM,42,256,1,[448],False,L2,0.0,[],[],last,1024,silu,True,True,32,Adam,,0.001,1e-06,0.02,1.0,0.10412,2.0911,0.56818,0.52668,"[0.68421, 0.33333, 0.5625]",362,0.23396,2.06216,0.59091,0.56209,"[0.7027, 0.42105, 0.5625]",302,COMPLETED,43.432
35,20260111_191136,gaitset_GREW_LOW70.csv,70%,Preset_1,LSTM,42,256,1,[448],False,L2,0.0,[],[],last,1024,silu,True,True,32,Adam,,0.001,1e-06,0.02,1.0,0.10417,2.35265,0.43182,0.36722,"[0.35294, 0.13333, 0.61538]",90,0.52035,1.6489,0.40909,0.40142,"[0.41379, 0.33333, 0.45714]",48,COMPLETED,14.425
36,20260111_191136,gaitset_LOW70.csv,70%,Preset_1,LSTM,42,256,1,[448],False,L2,0.0,[],[],last,1024,silu,True,True,32,Adam,,0.001,1e-06,0.02,1.0,0.10928,2.11572,0.47727,0.4163,"[0.57778, 0.11111, 0.56]",82,0.38593,2.16543,0.47727,0.44854,"[0.57895, 0.3, 0.46667]",38,COMPLETED,13.118
37,20260111_191136,gaitset_OUMVLP_LOW70.csv,70%,Preset_1,LSTM,42,256,1,[448],False,L2,0.0,[],[],last,1024,silu,True,True,32,Adam,,0.001,1e-06,0.02,1.0,0.10447,1.74994,0.47727,0.42048,"[0.56, 0.26667, 0.43478]",452,0.36242,1.44468,0.63636,0.60476,"[0.71429, 0.5, 0.6]",306,COMPLETED,76.211
38,20260111_191136,gln_phase1_LOW70.csv,70%,Preset_1,LSTM,42,256,1,[448],False,L2,0.0,[],[],last,1024,silu,True,True,32,Adam,,0.001,1e-06,0.02,1.0,0.11316,2.64435,0.34091,0.32381,"[0.5, 0.4, 0.07143]",88,0.41807,1.78983,0.47727,0.45524,"[0.57895, 0.375, 0.41176]",47,COMPLETED,16.316
39,20260111_191136,gln_phase2_LOW70.csv,70%,Preset_1,LSTM,42,256,1,[448],False,L2,0.0,[],[],last,1024,silu,True,True,32,Adam,,0.001,1e-06,0.02,1.0,0.1039,1.87657,0.47727,0.40166,"[0.63415, 0.13333, 0.4375]",68,0.15256,2.0481,0.5,0.48961,"[0.58537, 0.52632, 0.35714]",53,COMPLETED,13.182

40,20260111_191136,baseline_CASIAB_LOW70.csv,70%,Preset_25,LSTM,42,256,4,"[64, 160, 384, 896]",False,nan,0.25,"[1, 3]","[1, 2, 3]",last,256,gelu,False,False,64,AdamW,,0.0001,1e-06,0.02,1.0,0.10886,1.85915,0.52273,0.53702,"[0.57143, 0.61538, 0.42424]",155,0.1279,1.8802,0.61364,0.61111,"[0.66667, 0.66667, 0.5]",130,COMPLETED,30.953
41,20260111_191136,baseline_OUMVLP_LOW70.csv,70%,Preset_25,LSTM,42,256,4,"[64, 160, 384, 896]",False,nan,0.25,"[1, 3]","[1, 2, 3]",last,256,gelu,False,False,64,AdamW,,0.0001,1e-06,0.02,1.0,0.11327,2.18492,0.5,0.46465,"[0.54545, 0.36364, 0.48485]",168,0.15504,2.101,0.56818,0.52719,"[0.55, 0.4, 0.63158]",130,COMPLETED,33.239
42,20260111_191136,gaitgl_GREW_BNNeck_LOW70.csv,70%,Preset_25,LSTM,42,256,4,"[64, 160, 384, 896]",False,nan,0.25,"[1, 3]","[1, 2, 3]",last,256,gelu,False,False,64,AdamW,,0.0001,1e-06,0.02,1.0,0.11459,2.14966,0.45455,0.38364,"[0.54545, 0.15385, 0.45161]",219,0.14056,2.23612,0.54545,0.48014,"[0.66667, 0.23529, 0.53846]",191,COMPLETED,57.705
43,20260111_191136,gaitgl_GREW_LOW70.csv,70%,Preset_25,LSTM,42,256,4,"[64, 160, 384, 896]",False,nan,0.25,"[1, 3]","[1, 2, 3]",last,256,gelu,False,False,64,AdamW,,0.0001,1e-06,0.02,1.0,0.11256,1.94395,0.47727,0.35478,"[0.52381, 0.0, 0.54054]",63,0.11592,1.98367,0.52273,0.48025,"[0.51282, 0.33333, 0.59459]",50,COMPLETED,16.7
44,20260111_191136,gaitgl_LOW70.csv,70%,Preset_25,LSTM,42,128,4,"[64, 160, 384, 896]",False,nan,0.25,"[1, 3]","[1, 2, 3]",last,256,gelu,False,False,64,AdamW,,0.0001,1e-06,0.02,1.0,0.11383,2.25557,0.43182,0.3331,"[0.51282, 0.0, 0.48649]",58,0.11838,2.21887,0.52273,0.435,"[0.65116, 0.15385, 0.5]",55,COMPLETED,14.97
45,20260111_191136,gaitgl_OUMVLP_LOW70.csv,70%,Preset_25,LSTM,42,256,4,"[64, 160, 384, 896]",False,nan,0.25,"[1, 3]","[1, 2, 3]",last,256,gelu,False,False,64,AdamW,,0.0001,1e-06,0.02,1.0,0.11556,2.19765,0.40909,0.27015,"[0.58824, 0.0, 0.22222]",158,0.13124,2.1011,0.54545,0.45443,"[0.65116, 0.16667, 0.54545]",122,COMPLETED,41.943
46,20260111_191136,gaitpart_GREW_LOW70.csv,70%,Preset_25,LSTM,42,256,4,"[64, 160, 384, 896]",False,nan,0.25,"[1, 3]","[1, 2, 3]",last,256,gelu,False,False,64,AdamW,,0.0001,1e-06,0.02,1.0,0.11817,1.48998,0.54545,0.45823,"[0.60465, 0.18182, 0.58824]",221,0.61807,1.25042,0.56818,0.47963,"[0.55, 0.22222, 0.66667]",89,COMPLETED,38.244
47,20260111_191136,gaitpart_OUMVLP_LOW70.csv,70%,Preset_25,LSTM,42,256,4,"[64, 160, 384, 896]",False,nan,0.25,"[1, 3]","[1, 2, 3]",last,256,gelu,False,False,64,AdamW,,0.0001,1e-06,0.02,1.0,0.11036,1.80216,0.5,0.36451,"[0.6087, 0.0, 0.48485]",326,0.13256,1.89677,0.52273,0.47243,"[0.5, 0.28571, 0.63158]",292,COMPLETED,53.635
48,20260111_191136,gaitset_GREW_LOW70.csv,70%,Preset_25,LSTM,42,256,4,"[64, 160, 384, 896]",False,nan,0.25,"[1, 3]","[1, 2, 3]",last,256,gelu,False,False,64,AdamW,,0.0001,1e-06,0.02,1.0,0.11732,1.9816,0.45455,0.41858,"[0.52381, 0.30769, 0.42424]",184,0.1527,1.75017,0.54545,0.52544,"[0.58537, 0.46154, 0.52941]",141,COMPLETED,48.753
49,20260111_191136,gaitset_LOW70.csv,70%,Preset_25,LSTM,42,256,4,"[64, 160, 384, 896]",False,nan,0.25,"[1, 3]","[1, 2, 3]",last,256,gelu,False,False,64,AdamW,,0.0001,1e-06,0.02,1.0,0.11894,2.19029,0.5,0.3573,"[0.62745, 0.0, 0.44444]",151,0.33589,1.82271,0.5,0.48573,"[0.55814, 0.46154, 0.4375]",72,COMPLETED,38.356
50,20260111_191136,gaitset_OUMVLP_LOW70.csv,70%,Preset_25,LSTM,42,256,4,"[64, 160, 384, 896]",False,nan,0.25,"[1, 3]","[1, 2, 3]",last,256,gelu,False,False,64,AdamW,,0.0001,1e-06,0.02,1.0,0.1107,1.79468,0.59091,0.55039,"[0.65116, 0.4, 0.6]",280,0.18485,1.59766,0.63636,0.58744,"[0.69767, 0.375, 0.68966]",226,COMPLETED,73.043
51,20260111_191136,gln_phase1_LOW70.csv,70%,Preset_25,LSTM,42,256,4,"[64, 160, 384, 896]",False,nan,0.25,"[1, 3]","[1, 2, 3]",last,256,gelu,False,False,64,AdamW,,0.0001,1e-06,0.02,1.0,0.10917,1.84111,0.52273,0.43859,"[0.6087, 0.22222, 0.48485]",149,0.38832,1.79964,0.56818,0.51354,"[0.61905, 0.33333, 0.58824]",67,COMPLETED,48.269
52,20260111_191136,gln_phase2_LOW70.csv,70%,Preset_25,LSTM,42,256,4,"[64, 160, 384, 896]",False,nan,0.25,"[1, 3]","[1, 2, 3]",last,256,gelu,False,False,64,AdamW,,0.0001,1e-06,0.02,1.0,0.1198,1.4878,0.5,0.49392,"[0.52632, 0.47059, 0.48485]",144,0.1278,1.30067,0.70455,0.68444,"[0.76596, 0.66667, 0.62069]",136,COMPLETED,45.65

53,20260111_191136,baseline_CASIAB_LOW70.csv,70%,Preset_17,LSTM,42,256,1,[960],True,nan,0.0,[],[],last,960,relu,True,True,128,SGD,0.9,0.0008,1e-06,0.02,1.0,0.11843,1.86792,0.52273,0.44156,"[0.57143, 0.18182, 0.57143]",1169,0.12343,1.86564,0.5,0.45333,"[0.55814, 0.28571, 0.51613]",1086,COMPLETED,96.301
54,20260111_191136,baseline_OUMVLP_LOW70.csv,70%,Preset_17,LSTM,42,256,1,[960],True,nan,0.0,[],[],last,960,relu,True,True,128,SGD,0.9,0.0008,1e-06,0.02,1.0,0.11999,1.67838,0.38636,0.34583,"[0.5, 0.1, 0.4375]",1125,0.74896,1.13408,0.52273,0.49378,"[0.54054, 0.31579, 0.625]",204,COMPLETED,92.539
55,20260111_191136,gaitgl_GREW_BNNeck_LOW70.csv,70%,Preset_17,LSTM,42,256,1,[960],True,nan,0.0,[],[],last,960,relu,True,True,128,SGD,0.9,0.0008,1e-06,0.02,1.0,0.11844,1.79944,0.36364,0.31527,"[0.43902, 0.15385, 0.35294]",3150,0.31255,1.47021,0.43182,0.44756,"[0.41026, 0.5, 0.43243]",1208,COMPLETED,392.959
56,20260111_191136,gaitgl_GREW_LOW70.csv,70%,Preset_17,LSTM,42,256,1,[960],True,nan,0.0,[],[],last,960,relu,True,True,128,SGD,0.9,0.0008,1e-06,0.02,1.0,0.1177,1.84478,0.34091,0.24544,"[0.47826, 0.0, 0.25806]",200,0.64798,1.10731,0.40909,0.30849,"[0.53659, 0.0, 0.38889]",58,COMPLETED,25.357
57,20260111_191136,gaitgl_LOW70.csv,70%,Preset_17,LSTM,42,128,1,[960],True,nan,0.0,[],[],last,960,relu,True,True,128,SGD,0.9,0.0008,1e-06,0.02,1.0,0.11929,1.88692,0.40909,0.36798,"[0.52381, 0.23529, 0.34483]",404,0.68227,1.13854,0.5,0.47685,"[0.55556, 0.375, 0.5]",85,COMPLETED,47.004
58,20260111_191136,gaitgl_OUMVLP_LOW70.csv,70%,Preset_17,LSTM,42,256,1,[960],True,nan,0.0,[],[],last,960,relu,True,True,128,SGD,0.9,0.0008,1e-06,0.02,1.0,0.11726,1.62233,0.47727,0.41126,"[0.6, 0.11765, 0.51613]",622,0.53637,1.09206,0.59091,0.53148,"[0.65, 0.33333, 0.61111]",197,COMPLETED,77.101
59,20260111_191136,gaitpart_GREW_LOW70.csv,70%,Preset_17,LSTM,42,256,1,[960],True,nan,0.0,[],[],last,960,relu,True,True,128,SGD,0.9,0.0008,1e-06,0.02,1.0,0.11701,1.88632,0.5,0.46276,"[0.59091, 0.35294, 0.44444]",1861,0.16202,1.66938,0.54545,0.50913,"[0.61905, 0.375, 0.53333]",1234,COMPLETED,121.118
60,20260111_191136,gaitpart_OUMVLP_LOW70.csv,70%,Preset_17,LSTM,42,256,1,[960],True,nan,0.0,[],[],last,960,relu,True,True,128,SGD,0.9,0.0008,1e-06,0.02,1.0,0.11708,1.72398,0.40909,0.37888,"[0.57895, 0.25, 0.30769]",2536,0.59833,1.21964,0.56818,0.53606,"[0.54545, 0.42857, 0.63415]",426,COMPLETED,162.684
61,20260111_191136,gaitset_GREW_LOW70.csv,70%,Preset_17,LSTM,42,256,1,[960],True,nan,0.0,[],[],last,960,relu,True,True,128,SGD,0.9,0.0008,1e-06,0.02,1.0,0.11953,1.94945,0.34091,0.2895,"[0.45455, 0.11765, 0.2963]",1126,0.74347,1.18626,0.40909,0.37701,"[0.54054, 0.19048, 0.4]",231,COMPLETED,136.046
62,20260111_191136,gaitset_LOW70.csv,70%,Preset_17,LSTM,42,256,1,[960],True,nan,0.0,[],[],last,960,relu,True,True,128,SGD,0.9,0.0008,1e-06,0.02,1.0,0.11867,1.67844,0.45455,0.3611,"[0.6383, 0.125, 0.32]",961,0.61482,1.29367,0.45455,0.41296,"[0.55, 0.22222, 0.46667]",295,COMPLETED,118.125
63,20260111_191136,gaitset_OUMVLP_LOW70.csv,70%,Preset_17,LSTM,42,256,1,[960],True,nan,0.0,[],[],last,960,relu,True,True,128,SGD,0.9,0.0008,1e-06,0.02,1.0,0.1193,1.5353,0.47727,0.43571,"[0.55814, 0.21053, 0.53846]",3046,0.13486,1.43471,0.59091,0.5254,"[0.66667, 0.26667, 0.64286]",2804,COMPLETED,378.383
64,20260111_191136,gln_phase1_LOW70.csv,70%,Preset_17,LSTM,42,256,1,[960],True,nan,0.0,[],[],last,960,relu,True,True,128,SGD,0.9,0.0008,1e-06,0.02,1.0,0.11936,1.83923,0.43182,0.40762,"[0.53659, 0.35294, 0.33333]",911,0.19362,1.61566,0.47727,0.44451,"[0.55814, 0.36364, 0.41176]",584,COMPLETED,144.627
65,20260111_191136,gln_phase2_LOW70.csv,70%,Preset_17,LSTM,42,256,1,[960],True,nan,0.0,[],[],last,960,relu,True,True,128,SGD,0.9,0.0008,1e-06,0.02,1.0,0.11903,1.53669,0.36364,0.30392,"[0.41176, 0.0, 0.5]",734,0.39994,1.23275,0.5,0.4533,"[0.51429, 0.26667, 0.57895]",303,COMPLETED,116.448
