id,embedding,best_f1_v1_v2,best_f1_v3,difference
1,baseline_CASIAB.csv,0.55226,0.54201,-0.01025
2,baseline_OUMVLP.csv,0.50223,0.52062,0.01839
3,gaitgl.csv,0.54816,0.63313,0.08497
4,gaitgl_GREW.csv,0.54416,0.55599,0.01183
5,gaitgl_GREW_BNNeck.csv,0.39076,0.45507,0.06431
6,gaitgl_OUMVLP.csv,0.52764,0.56876,0.04112
7,gaitpart_GREW.csv,0.47065,0.51179,0.04114
8,gaitpart_OUMVLP.csv,0.4019,0.35665,-0.04525
9,gaitset.csv,0.36898,0.37331,0.00433
10,gaitset_GREW.csv,0.48614,0.51522,0.02908
11,gaitset_OUMVLP.csv,0.21538,0.3881,0.17272
12,gln_phase1.csv,0.43809,0.4574,0.01931
13,gln_phase2.csv,0.47385,0.42593,-0.04792
14,baseline_CASIAB.csv,0.43135,0.49878,0.06743
15,baseline_OUMVLP.csv,0.55009,0.47033,-0.07976
16,gaitgl.csv,0.42281,0.48057,0.05776
17,gaitgl_GREW.csv,0.45445,0.51884,0.06439
18,gaitgl_GREW_BNNeck.csv,0.37073,0.46012,0.08939
19,gaitgl_OUMVLP.csv,0.56679,0.50137,-0.06542
20,gaitpart_GREW.csv,0.57705,0.52695,-0.0501
21,gaitpart_OUMVLP.csv,0.47747,0.54722,0.06975
22,gaitset.csv,0.28523,0.35929,0.07406
23,gaitset_GREW.csv,0.40742,0.47898,0.07156
24,gaitset_OUMVLP.csv,0.5478,0.37834,-0.16946
25,gln_phase1.csv,0.42395,0.48737,0.06342
26,gln_phase2.csv,0.46223,0.47573,0.0135
53,baseline_CASIAB.csv,0.3862,0.53203,0.14583
54,baseline_OUMVLP.csv,0.44274,0.48308,0.04034
55,gaitgl.csv,0.49122,0.48756,-0.00366
56,gaitgl_GREW.csv,0.38194,0.4914,0.10946
57,gaitgl_GREW_BNNeck.csv,0.41577,0.4529,0.03713
58,gaitgl_OUMVLP.csv,0.56756,0.5625,-0.00506
59,gaitpart_GREW.csv,0.42109,0.47078,0.04969
60,gaitpart_OUMVLP.csv,0.38337,0.4385,0.05513
61,gaitset.csv,0.30438,0.35536,0.05098
62,gaitset_GREW.csv,0.36508,0.43045,0.06537
63,gaitset_OUMVLP.csv,0.34329,0.38164,0.03835
64,gln_phase1.csv,0.46834,0.51515,0.04681
65,gln_phase2.csv,0.39276,0.50466,0.1119
66,baseline_CASIAB.csv,0.40902,0.48978,0.08076
67,baseline_OUMVLP.csv,0.46758,0.52764,0.06006
68,gaitgl.csv,0.42646,0.38012,-0.04634
69,gaitgl_GREW.csv,0.42845,0.51806,0.08961
70,gaitgl_GREW_BNNeck.csv,0.37912,0.42977,0.05065
71,gaitgl_OUMVLP.csv,0.41,0.51493,0.10493
72,gaitpart_GREW.csv,0.52983,0.56931,0.03948
73,gaitpart_OUMVLP.csv,0.56085,0.61167,0.05082
74,gaitset.csv,0.27825,0.3763,0.09805
75,gaitset_GREW.csv,0.45726,0.45285,-0.00441
76,gaitset_OUMVLP.csv,0.482,0.52182,0.03982
77,gln_phase1.csv,0.49286,0.49055,-0.00231
78,gln_phase2.csv,0.34412,0.55226,0.20814
92,baseline_CASIAB.csv,0.21538,0.43202,0.21664
93,baseline_OUMVLP.csv,0.21538,0.478,0.26262
94,gaitgl.csv,0.21538,0.41671,0.20133
95,gaitgl_GREW.csv,0.21538,0.47672,0.26134
96,gaitgl_GREW_BNNeck.csv,0.21538,0.21538,0.0
97,gaitgl_OUMVLP.csv,0.21538,0.17778,-0.0376
98,gaitpart_GREW.csv,0.21538,0.18079,-0.03459
99,gaitpart_OUMVLP.csv,0.21538,0.264,0.04862
100,gaitset.csv,0.42063,0.47343,0.0528
101,gaitset_GREW.csv,0.2466,0.49671,0.25011
102,gaitset_OUMVLP.csv,0.21538,0.25926,0.04388
103,gln_phase1.csv,0.57018,0.69444,0.12426
104,gln_phase2.csv,0.21538,0.45803,0.24265
105,baseline_CASIAB.csv,0.47151,0.50855,0.03704
106,baseline_OUMVLP.csv,0.40877,0.4726,0.06383
107,gaitgl.csv,0.33236,0.47944,0.14708
108,gaitgl_GREW.csv,0.38958,0.40585,0.01627
109,gaitgl_GREW_BNNeck.csv,0.42547,0.46662,0.04115
110,gaitgl_OUMVLP.csv,0.4211,0.44566,0.02456
111,gaitpart_GREW.csv,0.48561,0.5967,0.11109
112,gaitpart_OUMVLP.csv,0.56608,0.50899,-0.05709
113,gaitset.csv,0.40591,0.4299,0.02399
114,gaitset_GREW.csv,0.33065,0.36257,0.03192
115,gaitset_OUMVLP.csv,0.47539,0.54915,0.07376
116,gln_phase1.csv,0.55515,0.57673,0.02158
117,gln_phase2.csv,0.40833,0.39076,-0.01757
157,baseline_CASIAB.csv,0.48613,0.42312,-0.06301
158,baseline_OUMVLP.csv,0.46016,0.47436,0.0142
159,gaitgl.csv,0.39055,0.4359,0.04535
160,gaitgl_GREW.csv,0.47158,0.51207,0.04049
161,gaitgl_GREW_BNNeck.csv,0.52422,0.43651,-0.08771
162,gaitgl_OUMVLP.csv,0.37505,0.38294,0.00789
163,gaitpart_GREW.csv,0.47475,0.41706,-0.05769
164,gaitpart_OUMVLP.csv,0.56695,0.17778,-0.38917
165,gaitset.csv,0.42734,0.49841,0.07107
166,gaitset_GREW.csv,0.39502,0.35476,-0.04026
167,gaitset_OUMVLP.csv,0.35163,0.45115,0.09952
168,gln_phase1.csv,0.61496,0.59412,-0.02084
169,gln_phase2.csv,0.49815,0.51696,0.01881
209,baseline_CASIAB.csv,0.21538,0.33987,0.12449
210,baseline_OUMVLP.csv,0.39483,0.17778,-0.21705
211,gaitgl.csv,0.21538,0.0915,-0.12388
212,gaitgl_GREW.csv,0.45068,0.21538,-0.2353
213,gaitgl_GREW_BNNeck.csv,0.21538,0.36405,0.14867
214,gaitgl_OUMVLP.csv,0.21538,0.43791,0.22253
215,gaitpart_GREW.csv,0.55798,0.47594,-0.08204
216,gaitpart_OUMVLP.csv,0.21538,0.21538,0.0
217,gaitset.csv,0.37333,0.21538,-0.15795
218,gaitset_GREW.csv,0.21538,0.17778,-0.0376
219,gaitset_OUMVLP.csv,0.21538,0.21538,0.0
220,gln_phase1.csv,0.25383,0.17778,-0.07605
221,gln_phase2.csv,0.48148,0.41045,-0.07103
222,baseline_CASIAB.csv,0.46111,0.48148,0.02037
223,baseline_OUMVLP.csv,0.4472,0.49815,0.05095
224,gaitgl.csv,0.40961,0.47998,0.07037
225,gaitgl_GREW.csv,0.5,0.49901,-0.00099
226,gaitgl_GREW_BNNeck.csv,0.54994,0.58064,0.0307
227,gaitgl_OUMVLP.csv,0.41975,0.46222,0.04247
228,gaitpart_GREW.csv,0.60476,0.52181,-0.08295
229,gaitpart_OUMVLP.csv,0.5198,0.17778,-0.34202
230,gaitset.csv,0.33602,0.39201,0.05599
231,gaitset_GREW.csv,0.33939,0.17778,-0.16161
232,gaitset_OUMVLP.csv,0.49949,0.17778,-0.32171
233,gln_phase1.csv,0.59167,0.54985,-0.04182
234,gln_phase2.csv,0.49496,0.50232,0.00736
313,baseline_CASIAB.csv,0.52206,0.5125,-0.00956
314,baseline_OUMVLP.csv,0.47639,0.53215,0.05576
315,gaitgl.csv,0.55271,0.51587,-0.03684
316,gaitgl_GREW.csv,0.60931,0.49231,-0.117
317,gaitgl_GREW_BNNeck.csv,0.34014,0.50142,0.16128
318,gaitgl_OUMVLP.csv,0.47222,0.21538,-0.25684
319,gaitpart_GREW.csv,0.43555,0.55399,0.11844
320,gaitpart_OUMVLP.csv,0.5472,0.54737,0.00017
321,gaitset.csv,0.3945,0.39105,-0.00345
322,gaitset_GREW.csv,0.4024,0.47485,0.07245
323,gaitset_OUMVLP.csv,0.46522,0.21538,-0.24984
324,gln_phase1.csv,0.47963,0.35,-0.12963
325,gln_phase2.csv,0.4743,0.53862,0.06432
352,baseline_CASIAB.csv,0.40983,0.53618,0.12635
353,baseline_OUMVLP.csv,0.49192,0.48333,-0.00859
354,gaitgl.csv,0.41358,0.42937,0.01579
355,gaitgl_GREW.csv,0.40067,0.45823,0.05756
356,gaitgl_GREW_BNNeck.csv,0.21538,0.21538,0.0
357,gaitgl_OUMVLP.csv,0.21538,0.17778,-0.0376
358,gaitpart_GREW.csv,0.50917,0.5799,0.07073
359,gaitpart_OUMVLP.csv,0.61557,0.0915,-0.52407
360,gaitset.csv,0.39973,0.42019,0.02046
361,gaitset_GREW.csv,0.31811,0.47261,0.1545
362,gaitset_OUMVLP.csv,0.21538,0.21538,0.0
363,gln_phase1.csv,0.58642,0.51481,-0.07161
364,gln_phase2.csv,0.44167,0.44293,0.00126
365,baseline_CASIAB.csv,0.50557,0.49815,-0.00742
366,baseline_OUMVLP.csv,0.56755,0.47132,-0.09623
367,gaitgl.csv,0.35149,0.36005,0.00856
368,gaitgl_GREW.csv,0.36571,0.55361,0.1879
369,gaitgl_GREW_BNNeck.csv,0.42792,0.24806,-0.17986
370,gaitgl_OUMVLP.csv,0.34079,0.21538,-0.12541
371,gaitpart_GREW.csv,0.42414,0.17778,-0.24636
372,gaitpart_OUMVLP.csv,0.24269,0.17778,-0.06491
373,gaitset.csv,0.40769,0.43624,0.02855
374,gaitset_GREW.csv,0.21538,0.17778,-0.0376
375,gaitset_OUMVLP.csv,0.21538,0.21538,0.0
376,gln_phase1.csv,0.31258,0.17778,-0.1348
377,gln_phase2.csv,0.57177,0.2746,-0.29717
443,baseline_CASIAB.csv,0.4407,0.55226,0.11156
444,baseline_OUMVLP.csv,0.5,0.46667,-0.03333
445,gaitgl.csv,0.52206,0.50728,-0.01478
446,gaitgl_GREW.csv,0.41138,0.51425,0.10287
447,gaitgl_GREW_BNNeck.csv,0.42835,0.48174,0.05339
448,gaitgl_OUMVLP.csv,0.47333,0.50373,0.0304
449,gaitpart_GREW.csv,0.56956,0.52668,-0.04288
450,gaitpart_OUMVLP.csv,0.54537,0.55159,0.00622
451,gaitset.csv,0.32313,0.38758,0.06445
452,gaitset_GREW.csv,0.4748,0.50978,0.03498
453,gaitset_OUMVLP.csv,0.55383,0.57239,0.01856
454,gln_phase1.csv,0.47838,0.56667,0.08829
455,gln_phase2.csv,0.49239,0.53135,0.03896
456,baseline_CASIAB.csv,0.40868,0.59446,0.18578
457,baseline_OUMVLP.csv,0.51641,0.17778,-0.33863
458,gaitgl.csv,0.44862,0.56964,0.12102
459,gaitgl_GREW.csv,0.42901,0.55004,0.12103
460,gaitgl_GREW_BNNeck.csv,0.4746,0.51944,0.04484
461,gaitgl_OUMVLP.csv,0.44197,0.21538,-0.22659
462,gaitpart_GREW.csv,0.48491,0.52579,0.04088
463,gaitpart_OUMVLP.csv,0.39925,0.17778,-0.22147
464,gaitset.csv,0.33545,0.17778,-0.15767
465,gaitset_GREW.csv,0.35366,0.17778,-0.17588
466,gaitset_OUMVLP.csv,0.55967,0.0915,-0.46817
467,gln_phase1.csv,0.51858,0.43968,-0.0789
468,gln_phase2.csv,0.21538,0.17778,-0.0376
534,baseline_CASIAB.csv,0.42331,0.46093,0.03762
535,baseline_OUMVLP.csv,0.49972,0.51804,0.01832
536,gaitgl.csv,0.38355,0.5176,0.13405
537,gaitgl_GREW.csv,0.51462,0.63308,0.11846
538,gaitgl_GREW_BNNeck.csv,0.48373,0.49312,0.00939
539,gaitgl_OUMVLP.csv,0.36833,0.38655,0.01822
540,gaitpart_GREW.csv,0.43464,0.4836,0.04896
541,gaitpart_OUMVLP.csv,0.35983,0.17778,-0.18205
542,gaitset.csv,0.34785,0.38967,0.04182
543,gaitset_GREW.csv,0.41587,0.35811,-0.05776
544,gaitset_OUMVLP.csv,0.5047,0.21538,-0.28932
545,gln_phase1.csv,0.60302,0.50722,-0.0958
546,gln_phase2.csv,0.34463,0.46636,0.12173
547,baseline_CASIAB.csv,0.43056,0.5066,0.07604
548,baseline_OUMVLP.csv,0.54167,0.48047,-0.0612
549,gaitgl.csv,0.45742,0.48179,0.02437
550,gaitgl_GREW.csv,0.50232,0.48673,-0.01559
551,gaitgl_GREW_BNNeck.csv,0.49728,0.4693,-0.02798
552,gaitgl_OUMVLP.csv,0.52583,0.51544,-0.01039
553,gaitpart_GREW.csv,0.54442,0.42906,-0.11536
554,gaitpart_OUMVLP.csv,0.21538,0.31075,0.09537
555,gaitset.csv,0.32,0.40155,0.08155
556,gaitset_GREW.csv,0.3282,0.43423,0.10603
557,gaitset_OUMVLP.csv,0.56197,0.0915,-0.47047
558,gln_phase1.csv,0.52991,0.50913,-0.02078
559,gln_phase2.csv,0.51277,0.53939,0.02662
599,baseline_CASIAB.csv,0.48978,0.44565,-0.04413
600,baseline_OUMVLP.csv,0.56465,0.53246,-0.03219
601,gaitgl.csv,0.41107,0.43379,0.02272
602,gaitgl_GREW.csv,0.4947,0.53845,0.04375
603,gaitgl_GREW_BNNeck.csv,0.31292,0.19333,-0.11959
604,gaitgl_OUMVLP.csv,0.21538,0.52124,0.30586
605,gaitpart_GREW.csv,0.49995,0.46388,-0.03607
606,gaitpart_OUMVLP.csv,0.38406,0.27475,-0.10931
607,gaitset.csv,0.35892,0.42273,0.06381
608,gaitset_GREW.csv,0.47632,0.45526,-0.02106
609,gaitset_OUMVLP.csv,0.21538,0.43932,0.22394
610,gln_phase1.csv,0.25038,0.20718,-0.0432
611,gln_phase2.csv,0.49335,0.44223,-0.05112
625,baseline_CASIAB.csv,0.45971,0.4968,0.03709
626,baseline_OUMVLP.csv,0.47616,0.44815,-0.02801
627,gaitgl.csv,0.47295,0.47682,0.00387
628,gaitgl_GREW.csv,0.47625,0.44233,-0.03392
629,gaitgl_GREW_BNNeck.csv,0.4579,0.5303,0.0724
630,gaitgl_OUMVLP.csv,0.48682,0.4537,-0.03312
631,gaitpart_GREW.csv,0.55975,0.55851,-0.00124
632,gaitpart_OUMVLP.csv,0.54431,0.29952,-0.24479
633,gaitset.csv,0.42033,0.40505,-0.01528
634,gaitset_GREW.csv,0.38759,0.51296,0.12537
635,gaitset_OUMVLP.csv,0.21538,0.17778,-0.0376
636,gln_phase1.csv,0.47407,0.58062,0.10655
637,gln_phase2.csv,0.50712,0.51151,0.00439
651,baseline_CASIAB.csv,0.4943,0.52536,0.03106
652,baseline_OUMVLP.csv,0.45786,0.4579,4e-05
653,gaitgl.csv,0.4418,0.54569,0.10389
654,gaitgl_GREW.csv,0.40212,0.56645,0.16433
655,gaitgl_GREW_BNNeck.csv,0.49106,0.55072,0.05966
656,gaitgl_OUMVLP.csv,0.51729,0.47648,-0.04081
657,gaitpart_GREW.csv,0.54286,0.56355,0.02069
658,gaitpart_OUMVLP.csv,0.49618,0.54167,0.04549
659,gaitset.csv,0.37649,0.37128,-0.00521
660,gaitset_GREW.csv,0.34935,0.47034,0.12099
661,gaitset_OUMVLP.csv,0.45818,0.49084,0.03266
662,gln_phase1.csv,0.5675,0.56614,-0.00136
663,gln_phase2.csv,0.38021,0.47004,0.08983
