id,timestamp,target_embedding,source_params,model,seed,input_dim,num_blocks,channels,dilations,kernel_size,convs_per_block,activation,use_weight_norm,wn_on_skip,dropout,ln_block_end,pooling,fc_hidden,batch_size,optimizer,momentum_sgd,lr,weight_decay,norm,train_loss,accuracy,epochs_trained,f1_macro,best_f1,best_epoch,best_state_loss,training,time_sec
1,20251009_124235,baseline_CASIAB.csv,baseline_CASIAB.csv,TCN,42,256,2,"[256, 256]","[2, 3]",9,1,relu,False,True,"[None, 0.2]","[True, True]",max,64,96,RMSprop,,0.0001,1e-05,L2,0.03341,0.52273,162,0.36792,0.50779,146,0.07234,COMPLETED,11.008
2,20251009_124235,baseline_OUMVLP.csv,baseline_CASIAB.csv,TCN,42,256,2,"[256, 256]","[2, 3]",9,1,relu,False,True,"[None, 0.2]","[True, True]",max,64,96,RMSprop,,0.0001,1e-05,L2,0.03877,0.56818,251,0.48401,0.53077,171,0.32673,COMPLETED,12.94
3,20251009_124235,gaitgl.csv,baseline_CASIAB.csv,TCN,42,128,2,"[256, 256]","[2, 3]",9,1,relu,False,True,"[None, 0.2]","[True, True]",max,64,96,RMSprop,,0.0001,1e-05,L2,0.03992,0.45455,71,0.29714,0.36087,67,0.04976,COMPLETED,5.136
4,20251009_124235,gaitgl_GREW.csv,baseline_CASIAB.csv,TCN,42,256,2,"[256, 256]","[2, 3]",9,1,relu,False,True,"[None, 0.2]","[True, True]",max,64,96,RMSprop,,0.0001,1e-05,L2,0.03549,0.45455,71,0.26349,0.40067,65,0.05192,COMPLETED,5.825
5,20251009_124235,gaitgl_GREW_BNNeck.csv,baseline_CASIAB.csv,TCN,42,256,2,"[256, 256]","[2, 3]",9,1,relu,False,True,"[None, 0.2]","[True, True]",max,64,96,RMSprop,,0.0001,1e-05,L2,0.03919,0.47727,166,0.34444,0.45048,144,0.09281,COMPLETED,13.202
6,20251009_124235,gaitgl_OUMVLP.csv,baseline_CASIAB.csv,TCN,42,256,2,"[256, 256]","[2, 3]",9,1,relu,False,True,"[None, 0.2]","[True, True]",max,64,96,RMSprop,,0.0001,1e-05,L2,0.03479,0.54545,299,0.38882,0.47667,295,0.04338,COMPLETED,23.051
7,20251009_124235,gaitpart_GREW.csv,baseline_CASIAB.csv,TCN,42,256,2,"[256, 256]","[2, 3]",9,1,relu,False,True,"[None, 0.2]","[True, True]",max,64,96,RMSprop,,0.0001,1e-05,L2,0.04559,0.59091,285,0.52718,0.55259,284,0.04538,COMPLETED,10.707
8,20251009_124235,gaitpart_OUMVLP.csv,baseline_CASIAB.csv,TCN,42,256,2,"[256, 256]","[2, 3]",9,1,relu,False,True,"[None, 0.2]","[True, True]",max,64,96,RMSprop,,0.0001,1e-05,L2,0.03177,0.54545,650,0.45072,0.48434,619,0.05076,COMPLETED,24.141
9,20251009_124235,gaitset.csv,baseline_CASIAB.csv,TCN,42,256,2,"[256, 256]","[2, 3]",9,1,relu,False,True,"[None, 0.2]","[True, True]",max,64,96,RMSprop,,0.0001,1e-05,L2,0.04955,0.45455,139,0.32985,0.37262,130,0.07008,COMPLETED,10.552
10,20251009_124235,gaitset_GREW.csv,baseline_CASIAB.csv,TCN,42,256,2,"[256, 256]","[2, 3]",9,1,relu,False,True,"[None, 0.2]","[True, True]",max,64,96,RMSprop,,0.0001,1e-05,L2,0.03401,0.47727,243,0.43012,0.47171,200,0.15523,COMPLETED,18.502
11,20251009_124235,gaitset_OUMVLP.csv,baseline_CASIAB.csv,TCN,42,256,2,"[256, 256]","[2, 3]",9,1,relu,False,True,"[None, 0.2]","[True, True]",max,64,96,RMSprop,,0.0001,1e-05,L2,0.03643,0.56818,822,0.47463,0.5454,811,0.08146,COMPLETED,62.344
12,20251009_124235,gln_phase1.csv,baseline_CASIAB.csv,TCN,42,256,2,"[256, 256]","[2, 3]",9,1,relu,False,True,"[None, 0.2]","[True, True]",max,64,96,RMSprop,,0.0001,1e-05,L2,0.04661,0.47727,158,0.40414,0.46346,128,0.11595,COMPLETED,16.16
13,20251009_124235,gln_phase2.csv,baseline_CASIAB.csv,TCN,42,256,2,"[256, 256]","[2, 3]",9,1,relu,False,True,"[None, 0.2]","[True, True]",max,64,96,RMSprop,,0.0001,1e-05,L2,0.04007,0.47727,145,0.3372,0.49353,116,0.10239,COMPLETED,14.808

14,20251009_124637,baseline_CASIAB.csv,baseline_OUMVLP.csv,TCN,42,256,4,"[128, 128, 128, 128]","[1, 4, 7, 10]",3,2,prelu,False,True,"[None, None, 0.2, None]","[False, True, False, False]",mean,256,16,AdamW,,0.0001,0.0,L2,0.00504,0.5,78,0.42191,0.50137,34,0.26007,COMPLETED,14.817
15,20251009_124637,baseline_OUMVLP.csv,baseline_OUMVLP.csv,TCN,42,256,4,"[128, 128, 128, 128]","[1, 4, 7, 10]",3,2,prelu,False,True,"[None, None, 0.2, None]","[False, True, False, False]",mean,256,16,AdamW,,0.0001,0.0,L2,0.01602,0.5,79,0.4285,0.49349,55,0.26512,COMPLETED,15.24
16,20251009_124637,gaitgl.csv,baseline_OUMVLP.csv,TCN,42,128,4,"[128, 128, 128, 128]","[1, 4, 7, 10]",3,2,prelu,False,True,"[None, None, 0.2, None]","[False, True, False, False]",mean,256,16,AdamW,,0.0001,0.0,L2,0.014,0.47727,49,0.34028,0.41849,43,0.05726,COMPLETED,9.534
17,20251009_124637,gaitgl_GREW.csv,baseline_OUMVLP.csv,TCN,42,256,4,"[128, 128, 128, 128]","[1, 4, 7, 10]",3,2,prelu,False,True,"[None, None, 0.2, None]","[False, True, False, False]",mean,256,16,AdamW,,0.0001,0.0,L2,0.00525,0.56818,53,0.47147,0.47147,53,0.00525,COMPLETED,11.432
18,20251009_124637,gaitgl_GREW_BNNeck.csv,baseline_OUMVLP.csv,TCN,42,256,4,"[128, 128, 128, 128]","[1, 4, 7, 10]",3,2,prelu,False,True,"[None, None, 0.2, None]","[False, True, False, False]",mean,256,16,AdamW,,0.0001,0.0,L2,0.0129,0.34091,62,0.29832,0.41894,47,0.21443,COMPLETED,12.399
19,20251009_124637,gaitgl_OUMVLP.csv,baseline_OUMVLP.csv,TCN,42,256,4,"[128, 128, 128, 128]","[1, 4, 7, 10]",3,2,prelu,False,True,"[None, None, 0.2, None]","[False, True, False, False]",mean,256,16,AdamW,,0.0001,0.0,L2,0.02224,0.43182,93,0.41593,0.47375,82,0.12266,COMPLETED,18.526
20,20251009_124637,gaitpart_GREW.csv,baseline_OUMVLP.csv,TCN,42,256,4,"[128, 128, 128, 128]","[1, 4, 7, 10]",3,2,prelu,False,True,"[None, None, 0.2, None]","[False, True, False, False]",mean,256,16,AdamW,,0.0001,0.0,L2,0.02749,0.56818,61,0.49162,0.55266,40,0.33676,COMPLETED,11.111
21,20251009_124637,gaitpart_OUMVLP.csv,baseline_OUMVLP.csv,TCN,42,256,4,"[128, 128, 128, 128]","[1, 4, 7, 10]",3,2,prelu,False,True,"[None, None, 0.2, None]","[False, True, False, False]",mean,256,16,AdamW,,0.0001,0.0,L2,0.0203,0.59091,135,0.54444,0.66066,97,0.32126,COMPLETED,24.521
22,20251009_124637,gaitset.csv,baseline_OUMVLP.csv,TCN,42,256,4,"[128, 128, 128, 128]","[1, 4, 7, 10]",3,2,prelu,False,True,"[None, None, 0.2, None]","[False, True, False, False]",mean,256,16,AdamW,,0.0001,0.0,L2,0.01612,0.40909,57,0.27824,0.3314,42,0.23792,COMPLETED,11.171
23,20251009_124637,gaitset_GREW.csv,baseline_OUMVLP.csv,TCN,42,256,4,"[128, 128, 128, 128]","[1, 4, 7, 10]",3,2,prelu,False,True,"[None, None, 0.2, None]","[False, True, False, False]",mean,256,16,AdamW,,0.0001,0.0,L2,0.01849,0.29545,77,0.29548,0.38496,69,0.09063,COMPLETED,15.154
24,20251009_124637,gaitset_OUMVLP.csv,baseline_OUMVLP.csv,TCN,42,256,4,"[128, 128, 128, 128]","[1, 4, 7, 10]",3,2,prelu,False,True,"[None, None, 0.2, None]","[False, True, False, False]",mean,256,16,AdamW,,0.0001,0.0,L2,0.01905,0.5,200,0.50397,0.54438,183,0.04772,COMPLETED,39.338
25,20251009_124637,gln_phase1.csv,baseline_OUMVLP.csv,TCN,42,256,4,"[128, 128, 128, 128]","[1, 4, 7, 10]",3,2,prelu,False,True,"[None, None, 0.2, None]","[False, True, False, False]",mean,256,16,AdamW,,0.0001,0.0,L2,0.01678,0.38636,76,0.36934,0.50199,46,0.23428,COMPLETED,16.135
26,20251009_124637,gln_phase2.csv,baseline_OUMVLP.csv,TCN,42,256,4,"[128, 128, 128, 128]","[1, 4, 7, 10]",3,2,prelu,False,True,"[None, None, 0.2, None]","[False, True, False, False]",mean,256,16,AdamW,,0.0001,0.0,L2,0.0084,0.38636,67,0.35974,0.50899,49,0.2682,COMPLETED,13.931

27,20251009_125024,baseline_CASIAB.csv,gaitgl.csv,TCN,42,256,3,"[896, 768, 640]","[3, 6, 9]",2,2,leakyrelu,False,False,"[None, None, None]","[False, True, True]",attention,64,96,Adam,,1e-05,2e-06,minmax,0.03926,0.34091,497,0.29464,0.44821,311,0.29882,COMPLETED,130.522
28,20251009_125024,baseline_OUMVLP.csv,gaitgl.csv,TCN,42,256,3,"[896, 768, 640]","[3, 6, 9]",2,2,leakyrelu,False,False,"[None, None, None]","[False, True, True]",attention,64,96,Adam,,1e-05,2e-06,minmax,0.04583,0.43182,569,0.35185,0.49697,375,0.28347,COMPLETED,151.596
29,20251009_125024,gaitgl.csv,gaitgl.csv,TCN,42,128,3,"[896, 768, 640]","[3, 6, 9]",2,2,leakyrelu,False,False,"[None, None, None]","[False, True, True]",attention,64,96,Adam,,1e-05,2e-06,minmax,0.04588,0.36364,283,0.27273,0.3801,187,0.34254,COMPLETED,106.54
30,20251009_125024,gaitgl_GREW.csv,gaitgl.csv,TCN,42,256,3,"[896, 768, 640]","[3, 6, 9]",2,2,leakyrelu,False,False,"[None, None, None]","[False, True, True]",attention,64,96,Adam,,1e-05,2e-06,minmax,0.0404,0.5,283,0.37066,0.48305,251,0.06896,COMPLETED,109.93
31,20251009_125024,gaitgl_GREW_BNNeck.csv,gaitgl.csv,TCN,42,256,3,"[896, 768, 640]","[3, 6, 9]",2,2,leakyrelu,False,False,"[None, None, None]","[False, True, True]",attention,64,96,Adam,,1e-05,2e-06,minmax,0.27048,0.54545,703,0.49046,0.59591,656,0.21924,STOPPED,272.612
32,20251009_125024,gaitgl_OUMVLP.csv,gaitgl.csv,TCN,42,256,3,"[896, 768, 640]","[3, 6, 9]",2,2,leakyrelu,False,False,"[None, None, None]","[False, True, True]",attention,64,96,Adam,,1e-05,2e-06,minmax,0.63003,0.38636,422,0.27368,0.27368,422,,STOPPED,163.898
33,20251009_125024,gaitpart_GREW.csv,gaitgl.csv,TCN,42,256,3,"[896, 768, 640]","[3, 6, 9]",2,2,leakyrelu,False,False,"[None, None, None]","[False, True, True]",attention,64,96,Adam,,1e-05,2e-06,minmax,0.04253,0.40909,462,0.37742,0.47677,388,0.14174,COMPLETED,70.914
34,20251009_125024,gaitpart_OUMVLP.csv,gaitgl.csv,TCN,42,256,3,"[896, 768, 640]","[3, 6, 9]",2,2,leakyrelu,False,False,"[None, None, None]","[False, True, True]",attention,64,96,Adam,,1e-05,2e-06,minmax,0.04145,0.65909,935,0.62077,0.68608,796,0.11475,COMPLETED,143.255
35,20251009_125024,gaitset.csv,gaitgl.csv,TCN,42,256,3,"[896, 768, 640]","[3, 6, 9]",2,2,leakyrelu,False,False,"[None, None, None]","[False, True, True]",attention,64,96,Adam,,1e-05,2e-06,minmax,0.04614,0.45455,445,0.38546,0.45971,229,0.30505,COMPLETED,169.136
36,20251009_125024,gaitset_GREW.csv,gaitgl.csv,TCN,42,256,3,"[896, 768, 640]","[3, 6, 9]",2,2,leakyrelu,False,False,"[None, None, None]","[False, True, True]",attention,64,96,Adam,,1e-05,2e-06,minmax,0.04285,0.43182,511,0.36558,0.44309,359,0.20436,COMPLETED,194.225
37,20251009_125024,gaitset_OUMVLP.csv,gaitgl.csv,TCN,42,256,3,"[896, 768, 640]","[3, 6, 9]",2,2,leakyrelu,False,False,"[None, None, None]","[False, True, True]",attention,64,96,Adam,,1e-05,2e-06,minmax,0.43066,0.56818,932,0.39697,0.60812,872,0.34707,STOPPED,352.54
38,20251009_125024,gln_phase1.csv,gaitgl.csv,TCN,42,256,3,"[896, 768, 640]","[3, 6, 9]",2,2,leakyrelu,False,False,"[None, None, None]","[False, True, True]",attention,64,96,Adam,,1e-05,2e-06,minmax,1.01066,0.47727,73,0.21538,0.21538,73,,STOPPED,40.622
39,20251009_125024,gln_phase2.csv,gaitgl.csv,TCN,42,256,3,"[896, 768, 640]","[3, 6, 9]",2,2,leakyrelu,False,False,"[None, None, None]","[False, True, True]",attention,64,96,Adam,,1e-05,2e-06,minmax,0.04044,0.43182,600,0.39181,0.51194,457,0.15118,COMPLETED,327.517

40,20251009_132752,baseline_CASIAB.csv,gaitgl_GREW.csv,TCN,42,256,1,[256],[1],7,2,hardswish,False,False,[0.3],[False],last,128,16,AdamW,,0.001,1e-06,L2,0.04817,0.45455,92,0.37073,0.57576,48,0.29679,COMPLETED,10.683
41,20251009_132752,baseline_OUMVLP.csv,gaitgl_GREW.csv,TCN,42,256,1,[256],[1],7,2,hardswish,False,False,[0.3],[False],last,128,16,AdamW,,0.001,1e-06,L2,0.00849,0.47727,123,0.41211,0.46542,109,0.09944,COMPLETED,14.121
42,20251009_132752,gaitgl.csv,gaitgl_GREW.csv,TCN,42,128,1,[256],[1],7,2,hardswish,False,False,[0.3],[False],last,128,16,AdamW,,0.001,1e-06,L2,0.00869,0.36364,50,0.30354,0.43932,20,0.3225,COMPLETED,6.268
43,20251009_132752,gaitgl_GREW.csv,gaitgl_GREW.csv,TCN,42,256,1,[256],[1],7,2,hardswish,False,False,[0.3],[False],last,128,16,AdamW,,0.001,1e-06,L2,0.00251,0.54545,24,0.46053,0.49551,19,0.17723,COMPLETED,3.228
44,20251009_132752,gaitgl_GREW_BNNeck.csv,gaitgl_GREW.csv,TCN,42,256,1,[256],[1],7,2,hardswish,False,False,[0.3],[False],last,128,16,AdamW,,0.001,1e-06,L2,0.02015,0.52273,83,0.5,0.54791,79,0.04111,COMPLETED,11.269
45,20251009_132752,gaitgl_OUMVLP.csv,gaitgl_GREW.csv,TCN,42,256,1,[256],[1],7,2,hardswish,False,False,[0.3],[False],last,128,16,AdamW,,0.001,1e-06,L2,0.00549,0.36364,98,0.28095,0.36111,89,0.124,COMPLETED,13.34
46,20251009_132752,gaitpart_GREW.csv,gaitgl_GREW.csv,TCN,42,256,1,[256],[1],7,2,hardswish,False,False,[0.3],[False],last,128,16,AdamW,,0.001,1e-06,L2,0.01611,0.38636,84,0.33022,0.45967,59,0.05339,COMPLETED,9.225
47,20251009_132752,gaitpart_OUMVLP.csv,gaitgl_GREW.csv,TCN,42,256,1,[256],[1],7,2,hardswish,False,False,[0.3],[False],last,128,16,AdamW,,0.001,1e-06,L2,0.0389,0.47727,211,0.40269,0.54497,147,0.13334,COMPLETED,22.919
48,20251009_132752,gaitset.csv,gaitgl_GREW.csv,TCN,42,256,1,[256],[1],7,2,hardswish,False,False,[0.3],[False],last,128,16,AdamW,,0.001,1e-06,L2,0.00536,0.43182,113,0.32679,0.45023,75,0.09484,COMPLETED,15.307
49,20251009_132752,gaitset_GREW.csv,gaitgl_GREW.csv,TCN,42,256,1,[256],[1],7,2,hardswish,False,False,[0.3],[False],last,128,16,AdamW,,0.001,1e-06,L2,0.0023,0.43182,73,0.36382,0.45323,47,0.15898,COMPLETED,10.067
50,20251009_132752,gaitset_OUMVLP.csv,gaitgl_GREW.csv,TCN,42,256,1,[256],[1],7,2,hardswish,False,False,[0.3],[False],last,128,16,AdamW,,0.001,1e-06,L2,0.0335,0.47727,224,0.33679,0.5121,147,0.25091,COMPLETED,30.114
51,20251009_132752,gln_phase1.csv,gaitgl_GREW.csv,TCN,42,256,1,[256],[1],7,2,hardswish,False,False,[0.3],[False],last,128,16,AdamW,,0.001,1e-06,L2,0.01827,0.52273,74,0.49528,0.55004,59,0.04804,COMPLETED,11.26
52,20251009_132752,gln_phase2.csv,gaitgl_GREW.csv,TCN,42,256,1,[256],[1],7,2,hardswish,False,False,[0.3],[False],last,128,16,AdamW,,0.001,1e-06,L2,0.00825,0.38636,81,0.30057,0.50301,59,0.11954,COMPLETED,12.483

53,20251009_133056,baseline_CASIAB.csv,gaitgl_GREW_BNNeck.csv,TCN,42,256,2,"[192, 192]","[1, 2]",7,1,mish,False,True,"[0.3, 0.3]","[False, True]",max,,32,AdamW,,0.0001,1e-06,L2,0.04512,0.56818,139,0.52536,0.5626,134,0.05045,COMPLETED,9.998
54,20251009_133056,baseline_OUMVLP.csv,gaitgl_GREW_BNNeck.csv,TCN,42,256,2,"[192, 192]","[1, 2]",7,1,mish,False,True,"[0.3, 0.3]","[False, True]",max,,32,AdamW,,0.0001,1e-06,L2,0.03648,0.56818,183,0.46667,0.53307,151,0.09386,COMPLETED,13.333
55,20251009_133056,gaitgl.csv,gaitgl_GREW_BNNeck.csv,TCN,42,128,2,"[192, 192]","[1, 2]",7,1,mish,False,True,"[0.3, 0.3]","[False, True]",max,,32,AdamW,,0.0001,1e-06,L2,0.03921,0.43182,87,0.31111,0.39259,41,0.22835,COMPLETED,6.406
56,20251009_133056,gaitgl_GREW.csv,gaitgl_GREW_BNNeck.csv,TCN,42,256,2,"[192, 192]","[1, 2]",7,1,mish,False,True,"[0.3, 0.3]","[False, True]",max,,32,AdamW,,0.0001,1e-06,L2,0.03974,0.45455,68,0.31576,0.42088,57,0.06797,COMPLETED,5.789
57,20251009_133056,gaitgl_GREW_BNNeck.csv,gaitgl_GREW_BNNeck.csv,TCN,42,256,2,"[192, 192]","[1, 2]",7,1,mish,False,True,"[0.3, 0.3]","[False, True]",max,,32,AdamW,,0.0001,1e-06,L2,0.04712,0.5,135,0.4094,0.45445,117,0.07499,COMPLETED,11.265
58,20251009_133056,gaitgl_OUMVLP.csv,gaitgl_GREW_BNNeck.csv,TCN,42,256,2,"[192, 192]","[1, 2]",7,1,mish,False,True,"[0.3, 0.3]","[False, True]",max,,32,AdamW,,0.0001,1e-06,L2,0.0333,0.5,191,0.36606,0.52849,133,0.20562,COMPLETED,16.026
59,20251009_133056,gaitpart_GREW.csv,gaitgl_GREW_BNNeck.csv,TCN,42,256,2,"[192, 192]","[1, 2]",7,1,mish,False,True,"[0.3, 0.3]","[False, True]",max,,32,AdamW,,0.0001,1e-06,L2,0.04704,0.54545,166,0.48991,0.52692,148,0.08501,COMPLETED,10.969
60,20251009_133056,gaitpart_OUMVLP.csv,gaitgl_GREW_BNNeck.csv,TCN,42,256,2,"[192, 192]","[1, 2]",7,1,mish,False,True,"[0.3, 0.3]","[False, True]",max,,32,AdamW,,0.0001,1e-06,L2,0.04111,0.52273,359,0.46728,0.56638,342,0.0617,COMPLETED,23.804
61,20251009_133056,gaitset.csv,gaitgl_GREW_BNNeck.csv,TCN,42,256,2,"[192, 192]","[1, 2]",7,1,mish,False,True,"[0.3, 0.3]","[False, True]",max,,32,AdamW,,0.0001,1e-06,L2,0.04156,0.5,126,0.33939,0.37818,74,0.19904,COMPLETED,10.631
62,20251009_133056,gaitset_GREW.csv,gaitgl_GREW_BNNeck.csv,TCN,42,256,2,"[192, 192]","[1, 2]",7,1,mish,False,True,"[0.3, 0.3]","[False, True]",max,,32,AdamW,,0.0001,1e-06,L2,0.0431,0.61364,165,0.44141,0.44141,165,0.0431,COMPLETED,13.793
63,20251009_133056,gaitset_OUMVLP.csv,gaitgl_GREW_BNNeck.csv,TCN,42,256,2,"[192, 192]","[1, 2]",7,1,mish,False,True,"[0.3, 0.3]","[False, True]",max,,32,AdamW,,0.0001,1e-06,L2,0.04276,0.52273,461,0.47227,0.54291,391,0.11219,COMPLETED,38.213
64,20251009_133056,gln_phase1.csv,gaitgl_GREW_BNNeck.csv,TCN,42,256,2,"[192, 192]","[1, 2]",7,1,mish,False,True,"[0.3, 0.3]","[False, True]",max,,32,AdamW,,0.0001,1e-06,L2,0.04484,0.54545,145,0.38435,0.50998,107,0.09827,COMPLETED,14.236
65,20251009_133056,gln_phase2.csv,gaitgl_GREW_BNNeck.csv,TCN,42,256,2,"[192, 192]","[1, 2]",7,1,mish,False,True,"[0.3, 0.3]","[False, True]",max,,32,AdamW,,0.0001,1e-06,L2,0.04489,0.54545,136,0.44017,0.59144,129,0.05881,COMPLETED,13.222

66,20251009_133418,baseline_CASIAB.csv,gaitgl_OUMVLP.csv,TCN,42,256,1,[512],[3],7,2,mish,True,False,[None],[False],last,,32,AdamW,,0.0002,2e-06,L2,0.03333,0.31818,231,0.23757,0.45812,129,0.27144,COMPLETED,28.932
67,20251009_133418,baseline_OUMVLP.csv,gaitgl_OUMVLP.csv,TCN,42,256,1,[512],[3],7,2,mish,True,False,[None],[False],last,,32,AdamW,,0.0002,2e-06,L2,0.04004,0.38636,212,0.30631,0.39213,119,0.26845,COMPLETED,26.692
68,20251009_133418,gaitgl.csv,gaitgl_OUMVLP.csv,TCN,42,128,1,[512],[3],7,2,mish,True,False,[None],[False],last,,32,AdamW,,0.0002,2e-06,L2,0.03156,0.43182,70,0.32276,0.38329,46,0.13699,COMPLETED,13.583
69,20251009_133418,gaitgl_GREW.csv,gaitgl_OUMVLP.csv,TCN,42,256,1,[512],[3],7,2,mish,True,False,[None],[False],last,,32,AdamW,,0.0002,2e-06,L2,0.01883,0.45455,31,0.33424,0.47078,24,0.07285,COMPLETED,6.331
70,20251009_133418,gaitgl_GREW_BNNeck.csv,gaitgl_OUMVLP.csv,TCN,42,256,1,[512],[3],7,2,mish,True,False,[None],[False],last,,32,AdamW,,0.0002,2e-06,L2,0.04155,0.45455,189,0.38942,0.46412,140,0.16209,COMPLETED,38.454
71,20251009_133418,gaitgl_OUMVLP.csv,gaitgl_OUMVLP.csv,TCN,42,256,1,[512],[3],7,2,mish,True,False,[None],[False],last,,32,AdamW,,0.0002,2e-06,L2,0.0406,0.47727,165,0.39387,0.44257,141,0.06201,COMPLETED,35.321
72,20251009_133418,gaitpart_GREW.csv,gaitgl_OUMVLP.csv,TCN,42,256,1,[512],[3],7,2,mish,True,False,[None],[False],last,,32,AdamW,,0.0002,2e-06,L2,0.03654,0.54545,167,0.49221,0.56824,163,0.03969,COMPLETED,19.856
73,20251009_133418,gaitpart_OUMVLP.csv,gaitgl_OUMVLP.csv,TCN,42,256,1,[512],[3],7,2,mish,True,False,[None],[False],last,,32,AdamW,,0.0002,2e-06,L2,0.04678,0.5,371,0.44795,0.49908,319,0.16796,COMPLETED,44.188
74,20251009_133418,gaitset.csv,gaitgl_OUMVLP.csv,TCN,42,256,1,[512],[3],7,2,mish,True,False,[None],[False],last,,32,AdamW,,0.0002,2e-06,L2,0.03628,0.38636,171,0.36142,0.40495,130,0.12714,COMPLETED,43.339
75,20251009_133418,gaitset_GREW.csv,gaitgl_OUMVLP.csv,TCN,42,256,1,[512],[3],7,2,mish,True,False,[None],[False],last,,32,AdamW,,0.0002,2e-06,L2,0.03568,0.45455,124,0.3598,0.40613,83,0.1875,COMPLETED,31.418
76,20251009_133418,gaitset_OUMVLP.csv,gaitgl_OUMVLP.csv,TCN,42,256,1,[512],[3],7,2,mish,True,False,[None],[False],last,,32,AdamW,,0.0002,2e-06,L2,0.04678,0.56818,439,0.49333,0.59058,237,0.3071,COMPLETED,111.926
77,20251009_133418,gln_phase1.csv,gaitgl_OUMVLP.csv,TCN,42,256,1,[512],[3],7,2,mish,True,False,[None],[False],last,,32,AdamW,,0.0002,2e-06,L2,0.04198,0.38636,303,0.34665,0.46595,121,0.32065,COMPLETED,109.317
78,20251009_133418,gln_phase2.csv,gaitgl_OUMVLP.csv,TCN,42,256,1,[512],[3],7,2,mish,True,False,[None],[False],last,,32,AdamW,,0.0002,2e-06,L2,0.035,0.5,176,0.4615,0.52462,116,0.1565,COMPLETED,63.466

79,20251009_134405,baseline_CASIAB.csv,gaitpart_GREW.csv,TCN,42,256,3,"[96, 96, 96]","[1, 4, 7]",9,1,gelu,True,False,"[0.1, 0.1, 0.1]","[True, True, False]",last,,96,AdamW,,0.0002,2e-06,L2,0.03411,0.5,140,0.41919,0.47487,116,0.10872,COMPLETED,7.034
80,20251009_134405,baseline_OUMVLP.csv,gaitpart_GREW.csv,TCN,42,256,3,"[96, 96, 96]","[1, 4, 7]",9,1,gelu,True,False,"[0.1, 0.1, 0.1]","[True, True, False]",last,,96,AdamW,,0.0002,2e-06,L2,0.0378,0.47727,181,0.40366,0.50949,122,0.33253,COMPLETED,9.091
81,20251009_134405,gaitgl.csv,gaitpart_GREW.csv,TCN,42,128,3,"[96, 96, 96]","[1, 4, 7]",9,1,gelu,True,False,"[0.1, 0.1, 0.1]","[True, True, False]",last,,96,AdamW,,0.0002,2e-06,L2,0.03396,0.40909,74,0.29668,0.36759,57,0.0997,COMPLETED,4.078
82,20251009_134405,gaitgl_GREW.csv,gaitpart_GREW.csv,TCN,42,256,3,"[96, 96, 96]","[1, 4, 7]",9,1,gelu,True,False,"[0.1, 0.1, 0.1]","[True, True, False]",last,,96,AdamW,,0.0002,2e-06,L2,0.03093,0.5,61,0.36451,0.40091,36,0.29409,COMPLETED,4.04
83,20251009_134405,gaitgl_GREW_BNNeck.csv,gaitpart_GREW.csv,TCN,42,256,3,"[96, 96, 96]","[1, 4, 7]",9,1,gelu,True,False,"[0.1, 0.1, 0.1]","[True, True, False]",last,,96,AdamW,,0.0002,2e-06,L2,0.02811,0.40909,119,0.35185,0.45391,77,0.18478,COMPLETED,7.656
84,20251009_134405,gaitgl_OUMVLP.csv,gaitpart_GREW.csv,TCN,42,256,3,"[96, 96, 96]","[1, 4, 7]",9,1,gelu,True,False,"[0.1, 0.1, 0.1]","[True, True, False]",last,,96,AdamW,,0.0002,2e-06,L2,0.03377,0.5,168,0.40126,0.49116,158,0.11723,COMPLETED,10.909
85,20251009_134405,gaitpart_GREW.csv,gaitpart_GREW.csv,TCN,42,256,3,"[96, 96, 96]","[1, 4, 7]",9,1,gelu,True,False,"[0.1, 0.1, 0.1]","[True, True, False]",last,,96,AdamW,,0.0002,2e-06,L2,0.03246,0.45455,200,0.42297,0.58667,192,0.12225,COMPLETED,8.428
86,20251009_134405,gaitpart_OUMVLP.csv,gaitpart_GREW.csv,TCN,42,256,3,"[96, 96, 96]","[1, 4, 7]",9,1,gelu,True,False,"[0.1, 0.1, 0.1]","[True, True, False]",last,,96,AdamW,,0.0002,2e-06,L2,0.03564,0.59091,401,0.56257,0.59425,379,0.1373,COMPLETED,16.186
87,20251009_134405,gaitset.csv,gaitpart_GREW.csv,TCN,42,256,3,"[96, 96, 96]","[1, 4, 7]",9,1,gelu,True,False,"[0.1, 0.1, 0.1]","[True, True, False]",last,,96,AdamW,,0.0002,2e-06,L2,0.04243,0.31818,114,0.30189,0.47658,82,0.24523,COMPLETED,7.09
88,20251009_134405,gaitset_GREW.csv,gaitpart_GREW.csv,TCN,42,256,3,"[96, 96, 96]","[1, 4, 7]",9,1,gelu,True,False,"[0.1, 0.1, 0.1]","[True, True, False]",last,,96,AdamW,,0.0002,2e-06,L2,0.03319,0.54545,133,0.39546,0.47661,91,0.29469,COMPLETED,7.727
89,20251009_134405,gaitset_OUMVLP.csv,gaitpart_GREW.csv,TCN,42,256,3,"[96, 96, 96]","[1, 4, 7]",9,1,gelu,True,False,"[0.1, 0.1, 0.1]","[True, True, False]",last,,96,AdamW,,0.0002,2e-06,L2,0.0403,0.52273,512,0.46907,0.56801,424,0.25909,COMPLETED,27.416
90,20251009_134405,gln_phase1.csv,gaitpart_GREW.csv,TCN,42,256,3,"[96, 96, 96]","[1, 4, 7]",9,1,gelu,True,False,"[0.1, 0.1, 0.1]","[True, True, False]",last,,96,AdamW,,0.0002,2e-06,L2,0.03153,0.40909,129,0.30681,0.37535,90,0.25007,COMPLETED,8.645
91,20251009_134405,gln_phase2.csv,gaitpart_GREW.csv,TCN,42,256,3,"[96, 96, 96]","[1, 4, 7]",9,1,gelu,True,False,"[0.1, 0.1, 0.1]","[True, True, False]",last,,96,AdamW,,0.0002,2e-06,L2,0.03786,0.47727,118,0.34028,0.5,103,0.10336,COMPLETED,7.808

92,20251009_134626,baseline_CASIAB.csv,gaitpart_OUMVLP.csv,TCN,42,256,2,"[128, 192]","[3, 4]",9,1,elu,False,True,"[0.0, None]","[False, False]",mean,,16,AdamW,,0.0005,0.0,L2,0.02533,0.52273,45,0.46291,0.50594,34,0.19661,COMPLETED,4.183
93,20251009_134626,baseline_OUMVLP.csv,gaitpart_OUMVLP.csv,TCN,42,256,2,"[128, 192]","[3, 4]",9,1,elu,False,True,"[0.0, None]","[False, False]",mean,,16,AdamW,,0.0005,0.0,L2,0.02307,0.47727,64,0.45985,0.52751,45,0.25862,COMPLETED,5.991
94,20251009_134626,gaitgl.csv,gaitpart_OUMVLP.csv,TCN,42,128,2,"[128, 192]","[3, 4]",9,1,elu,False,True,"[0.0, None]","[False, False]",mean,,16,AdamW,,0.0005,0.0,L2,0.02682,0.5,32,0.35102,0.38762,21,0.29351,COMPLETED,2.995
95,20251009_134626,gaitgl_GREW.csv,gaitpart_OUMVLP.csv,TCN,42,256,2,"[128, 192]","[3, 4]",9,1,elu,False,True,"[0.0, None]","[False, False]",mean,,16,AdamW,,0.0005,0.0,L2,0.019,0.52273,37,0.44314,0.49784,36,0.02306,COMPLETED,3.72
96,20251009_134626,gaitgl_GREW_BNNeck.csv,gaitpart_OUMVLP.csv,TCN,42,256,2,"[128, 192]","[3, 4]",9,1,elu,False,True,"[0.0, None]","[False, False]",mean,,16,AdamW,,0.0005,0.0,L2,0.02283,0.40909,44,0.34762,0.38387,37,0.07829,COMPLETED,4.966
97,20251009_134626,gaitgl_OUMVLP.csv,gaitpart_OUMVLP.csv,TCN,42,256,2,"[128, 192]","[3, 4]",9,1,elu,False,True,"[0.0, None]","[False, False]",mean,,16,AdamW,,0.0005,0.0,L2,0.02941,0.40909,78,0.34266,0.43333,61,0.24622,COMPLETED,8.056
98,20251009_134626,gaitpart_GREW.csv,gaitpart_OUMVLP.csv,TCN,42,256,2,"[128, 192]","[3, 4]",9,1,elu,False,True,"[0.0, None]","[False, False]",mean,,16,AdamW,,0.0005,0.0,L2,0.01976,0.45455,64,0.40122,0.51028,46,0.20854,COMPLETED,5.741
99,20251009_134626,gaitpart_OUMVLP.csv,gaitpart_OUMVLP.csv,TCN,42,256,2,"[128, 192]","[3, 4]",9,1,elu,False,True,"[0.0, None]","[False, False]",mean,,16,AdamW,,0.0005,0.0,L2,0.0187,0.52273,108,0.43256,0.51151,98,0.06819,COMPLETED,9.82
100,20251009_134626,gaitset.csv,gaitpart_OUMVLP.csv,TCN,42,256,2,"[128, 192]","[3, 4]",9,1,elu,False,True,"[0.0, None]","[False, False]",mean,,16,AdamW,,0.0005,0.0,L2,0.03069,0.34091,45,0.28868,0.39897,34,0.19423,COMPLETED,5.127
101,20251009_134626,gaitset_GREW.csv,gaitpart_OUMVLP.csv,TCN,42,256,2,"[128, 192]","[3, 4]",9,1,elu,False,True,"[0.0, None]","[False, False]",mean,,16,AdamW,,0.0005,0.0,L2,0.01826,0.52273,52,0.42959,0.47609,37,0.23897,COMPLETED,5.249
102,20251009_134626,gaitset_OUMVLP.csv,gaitpart_OUMVLP.csv,TCN,42,256,2,"[128, 192]","[3, 4]",9,1,elu,False,True,"[0.0, None]","[False, False]",mean,,16,AdamW,,0.0005,0.0,L2,0.03423,0.45455,132,0.41349,0.46358,131,0.03559,COMPLETED,13.363
103,20251009_134626,gln_phase1.csv,gaitpart_OUMVLP.csv,TCN,42,256,2,"[128, 192]","[3, 4]",9,1,elu,False,True,"[0.0, None]","[False, False]",mean,,16,AdamW,,0.0005,0.0,L2,0.02411,0.40909,52,0.36077,0.45287,34,0.34619,COMPLETED,6.477
104,20251009_134626,gln_phase2.csv,gaitpart_OUMVLP.csv,TCN,42,256,2,"[128, 192]","[3, 4]",9,1,elu,False,True,"[0.0, None]","[False, False]",mean,,16,AdamW,,0.0005,0.0,L2,0.02907,0.40909,51,0.35366,0.4043,34,0.28952,COMPLETED,5.727

105,20251009_134801,baseline_CASIAB.csv,gaitset.csv,TCN,42,256,4,"[128, 128, 128, 128]","[1, 4, 7, 10]",3,2,prelu,False,True,"[None, None, 0.2, None]","[False, True, False, False]",mean,256,16,AdamW,,0.0001,0.0,L2,0.02547,0.5,58,0.45503,0.50992,49,0.07068,COMPLETED,10.927
106,20251009_134801,baseline_OUMVLP.csv,gaitset.csv,TCN,42,256,4,"[128, 128, 128, 128]","[1, 4, 7, 10]",3,2,prelu,False,True,"[None, None, 0.2, None]","[False, True, False, False]",mean,256,16,AdamW,,0.0001,0.0,L2,0.02228,0.40909,72,0.36138,0.46373,51,0.27931,COMPLETED,13.498
107,20251009_134801,gaitgl.csv,gaitset.csv,TCN,42,128,4,"[128, 128, 128, 128]","[1, 4, 7, 10]",3,2,prelu,False,True,"[None, None, 0.2, None]","[False, True, False, False]",mean,256,16,AdamW,,0.0001,0.0,L2,0.02269,0.40909,43,0.25874,0.31258,33,0.24368,COMPLETED,8.253
108,20251009_134801,gaitgl_GREW.csv,gaitset.csv,TCN,42,256,4,"[128, 128, 128, 128]","[1, 4, 7, 10]",3,2,prelu,False,True,"[None, None, 0.2, None]","[False, True, False, False]",mean,256,16,AdamW,,0.0001,0.0,L2,0.00921,0.52273,44,0.42165,0.60458,39,0.08837,COMPLETED,8.659
109,20251009_134801,gaitgl_GREW_BNNeck.csv,gaitset.csv,TCN,42,256,4,"[128, 128, 128, 128]","[1, 4, 7, 10]",3,2,prelu,False,True,"[None, None, 0.2, None]","[False, True, False, False]",mean,256,16,AdamW,,0.0001,0.0,L2,0.02742,0.38636,66,0.36078,0.38009,60,0.18644,COMPLETED,13.13
110,20251009_134801,gaitgl_OUMVLP.csv,gaitset.csv,TCN,42,256,4,"[128, 128, 128, 128]","[1, 4, 7, 10]",3,2,prelu,False,True,"[None, None, 0.2, None]","[False, True, False, False]",mean,256,16,AdamW,,0.0001,0.0,L2,0.00937,0.40909,95,0.39259,0.49767,67,0.23415,COMPLETED,18.78
111,20251009_134801,gaitpart_GREW.csv,gaitset.csv,TCN,42,256,4,"[128, 128, 128, 128]","[1, 4, 7, 10]",3,2,prelu,False,True,"[None, None, 0.2, None]","[False, True, False, False]",mean,256,16,AdamW,,0.0001,0.0,L2,0.00629,0.56818,71,0.525,0.5745,58,0.1954,COMPLETED,12.879
112,20251009_134801,gaitpart_OUMVLP.csv,gaitset.csv,TCN,42,256,4,"[128, 128, 128, 128]","[1, 4, 7, 10]",3,2,prelu,False,True,"[None, None, 0.2, None]","[False, True, False, False]",mean,256,16,AdamW,,0.0001,0.0,L2,0.01516,0.59091,124,0.56426,0.63258,93,0.32226,COMPLETED,23.056
113,20251009_134801,gaitset.csv,gaitset.csv,TCN,42,256,4,"[128, 128, 128, 128]","[1, 4, 7, 10]",3,2,prelu,False,True,"[None, None, 0.2, None]","[False, True, False, False]",mean,256,16,AdamW,,0.0001,0.0,L2,0.01545,0.29545,63,0.28451,0.36137,48,0.16696,COMPLETED,12.46
114,20251009_134801,gaitset_GREW.csv,gaitset.csv,TCN,42,256,4,"[128, 128, 128, 128]","[1, 4, 7, 10]",3,2,prelu,False,True,"[None, None, 0.2, None]","[False, True, False, False]",mean,256,16,AdamW,,0.0001,0.0,L2,0.03504,0.29545,75,0.30791,0.45582,66,0.23974,COMPLETED,14.797
115,20251009_134801,gaitset_OUMVLP.csv,gaitset.csv,TCN,42,256,4,"[128, 128, 128, 128]","[1, 4, 7, 10]",3,2,prelu,False,True,"[None, None, 0.2, None]","[False, True, False, False]",mean,256,16,AdamW,,0.0001,0.0,L2,0.02737,0.47727,173,0.45359,0.54591,142,0.09362,COMPLETED,34.436
116,20251009_134801,gln_phase1.csv,gaitset.csv,TCN,42,256,4,"[128, 128, 128, 128]","[1, 4, 7, 10]",3,2,prelu,False,True,"[None, None, 0.2, None]","[False, True, False, False]",mean,256,16,AdamW,,0.0001,0.0,L2,0.00766,0.43182,82,0.41913,0.48403,74,0.24641,COMPLETED,17.51
117,20251009_134801,gln_phase2.csv,gaitset.csv,TCN,42,256,4,"[128, 128, 128, 128]","[1, 4, 7, 10]",3,2,prelu,False,True,"[None, None, 0.2, None]","[False, True, False, False]",mean,256,16,AdamW,,0.0001,0.0,L2,0.03984,0.34091,67,0.22636,0.49457,44,0.3427,COMPLETED,14.082

118,20251009_135137,baseline_CASIAB.csv,gaitset_GREW.csv,TCN,42,256,4,"[384, 256, 192, 128]","[2, 4, 8, 16]",3,1,elu,False,False,"[None, 0.1, 0.1, None]","[True, False, False, False]",max,256,16,RMSprop,,1e-05,5e-07,L2,0.03851,0.5,138,0.42312,0.42886,101,0.15217,COMPLETED,21.955
119,20251009_135137,baseline_OUMVLP.csv,gaitset_GREW.csv,TCN,42,256,4,"[384, 256, 192, 128]","[2, 4, 8, 16]",3,1,elu,False,False,"[None, 0.1, 0.1, None]","[True, False, False, False]",max,256,16,RMSprop,,1e-05,5e-07,L2,0.04544,0.5,205,0.42877,0.52397,115,0.31962,COMPLETED,31.697
120,20251009_135137,gaitgl.csv,gaitset_GREW.csv,TCN,42,128,4,"[384, 256, 192, 128]","[2, 4, 8, 16]",3,1,elu,False,False,"[None, 0.1, 0.1, None]","[True, False, False, False]",max,256,16,RMSprop,,1e-05,5e-07,L2,0.03779,0.34091,89,0.24916,0.3126,80,0.06827,COMPLETED,14.871
121,20251009_135137,gaitgl_GREW.csv,gaitset_GREW.csv,TCN,42,256,4,"[384, 256, 192, 128]","[2, 4, 8, 16]",3,1,elu,False,False,"[None, 0.1, 0.1, None]","[True, False, False, False]",max,256,16,RMSprop,,1e-05,5e-07,L2,0.03867,0.47727,89,0.34354,0.46217,85,0.04717,COMPLETED,15.9
122,20251009_135137,gaitgl_GREW_BNNeck.csv,gaitset_GREW.csv,TCN,42,256,4,"[384, 256, 192, 128]","[2, 4, 8, 16]",3,1,elu,False,False,"[None, 0.1, 0.1, None]","[True, False, False, False]",max,256,16,RMSprop,,1e-05,5e-07,L2,0.04,0.45455,121,0.37762,0.41902,62,0.30959,COMPLETED,21.447
123,20251009_135137,gaitgl_OUMVLP.csv,gaitset_GREW.csv,TCN,42,256,4,"[384, 256, 192, 128]","[2, 4, 8, 16]",3,1,elu,False,False,"[None, 0.1, 0.1, None]","[True, False, False, False]",max,256,16,RMSprop,,1e-05,5e-07,L2,0.04539,0.47727,212,0.33673,0.4559,141,0.21002,COMPLETED,37.163
124,20251009_135137,gaitpart_GREW.csv,gaitset_GREW.csv,TCN,42,256,4,"[384, 256, 192, 128]","[2, 4, 8, 16]",3,1,elu,False,False,"[None, 0.1, 0.1, None]","[True, False, False, False]",max,256,16,RMSprop,,1e-05,5e-07,L2,0.03439,0.5,212,0.42277,0.48629,203,0.05448,COMPLETED,32.244
125,20251009_135137,gaitpart_OUMVLP.csv,gaitset_GREW.csv,TCN,42,256,4,"[384, 256, 192, 128]","[2, 4, 8, 16]",3,1,elu,False,False,"[None, 0.1, 0.1, None]","[True, False, False, False]",max,256,16,RMSprop,,1e-05,5e-07,L2,0.04038,0.52273,411,0.43071,0.53462,340,0.18058,COMPLETED,68.844
126,20251009_135137,gaitset.csv,gaitset_GREW.csv,TCN,42,256,4,"[384, 256, 192, 128]","[2, 4, 8, 16]",3,1,elu,False,False,"[None, 0.1, 0.1, None]","[True, False, False, False]",max,256,16,RMSprop,,1e-05,5e-07,L2,0.03881,0.43182,118,0.30161,0.39015,62,0.30231,COMPLETED,23.141
127,20251009_135137,gaitset_GREW.csv,gaitset_GREW.csv,TCN,42,256,4,"[384, 256, 192, 128]","[2, 4, 8, 16]",3,1,elu,False,False,"[None, 0.1, 0.1, None]","[True, False, False, False]",max,256,16,RMSprop,,1e-05,5e-07,L2,0.04276,0.47727,150,0.3164,0.42444,105,0.1663,COMPLETED,29.093
128,20251009_135137,gaitset_OUMVLP.csv,gaitset_GREW.csv,TCN,42,256,4,"[384, 256, 192, 128]","[2, 4, 8, 16]",3,1,elu,False,False,"[None, 0.1, 0.1, None]","[True, False, False, False]",max,256,16,RMSprop,,1e-05,5e-07,L2,0.04461,0.5,519,0.47119,0.54603,467,0.09483,COMPLETED,100.403
129,20251009_135137,gln_phase1.csv,gaitset_GREW.csv,TCN,42,256,4,"[384, 256, 192, 128]","[2, 4, 8, 16]",3,1,elu,False,False,"[None, 0.1, 0.1, None]","[True, False, False, False]",max,256,16,RMSprop,,1e-05,5e-07,L2,0.04254,0.54545,135,0.48914,0.53488,111,0.10262,COMPLETED,29.398
130,20251009_135137,gln_phase2.csv,gaitset_GREW.csv,TCN,42,256,4,"[384, 256, 192, 128]","[2, 4, 8, 16]",3,1,elu,False,False,"[None, 0.1, 0.1, None]","[True, False, False, False]",max,256,16,RMSprop,,1e-05,5e-07,L2,0.04475,0.5,122,0.4,0.44514,74,0.23317,COMPLETED,26.617

131,20251009_135923,baseline_CASIAB.csv,gaitset_OUMVLP.csv,TCN,42,256,1,[512],[1],7,1,relu,False,False,[0.1],[False],attention,256,16,Adam,,0.0005,1e-06,L2,0.00682,0.59091,43,0.48514,0.57653,40,0.01635,COMPLETED,6.262
132,20251009_135923,baseline_OUMVLP.csv,gaitset_OUMVLP.csv,TCN,42,256,1,[512],[1],7,1,relu,False,False,[0.1],[False],attention,256,16,Adam,,0.0005,1e-06,L2,0.01162,0.54545,56,0.50178,0.57134,42,0.1912,COMPLETED,8.083
133,20251009_135923,gaitgl.csv,gaitset_OUMVLP.csv,TCN,42,128,1,[512],[1],7,1,relu,False,False,[0.1],[False],attention,256,16,Adam,,0.0005,1e-06,L2,0.00343,0.52273,39,0.42222,0.46667,23,0.19393,COMPLETED,6.472
134,20251009_135923,gaitgl_GREW.csv,gaitset_OUMVLP.csv,TCN,42,256,1,[512],[1],7,1,relu,False,False,[0.1],[False],attention,256,16,Adam,,0.0005,1e-06,L2,0.00211,0.38636,34,0.27083,0.37937,28,0.27347,COMPLETED,6.166
135,20251009_135923,gaitgl_GREW_BNNeck.csv,gaitset_OUMVLP.csv,TCN,42,256,1,[512],[1],7,1,relu,False,False,[0.1],[False],attention,256,16,Adam,,0.0005,1e-06,L2,0.01408,0.45455,46,0.39076,0.47155,36,0.25627,COMPLETED,8.138
136,20251009_135923,gaitgl_OUMVLP.csv,gaitset_OUMVLP.csv,TCN,42,256,1,[512],[1],7,1,relu,False,False,[0.1],[False],attention,256,16,Adam,,0.0005,1e-06,L2,0.00185,0.56818,62,0.47033,0.47033,62,0.00185,COMPLETED,10.876
137,20251009_135923,gaitpart_GREW.csv,gaitset_OUMVLP.csv,TCN,42,256,1,[512],[1],7,1,relu,False,False,[0.1],[False],attention,256,16,Adam,,0.0005,1e-06,L2,0.00778,0.43182,59,0.38385,0.42899,58,0.01795,COMPLETED,8.024
138,20251009_135923,gaitpart_OUMVLP.csv,gaitset_OUMVLP.csv,TCN,42,256,1,[512],[1],7,1,relu,False,False,[0.1],[False],attention,256,16,Adam,,0.0005,1e-06,L2,0.01354,0.52273,94,0.39887,0.39932,93,0.01714,COMPLETED,12.686
139,20251009_135923,gaitset.csv,gaitset_OUMVLP.csv,TCN,42,256,1,[512],[1],7,1,relu,False,False,[0.1],[False],attention,256,16,Adam,,0.0005,1e-06,L2,0.00403,0.43182,54,0.37172,0.43182,30,0.34183,COMPLETED,9.36
140,20251009_135923,gaitset_GREW.csv,gaitset_OUMVLP.csv,TCN,42,256,1,[512],[1],7,1,relu,False,False,[0.1],[False],attention,256,16,Adam,,0.0005,1e-06,L2,0.00717,0.5,54,0.37632,0.37632,54,0.00717,COMPLETED,9.534
141,20251009_135923,gaitset_OUMVLP.csv,gaitset_OUMVLP.csv,TCN,42,256,1,[512],[1],7,1,relu,False,False,[0.1],[False],attention,256,16,Adam,,0.0005,1e-06,L2,0.00643,0.38636,141,0.2721,0.42849,113,0.21092,COMPLETED,24.382
142,20251009_135923,gln_phase1.csv,gaitset_OUMVLP.csv,TCN,42,256,1,[512],[1],7,1,relu,False,False,[0.1],[False],attention,256,16,Adam,,0.0005,1e-06,L2,0.00554,0.5,52,0.46944,0.5372,36,0.13874,COMPLETED,10.936
143,20251009_135923,gln_phase2.csv,gaitset_OUMVLP.csv,TCN,42,256,1,[512],[1],7,1,relu,False,False,[0.1],[False],attention,256,16,Adam,,0.0005,1e-06,L2,0.0054,0.45455,45,0.31951,0.36355,34,0.30938,COMPLETED,9.512

144,20251009_140147,baseline_CASIAB.csv,gln_phase1.csv,TCN,42,256,1,[64],[1],3,2,leakyrelu,True,False,[None],[True],last,,96,RMSprop,,0.0005,2e-06,L2,,0.47727,182,0.21538,0.21538,182,,STOPPED,7.174
145,20251009_140147,baseline_OUMVLP.csv,gln_phase1.csv,TCN,42,256,1,[64],[1],3,2,leakyrelu,True,False,[None],[True],last,,96,RMSprop,,0.0005,2e-06,L2,,0.47727,180,0.21538,0.21538,180,,STOPPED,7.59
146,20251009_140147,gaitgl.csv,gln_phase1.csv,TCN,42,128,1,[64],[1],3,2,leakyrelu,True,False,[None],[True],last,,96,RMSprop,,0.0005,2e-06,L2,0.03802,0.40909,153,0.34851,0.47376,140,0.29981,COMPLETED,5.707
147,20251009_140147,gaitgl_GREW.csv,gln_phase1.csv,TCN,42,256,1,[64],[1],3,2,leakyrelu,True,False,[None],[True],last,,96,RMSprop,,0.0005,2e-06,L2,0.04022,0.36364,94,0.28011,0.40945,60,0.22907,COMPLETED,4.473
148,20251009_140147,gaitgl_GREW_BNNeck.csv,gln_phase1.csv,TCN,42,256,1,[64],[1],3,2,leakyrelu,True,False,[None],[True],last,,96,RMSprop,,0.0005,2e-06,L2,0.03769,0.43182,219,0.30939,0.44697,158,0.30825,COMPLETED,10.515
149,20251009_140147,gaitgl_OUMVLP.csv,gln_phase1.csv,TCN,42,256,1,[64],[1],3,2,leakyrelu,True,False,[None],[True],last,,96,RMSprop,,0.0005,2e-06,L2,0.03087,0.47727,379,0.3596,0.51277,280,0.3011,COMPLETED,17.778
150,20251009_140147,gaitpart_GREW.csv,gln_phase1.csv,TCN,42,256,1,[64],[1],3,2,leakyrelu,True,False,[None],[True],last,,96,RMSprop,,0.0005,2e-06,L2,0.03611,0.45455,367,0.38675,0.44198,296,0.34352,COMPLETED,13.441
151,20251009_140147,gaitpart_OUMVLP.csv,gln_phase1.csv,TCN,42,256,1,[64],[1],3,2,leakyrelu,True,False,[None],[True],last,,96,RMSprop,,0.0005,2e-06,L2,0.69212,0.47727,768,0.39788,0.39788,768,,STOPPED,28.237
152,20251009_140147,gaitset.csv,gln_phase1.csv,TCN,42,256,1,[64],[1],3,2,leakyrelu,True,False,[None],[True],last,,96,RMSprop,,0.0005,2e-06,L2,0.03897,0.5,283,0.48018,0.543,279,0.04621,COMPLETED,13.122
153,20251009_140147,gaitset_GREW.csv,gln_phase1.csv,TCN,42,256,1,[64],[1],3,2,leakyrelu,True,False,[None],[True],last,,96,RMSprop,,0.0005,2e-06,L2,0.02928,0.38636,356,0.30591,0.425,289,0.1718,COMPLETED,16.457
154,20251009_140147,gaitset_OUMVLP.csv,gln_phase1.csv,TCN,42,256,1,[64],[1],3,2,leakyrelu,True,False,[None],[True],last,,96,RMSprop,,0.0005,2e-06,L2,,0.47727,177,0.21538,0.21538,177,,STOPPED,8.31
155,20251009_140147,gln_phase1.csv,gln_phase1.csv,TCN,42,256,1,[64],[1],3,2,leakyrelu,True,False,[None],[True],last,,96,RMSprop,,0.0005,2e-06,L2,0.03748,0.52273,264,0.42286,0.54774,177,0.34186,COMPLETED,15.146
156,20251009_140147,gln_phase2.csv,gln_phase1.csv,TCN,42,256,1,[64],[1],3,2,leakyrelu,True,False,[None],[True],last,,96,RMSprop,,0.0005,2e-06,L2,0.04037,0.47727,243,0.44258,0.51481,208,0.28399,COMPLETED,13.944

157,20251009_140443,baseline_CASIAB.csv,gln_phase2.csv,TCN,42,256,3,"[512, 512, 512]","[3, 6, 9]",5,1,hardswish,True,False,"[None, 0.1, 0.1]","[False, True, False]",last,128,96,AdamW,,0.0002,1e-06,minmax,0.02081,0.40909,300,0.35084,0.38571,293,0.06874,COMPLETED,33.789
158,20251009_140443,baseline_OUMVLP.csv,gln_phase2.csv,TCN,42,256,3,"[512, 512, 512]","[3, 6, 9]",5,1,hardswish,True,False,"[None, 0.1, 0.1]","[False, True, False]",last,128,96,AdamW,,0.0002,1e-06,minmax,0.00992,0.43182,353,0.33153,0.40656,333,0.11013,COMPLETED,39.56
159,20251009_140443,gaitgl.csv,gln_phase2.csv,TCN,42,128,3,"[512, 512, 512]","[3, 6, 9]",5,1,hardswish,True,False,"[None, 0.1, 0.1]","[False, True, False]",last,128,96,AdamW,,0.0002,1e-06,minmax,0.0063,0.43182,85,0.31744,0.37888,72,0.34392,COMPLETED,16.299
160,20251009_140443,gaitgl_GREW.csv,gln_phase2.csv,TCN,42,256,3,"[512, 512, 512]","[3, 6, 9]",5,1,hardswish,True,False,"[None, 0.1, 0.1]","[False, True, False]",last,128,96,AdamW,,0.0002,1e-06,minmax,0.00678,0.45455,72,0.38987,0.46066,71,0.01013,COMPLETED,15.526
161,20251009_140443,gaitgl_GREW_BNNeck.csv,gln_phase2.csv,TCN,42,256,3,"[512, 512, 512]","[3, 6, 9]",5,1,hardswish,True,False,"[None, 0.1, 0.1]","[False, True, False]",last,128,96,AdamW,,0.0002,1e-06,minmax,1.00832,0.47727,80,0.21538,0.21538,80,,STOPPED,17.204
162,20251009_140443,gaitgl_OUMVLP.csv,gln_phase2.csv,TCN,42,256,3,"[512, 512, 512]","[3, 6, 9]",5,1,hardswish,True,False,"[None, 0.1, 0.1]","[False, True, False]",last,128,96,AdamW,,0.0002,1e-06,minmax,1.00702,0.47727,53,0.21538,0.21538,53,,STOPPED,11.676
163,20251009_140443,gaitpart_GREW.csv,gln_phase2.csv,TCN,42,256,3,"[512, 512, 512]","[3, 6, 9]",5,1,hardswish,True,False,"[None, 0.1, 0.1]","[False, True, False]",last,128,96,AdamW,,0.0002,1e-06,minmax,0.02949,0.5,310,0.42791,0.5,302,0.11456,COMPLETED,28.116
164,20251009_140443,gaitpart_OUMVLP.csv,gln_phase2.csv,TCN,42,256,3,"[512, 512, 512]","[3, 6, 9]",5,1,hardswish,True,False,"[None, 0.1, 0.1]","[False, True, False]",last,128,96,AdamW,,0.0002,1e-06,minmax,1.00562,0.47727,102,0.21538,0.21538,102,,STOPPED,9.377
165,20251009_140443,gaitset.csv,gln_phase2.csv,TCN,42,256,3,"[512, 512, 512]","[3, 6, 9]",5,1,hardswish,True,False,"[None, 0.1, 0.1]","[False, True, False]",last,128,96,AdamW,,0.0002,1e-06,minmax,0.01025,0.54545,222,0.49558,0.53157,206,0.0939,COMPLETED,46.865
166,20251009_140443,gaitset_GREW.csv,gln_phase2.csv,TCN,42,256,3,"[512, 512, 512]","[3, 6, 9]",5,1,hardswish,True,False,"[None, 0.1, 0.1]","[False, True, False]",last,128,96,AdamW,,0.0002,1e-06,minmax,0.01434,0.5,237,0.4547,0.50488,218,0.15294,COMPLETED,49.975
167,20251009_140443,gaitset_OUMVLP.csv,gln_phase2.csv,TCN,42,256,3,"[512, 512, 512]","[3, 6, 9]",5,1,hardswish,True,False,"[None, 0.1, 0.1]","[False, True, False]",last,128,96,AdamW,,0.0002,1e-06,minmax,1.01674,0.47727,71,0.21538,0.21538,71,,STOPPED,14.967
168,20251009_140443,gln_phase1.csv,gln_phase2.csv,TCN,42,256,3,"[512, 512, 512]","[3, 6, 9]",5,1,hardswish,True,False,"[None, 0.1, 0.1]","[False, True, False]",last,128,96,AdamW,,0.0002,1e-06,minmax,1.01235,0.47727,71,0.21538,0.21538,71,,STOPPED,21.549
169,20251009_140443,gln_phase2.csv,gln_phase2.csv,TCN,42,256,3,"[512, 512, 512]","[3, 6, 9]",5,1,hardswish,True,False,"[None, 0.1, 0.1]","[False, True, False]",last,128,96,AdamW,,0.0002,1e-06,minmax,0.03637,0.40909,429,0.32514,0.42165,318,0.29795,COMPLETED,130.126
