id,timestamp,target_embedding,source_params,model,seed,input_dim,num_blocks,channels,dilations,kernel_size,convs_per_block,activation,causal,use_weight_norm,wn_on_skip,pooling,fc_hidden,attention_proj,batch_size,optimizer,momentum_sgd,lr,weight_decay,norm,dropout,ln_block_end,train_loss,accuracy,epochs_trained,f1_macro,best_f1,best_epoch,best_state_loss,training,time_sec,num_blocks

1,20251001_225425,baseline_CASIAB.csv,baseline_CASIAB.csv,TCN,42,256,4,"[192, 256, 384, 512]","[2, 3, 4, 5]",5,1,leakyrelu,False,True,True,attention,256.0,False,96,Adam,,0.0001,1e-06,L2,"[0.0, 0.0, 0.0, 0.0]","[True, False, False, False]",0.04231,0.47727,127,0.42441,0.54619,109,0.15663,STOPPED,12.505,4
2,20251001_225425,baseline_OUMVLP.csv,baseline_CASIAB.csv,TCN,42,256,4,"[192, 256, 384, 512]","[2, 3, 4, 5]",5,1,leakyrelu,False,True,True,attention,256.0,False,96,Adam,,0.0001,1e-06,L2,"[0.0, 0.0, 0.0, 0.0]","[True, False, False, False]",0.03242,0.47727,171,0.40593,0.54861,131,0.32135,STOPPED,16.084,4
3,20251001_225425,gaitgl.csv,baseline_CASIAB.csv,TCN,42,128,4,"[192, 256, 384, 512]","[2, 3, 4, 5]",5,1,leakyrelu,False,True,True,attention,256.0,False,96,Adam,,0.0001,1e-06,L2,"[0.0, 0.0, 0.0, 0.0]","[True, False, False, False]",0.0462,0.45455,119,0.32593,0.38007,97,0.32491,STOPPED,14.29,4
4,20251001_225425,gaitgl_GREW.csv,baseline_CASIAB.csv,TCN,42,256,4,"[192, 256, 384, 512]","[2, 3, 4, 5]",5,1,leakyrelu,False,True,True,attention,256.0,False,96,Adam,,0.0001,1e-06,L2,"[0.0, 0.0, 0.0, 0.0]","[True, False, False, False]",0.03098,0.54545,105,0.3963,0.47094,93,0.19241,STOPPED,13.634,4
5,20251001_225425,gaitgl_GREW_BNNeck.csv,baseline_CASIAB.csv,TCN,42,256,4,"[192, 256, 384, 512]","[2, 3, 4, 5]",5,1,leakyrelu,False,True,True,attention,256.0,False,96,Adam,,0.0001,1e-06,L2,"[0.0, 0.0, 0.0, 0.0]","[True, False, False, False]",0.05539,0.5,123,0.36142,0.48231,116,0.17367,STOPPED,15.963,4
6,20251001_225425,gaitgl_OUMVLP.csv,baseline_CASIAB.csv,TCN,42,256,4,"[192, 256, 384, 512]","[2, 3, 4, 5]",5,1,leakyrelu,False,True,True,attention,256.0,False,96,Adam,,0.0001,1e-06,L2,"[0.0, 0.0, 0.0, 0.0]","[True, False, False, False]",1.02821,0.47727,60,0.21538,0.21538,60,,STOPPED,7.721,4
7,20251001_225425,gaitpart.csv,baseline_CASIAB.csv,TCN,42,128,4,"[192, 256, 384, 512]","[2, 3, 4, 5]",5,1,leakyrelu,False,True,True,attention,256.0,False,96,Adam,,0.0001,1e-06,L2,"[0.0, 0.0, 0.0, 0.0]","[True, False, False, False]",0.06125,0.66667,118,0.45238,0.45238,95,0.34118,STOPPED,2.315,4
8,20251001_225425,gaitpart_GREW.csv,baseline_CASIAB.csv,TCN,42,256,4,"[192, 256, 384, 512]","[2, 3, 4, 5]",5,1,leakyrelu,False,True,True,attention,256.0,False,96,Adam,,0.0001,1e-06,L2,"[0.0, 0.0, 0.0, 0.0]","[True, False, False, False]",0.05004,0.52273,151,0.47756,0.58801,125,0.25246,STOPPED,11.817,4
9,20251001_225425,gaitpart_OUMVLP.csv,baseline_CASIAB.csv,TCN,42,256,4,"[192, 256, 384, 512]","[2, 3, 4, 5]",5,1,leakyrelu,False,True,True,attention,256.0,False,96,Adam,,0.0001,1e-06,L2,"[0.0, 0.0, 0.0, 0.0]","[True, False, False, False]",0.06421,0.45455,249,0.33401,0.48909,228,0.26844,STOPPED,19.442,4
10,20251001_225425,gaitset.csv,baseline_CASIAB.csv,TCN,42,256,4,"[192, 256, 384, 512]","[2, 3, 4, 5]",5,1,leakyrelu,False,True,True,attention,256.0,False,96,Adam,,0.0001,1e-06,L2,"[0.0, 0.0, 0.0, 0.0]","[True, False, False, False]",0.0648,0.34091,123,0.30113,0.3498,113,0.1579,STOPPED,15.653,4
11,20251001_225425,gaitset_GREW.csv,baseline_CASIAB.csv,TCN,42,256,4,"[192, 256, 384, 512]","[2, 3, 4, 5]",5,1,leakyrelu,False,True,True,attention,256.0,False,96,Adam,,0.0001,1e-06,L2,"[0.0, 0.0, 0.0, 0.0]","[True, False, False, False]",0.01936,0.47727,165,0.35106,0.36618,161,0.09438,STOPPED,21.058,4
12,20251001_225425,gaitset_OUMVLP.csv,baseline_CASIAB.csv,TCN,42,256,4,"[192, 256, 384, 512]","[2, 3, 4, 5]",5,1,leakyrelu,False,True,True,attention,256.0,False,96,Adam,,0.0001,1e-06,L2,"[0.0, 0.0, 0.0, 0.0]","[True, False, False, False]",0.07454,0.47727,389,0.44074,0.47952,373,0.28969,STOPPED,49.507,4
13,20251001_225425,gln_phase1.csv,baseline_CASIAB.csv,TCN,42,256,4,"[192, 256, 384, 512]","[2, 3, 4, 5]",5,1,leakyrelu,False,True,True,attention,256.0,False,96,Adam,,0.0001,1e-06,L2,"[0.0, 0.0, 0.0, 0.0]","[True, False, False, False]",0.05347,0.40909,201,0.37755,0.51089,137,0.32793,STOPPED,34.902,4
14,20251001_225425,gln_phase2.csv,baseline_CASIAB.csv,TCN,42,256,4,"[192, 256, 384, 512]","[2, 3, 4, 5]",5,1,leakyrelu,False,True,True,attention,256.0,False,96,Adam,,0.0001,1e-06,L2,"[0.0, 0.0, 0.0, 0.0]","[True, False, False, False]",0.03908,0.43182,148,0.39853,0.45665,134,0.33511,STOPPED,26.243,4

15,20251001_225900,baseline_CASIAB.csv,baseline_OUMVLP.csv,TCN,42,256,3,"[96, 96, 96]","[1, 2, 4]",3,2,silu,False,True,False,attention,256.0,False,64,AdamW,,0.0002,5e-07,L2,"[0.0, 0.0, 0.0]","[True, False, False]",0.04268,0.47727,81,0.44994,0.44994,81,0.04268,STOPPED,5.869,3
16,20251001_225900,baseline_OUMVLP.csv,baseline_OUMVLP.csv,TCN,42,256,3,"[96, 96, 96]","[1, 2, 4]",3,2,silu,False,True,False,attention,256.0,False,64,AdamW,,0.0002,5e-07,L2,"[0.0, 0.0, 0.0]","[True, False, False]",0.05155,0.45455,91,0.39437,0.47132,73,0.28876,STOPPED,6.323,3
17,20251001_225900,gaitgl.csv,baseline_OUMVLP.csv,TCN,42,128,3,"[96, 96, 96]","[1, 2, 4]",3,2,silu,False,True,False,attention,256.0,False,64,AdamW,,0.0002,5e-07,L2,"[0.0, 0.0, 0.0]","[True, False, False]",0.05969,0.45455,68,0.30491,0.41525,58,0.33835,STOPPED,4.863,3
18,20251001_225900,gaitgl_GREW.csv,baseline_OUMVLP.csv,TCN,42,256,3,"[96, 96, 96]","[1, 2, 4]",3,2,silu,False,True,False,attention,256.0,False,64,AdamW,,0.0002,5e-07,L2,"[0.0, 0.0, 0.0]","[True, False, False]",0.03734,0.29545,65,0.1903,0.36038,56,0.21433,STOPPED,4.52,3
19,20251001_225900,gaitgl_GREW_BNNeck.csv,baseline_OUMVLP.csv,TCN,42,256,3,"[96, 96, 96]","[1, 2, 4]",3,2,silu,False,True,False,attention,256.0,False,64,AdamW,,0.0002,5e-07,L2,"[0.0, 0.0, 0.0]","[True, False, False]",0.06624,0.47727,82,0.4721,0.61429,70,0.23268,STOPPED,5.896,3
20,20251001_225900,gaitgl_OUMVLP.csv,baseline_OUMVLP.csv,TCN,42,256,3,"[96, 96, 96]","[1, 2, 4]",3,2,silu,False,True,False,attention,256.0,False,64,AdamW,,0.0002,5e-07,L2,"[0.0, 0.0, 0.0]","[True, False, False]",0.03007,0.43182,109,0.38605,0.47445,99,0.18741,STOPPED,7.8,3
21,20251001_225900,gaitpart.csv,baseline_OUMVLP.csv,TCN,42,128,3,"[96, 96, 96]","[1, 2, 4]",3,2,silu,False,True,False,attention,256.0,False,64,AdamW,,0.0002,5e-07,L2,"[0.0, 0.0, 0.0]","[True, False, False]",0.0647,0.5,124,0.38889,0.45238,120,0.09778,STOPPED,1.779,3
22,20251001_225900,gaitpart_GREW.csv,baseline_OUMVLP.csv,TCN,42,256,3,"[96, 96, 96]","[1, 2, 4]",3,2,silu,False,True,False,attention,256.0,False,64,AdamW,,0.0002,5e-07,L2,"[0.0, 0.0, 0.0]","[True, False, False]",0.03998,0.45455,115,0.41285,0.52341,111,0.09262,STOPPED,6.807,3
23,20251001_225900,gaitpart_OUMVLP.csv,baseline_OUMVLP.csv,TCN,42,256,3,"[96, 96, 96]","[1, 2, 4]",3,2,silu,False,True,False,attention,256.0,False,64,AdamW,,0.0002,5e-07,L2,"[0.0, 0.0, 0.0]","[True, False, False]",0.04294,0.45455,213,0.32738,0.40208,177,0.25792,STOPPED,12.414,3
24,20251001_225900,gaitset.csv,baseline_OUMVLP.csv,TCN,42,256,3,"[96, 96, 96]","[1, 2, 4]",3,2,silu,False,True,False,attention,256.0,False,64,AdamW,,0.0002,5e-07,L2,"[0.0, 0.0, 0.0]","[True, False, False]",0.0296,0.38636,74,0.28554,0.37879,61,0.25212,STOPPED,5.351,3
25,20251001_225900,gaitset_GREW.csv,baseline_OUMVLP.csv,TCN,42,256,3,"[96, 96, 96]","[1, 2, 4]",3,2,silu,False,True,False,attention,256.0,False,64,AdamW,,0.0002,5e-07,L2,"[0.0, 0.0, 0.0]","[True, False, False]",0.02943,0.34091,93,0.3065,0.34216,87,0.14269,STOPPED,6.516,3
26,20251001_225900,gaitset_OUMVLP.csv,baseline_OUMVLP.csv,TCN,42,256,3,"[96, 96, 96]","[1, 2, 4]",3,2,silu,False,True,False,attention,256.0,False,64,AdamW,,0.0002,5e-07,L2,"[0.0, 0.0, 0.0]","[True, False, False]",0.06265,0.43182,249,0.36524,0.47029,223,0.21674,STOPPED,17.554,3
27,20251001_225900,gln_phase1.csv,baseline_OUMVLP.csv,TCN,42,256,3,"[96, 96, 96]","[1, 2, 4]",3,2,silu,False,True,False,attention,256.0,False,64,AdamW,,0.0002,5e-07,L2,"[0.0, 0.0, 0.0]","[True, False, False]",0.02796,0.43182,86,0.36243,0.47806,66,0.21143,STOPPED,7.198,3
28,20251001_225900,gln_phase2.csv,baseline_OUMVLP.csv,TCN,42,256,3,"[96, 96, 96]","[1, 2, 4]",3,2,silu,False,True,False,attention,256.0,False,64,AdamW,,0.0002,5e-07,L2,"[0.0, 0.0, 0.0]","[True, False, False]",0.02408,0.40909,79,0.38143,0.4766,67,0.13825,STOPPED,6.479,3

29,20251001_230054,baseline_CASIAB.csv,gaitgl.csv,TCN,42,256,1,[96],[2],3,2,relu,True,True,True,max,,False,32,Adam,,0.0002,0.0,minmax,[0.0],[True],0.03047,0.40909,193,0.33167,0.45455,156,0.14875,STOPPED,11.994,1
30,20251001_230054,baseline_OUMVLP.csv,gaitgl.csv,TCN,42,256,1,[96],[2],3,2,relu,True,True,True,max,,False,32,Adam,,0.0002,0.0,minmax,[0.0],[True],0.56633,0.47727,250,0.34921,0.43758,200,0.31452,STOPPED,15.846,1
31,20251001_230054,gaitgl.csv,gaitgl.csv,TCN,42,128,1,[96],[2],3,2,relu,True,True,True,max,,False,32,Adam,,0.0002,0.0,minmax,[0.0],[True],0.05933,0.5,76,0.41734,0.44056,71,0.12339,STOPPED,4.866,1
32,20251001_230054,gaitgl_GREW.csv,gaitgl.csv,TCN,42,256,1,[96],[2],3,2,relu,True,True,True,max,,False,32,Adam,,0.0002,0.0,minmax,[0.0],[True],0.07173,0.47727,142,0.33631,0.42963,98,0.30719,STOPPED,9.942,1
33,20251001_230054,gaitgl_GREW_BNNeck.csv,gaitgl.csv,TCN,42,256,1,[96],[2],3,2,relu,True,True,True,max,,False,32,Adam,,0.0002,0.0,minmax,[0.0],[True],0.54789,0.47727,205,0.29385,0.29385,205,,STOPPED,14.657,1
34,20251001_230054,gaitgl_OUMVLP.csv,gaitgl.csv,TCN,42,256,1,[96],[2],3,2,relu,True,True,True,max,,False,32,Adam,,0.0002,0.0,minmax,[0.0],[True],0.05712,0.45455,342,0.31944,0.46556,329,0.17702,STOPPED,24.297,1
35,20251001_230054,gaitpart.csv,gaitgl.csv,TCN,42,128,1,[96],[2],3,2,relu,True,True,True,max,,False,32,Adam,,0.0002,0.0,minmax,[0.0],[True],0.04247,0.66667,150,0.47222,0.84127,141,0.17448,STOPPED,1.861,1
36,20251001_230054,gaitpart_GREW.csv,gaitgl.csv,TCN,42,256,1,[96],[2],3,2,relu,True,True,True,max,,False,32,Adam,,0.0002,0.0,minmax,[0.0],[True],0.04168,0.40909,224,0.37944,0.56554,175,0.18017,STOPPED,14.279,1
37,20251001_230054,gaitpart_OUMVLP.csv,gaitgl.csv,TCN,42,256,1,[96],[2],3,2,relu,True,True,True,max,,False,32,Adam,,0.0002,0.0,minmax,[0.0],[True],0.29019,0.5,415,0.41653,0.46463,342,0.30647,STOPPED,24.989,1
38,20251001_230054,gaitset.csv,gaitgl.csv,TCN,42,256,1,[96],[2],3,2,relu,True,True,True,max,,False,32,Adam,,0.0002,0.0,minmax,[0.0],[True],0.04706,0.47727,176,0.39755,0.52876,105,0.25251,STOPPED,12.496,1
39,20251001_230054,gaitset_GREW.csv,gaitgl.csv,TCN,42,256,1,[96],[2],3,2,relu,True,True,True,max,,False,32,Adam,,0.0002,0.0,minmax,[0.0],[True],0.34967,0.34091,258,0.26237,0.40158,201,0.27919,STOPPED,18.308,1
40,20251001_230054,gaitset_OUMVLP.csv,gaitgl.csv,TCN,42,256,1,[96],[2],3,2,relu,True,True,True,max,,False,32,Adam,,0.0002,0.0,minmax,[0.0],[True],0.5038,0.5,431,0.36591,0.36591,431,,STOPPED,34.304,1
41,20251001_230054,gln_phase1.csv,gaitgl.csv,TCN,42,256,1,[96],[2],3,2,relu,True,True,True,max,,False,32,Adam,,0.0002,0.0,minmax,[0.0],[True],0.06973,0.59091,197,0.43175,0.50864,122,0.28667,STOPPED,17.48,1
42,20251001_230054,gln_phase2.csv,gaitgl.csv,TCN,42,256,1,[96],[2],3,2,relu,True,True,True,max,,False,32,Adam,,0.0002,0.0,minmax,[0.0],[True],0.13237,0.45455,317,0.38574,0.52514,279,0.11716,STOPPED,28.439,1

43,20251001_230501,baseline_CASIAB.csv,gaitgl_GREW.csv,TCN,42,256,5,"[64, 96, 128, 192, 256]","[1, 2, 4, 8, 16]",7,1,relu,False,False,False,last,512.0,False,16,AdamW,,0.0002,0.0,L2,"[0.2, 0.2, 0.2, 0.0, 0.2]","[True, True, True, False, True]",0.05667,0.56818,60,0.51194,0.55722,53,0.1128,STOPPED,14.329,5
44,20251001_230501,baseline_OUMVLP.csv,gaitgl_GREW.csv,TCN,42,256,5,"[64, 96, 128, 192, 256]","[1, 2, 4, 8, 16]",7,1,relu,False,False,False,last,512.0,False,16,AdamW,,0.0002,0.0,L2,"[0.2, 0.2, 0.2, 0.0, 0.2]","[True, True, True, False, True]",0.0105,0.59091,72,0.43434,0.47932,60,0.08357,STOPPED,17.265,5
45,20251001_230501,gaitgl.csv,gaitgl_GREW.csv,TCN,42,128,5,"[64, 96, 128, 192, 256]","[1, 2, 4, 8, 16]",7,1,relu,False,False,False,last,512.0,False,16,AdamW,,0.0002,0.0,L2,"[0.2, 0.2, 0.2, 0.0, 0.2]","[True, True, True, False, True]",0.08639,0.43182,27,0.27394,0.5529,22,0.16945,STOPPED,6.697,5
46,20251001_230501,gaitgl_GREW.csv,gaitgl_GREW.csv,TCN,42,256,5,"[64, 96, 128, 192, 256]","[1, 2, 4, 8, 16]",7,1,relu,False,False,False,last,512.0,False,16,AdamW,,0.0002,0.0,L2,"[0.2, 0.2, 0.2, 0.0, 0.2]","[True, True, True, False, True]",0.02532,0.40909,26,0.29339,0.34556,21,0.1306,STOPPED,6.438,5
47,20251001_230501,gaitgl_GREW_BNNeck.csv,gaitgl_GREW.csv,TCN,42,256,5,"[64, 96, 128, 192, 256]","[1, 2, 4, 8, 16]",7,1,relu,False,False,False,last,512.0,False,16,AdamW,,0.0002,0.0,L2,"[0.2, 0.2, 0.2, 0.0, 0.2]","[True, True, True, False, True]",0.09917,0.45455,31,0.3868,0.44327,25,0.29027,STOPPED,7.789,5
48,20251001_230501,gaitgl_OUMVLP.csv,gaitgl_GREW.csv,TCN,42,256,5,"[64, 96, 128, 192, 256]","[1, 2, 4, 8, 16]",7,1,relu,False,False,False,last,512.0,False,16,AdamW,,0.0002,0.0,L2,"[0.2, 0.2, 0.2, 0.0, 0.2]","[True, True, True, False, True]",0.07315,0.5,72,0.38633,0.5,60,0.19586,STOPPED,17.7,5
49,20251001_230501,gaitpart.csv,gaitgl_GREW.csv,TCN,42,128,5,"[64, 96, 128, 192, 256]","[1, 2, 4, 8, 16]",7,1,relu,False,False,False,last,512.0,False,16,AdamW,,0.0002,0.0,L2,"[0.2, 0.2, 0.2, 0.0, 0.2]","[True, True, True, False, True]",0.03861,0.66667,246,0.45238,0.50794,206,0.32856,STOPPED,10.167,5
50,20251001_230501,gaitpart_GREW.csv,gaitgl_GREW.csv,TCN,42,256,5,"[64, 96, 128, 192, 256]","[1, 2, 4, 8, 16]",7,1,relu,False,False,False,last,512.0,False,16,AdamW,,0.0002,0.0,L2,"[0.2, 0.2, 0.2, 0.0, 0.2]","[True, True, True, False, True]",0.02587,0.43182,78,0.39481,0.51001,75,0.0432,STOPPED,17.813,5
51,20251001_230501,gaitpart_OUMVLP.csv,gaitgl_GREW.csv,TCN,42,256,5,"[64, 96, 128, 192, 256]","[1, 2, 4, 8, 16]",7,1,relu,False,False,False,last,512.0,False,16,AdamW,,0.0002,0.0,L2,"[0.2, 0.2, 0.2, 0.0, 0.2]","[True, True, True, False, True]",0.04714,0.5,240,0.48994,0.63211,178,0.34059,STOPPED,55.163,5
52,20251001_230501,gaitset.csv,gaitgl_GREW.csv,TCN,42,256,5,"[64, 96, 128, 192, 256]","[1, 2, 4, 8, 16]",7,1,relu,False,False,False,last,512.0,False,16,AdamW,,0.0002,0.0,L2,"[0.2, 0.2, 0.2, 0.0, 0.2]","[True, True, True, False, True]",0.08307,0.36364,42,0.2585,0.42693,40,0.04479,STOPPED,10.311,5
53,20251001_230501,gaitset_GREW.csv,gaitgl_GREW.csv,TCN,42,256,5,"[64, 96, 128, 192, 256]","[1, 2, 4, 8, 16]",7,1,relu,False,False,False,last,512.0,False,16,AdamW,,0.0002,0.0,L2,"[0.2, 0.2, 0.2, 0.0, 0.2]","[True, True, True, False, True]",0.0522,0.47727,51,0.42554,0.45296,44,0.19591,STOPPED,12.606,5
54,20251001_230501,gaitset_OUMVLP.csv,gaitgl_GREW.csv,TCN,42,256,5,"[64, 96, 128, 192, 256]","[1, 2, 4, 8, 16]",7,1,relu,False,False,False,last,512.0,False,16,AdamW,,0.0002,0.0,L2,"[0.2, 0.2, 0.2, 0.0, 0.2]","[True, True, True, False, True]",0.08047,0.47727,189,0.40745,0.54464,164,0.20835,STOPPED,46.218,5
55,20251001_230501,gln_phase1.csv,gaitgl_GREW.csv,TCN,42,256,5,"[64, 96, 128, 192, 256]","[1, 2, 4, 8, 16]",7,1,relu,False,False,False,last,512.0,False,16,AdamW,,0.0002,0.0,L2,"[0.2, 0.2, 0.2, 0.0, 0.2]","[True, True, True, False, True]",0.03519,0.56818,50,0.51444,0.62719,26,0.31435,STOPPED,12.717,5
56,20251001_230501,gln_phase2.csv,gaitgl_GREW.csv,TCN,42,256,5,"[64, 96, 128, 192, 256]","[1, 2, 4, 8, 16]",7,1,relu,False,False,False,last,512.0,False,16,AdamW,,0.0002,0.0,L2,"[0.2, 0.2, 0.2, 0.0, 0.2]","[True, True, True, False, True]",0.06612,0.56818,49,0.47155,0.53019,43,0.15887,STOPPED,12.592,5

57,20251001_230924,baseline_CASIAB.csv,gaitgl_GREW_BNNeck.csv,TCN,42,256,1,[64],[2],9,2,mish,True,False,True,last,64.0,False,32,Adam,,0.001,1e-07,L2,[0.0],[True],0.04848,0.31818,48,0.24127,0.37568,43,0.12941,STOPPED,3.677,1
58,20251001_230924,baseline_OUMVLP.csv,gaitgl_GREW_BNNeck.csv,TCN,42,256,1,[64],[2],9,2,mish,True,False,True,last,64.0,False,32,Adam,,0.001,1e-07,L2,[0.0],[True],0.01573,0.43182,57,0.37135,0.48025,47,0.31207,STOPPED,4.089,1
59,20251001_230924,gaitgl.csv,gaitgl_GREW_BNNeck.csv,TCN,42,128,1,[64],[2],9,2,mish,True,False,True,last,64.0,False,32,Adam,,0.001,1e-07,L2,[0.0],[True],0.02971,0.52273,18,0.41282,0.52941,13,0.18471,STOPPED,1.383,1
60,20251001_230924,gaitgl_GREW.csv,gaitgl_GREW_BNNeck.csv,TCN,42,256,1,[64],[2],9,2,mish,True,False,True,last,64.0,False,32,Adam,,0.001,1e-07,L2,[0.0],[True],0.01364,0.56818,16,0.47155,0.54774,15,0.01464,STOPPED,1.533,1
61,20251001_230924,gaitgl_GREW_BNNeck.csv,gaitgl_GREW_BNNeck.csv,TCN,42,256,1,[64],[2],9,2,mish,True,False,True,last,64.0,False,32,Adam,,0.001,1e-07,L2,[0.0],[True],0.01013,0.47727,40,0.4359,0.44877,32,0.06243,STOPPED,3.321,1
62,20251001_230924,gaitgl_OUMVLP.csv,gaitgl_GREW_BNNeck.csv,TCN,42,256,1,[64],[2],9,2,mish,True,False,True,last,64.0,False,32,Adam,,0.001,1e-07,L2,[0.0],[True],0.09427,0.34091,60,0.2629,0.38889,54,0.16324,STOPPED,5.104,1
63,20251001_230924,gaitpart.csv,gaitgl_GREW_BNNeck.csv,TCN,42,128,1,[64],[2],9,2,mish,True,False,True,last,64.0,False,32,Adam,,0.001,1e-07,L2,[0.0],[True],0.03816,0.5,63,0.25,0.45238,56,0.1686,STOPPED,0.965,1
64,20251001_230924,gaitpart_GREW.csv,gaitgl_GREW_BNNeck.csv,TCN,42,256,1,[64],[2],9,2,mish,True,False,True,last,64.0,False,32,Adam,,0.001,1e-07,L2,[0.0],[True],0.07375,0.38636,63,0.39683,0.39683,63,0.07375,STOPPED,4.186,1
65,20251001_230924,gaitpart_OUMVLP.csv,gaitgl_GREW_BNNeck.csv,TCN,42,256,1,[64],[2],9,2,mish,True,False,True,last,64.0,False,32,Adam,,0.001,1e-07,L2,[0.0],[True],0.02276,0.52273,178,0.47465,0.53473,159,0.22068,STOPPED,12.0,1
66,20251001_230924,gaitset.csv,gaitgl_GREW_BNNeck.csv,TCN,42,256,1,[64],[2],9,2,mish,True,False,True,last,64.0,False,32,Adam,,0.001,1e-07,L2,[0.0],[True],0.01819,0.52273,35,0.43423,0.44176,29,0.17372,STOPPED,2.93,1
67,20251001_230924,gaitset_GREW.csv,gaitgl_GREW_BNNeck.csv,TCN,42,256,1,[64],[2],9,2,mish,True,False,True,last,64.0,False,32,Adam,,0.001,1e-07,L2,[0.0],[True],0.05482,0.52273,43,0.375,0.40444,36,0.32395,STOPPED,3.504,1
68,20251001_230924,gaitset_OUMVLP.csv,gaitgl_GREW_BNNeck.csv,TCN,42,256,1,[64],[2],9,2,mish,True,False,True,last,64.0,False,32,Adam,,0.001,1e-07,L2,[0.0],[True],0.02708,0.43182,159,0.36984,0.50712,115,0.30487,STOPPED,12.721,1
69,20251001_230924,gln_phase1.csv,gaitgl_GREW_BNNeck.csv,TCN,42,256,1,[64],[2],9,2,mish,True,False,True,last,64.0,False,32,Adam,,0.001,1e-07,L2,[0.0],[True],0.01279,0.43182,42,0.33255,0.4588,33,0.17419,STOPPED,3.917,1
70,20251001_230924,gln_phase2.csv,gaitgl_GREW_BNNeck.csv,TCN,42,256,1,[64],[2],9,2,mish,True,False,True,last,64.0,False,32,Adam,,0.001,1e-07,L2,[0.0],[True],0.01099,0.5,42,0.42251,0.50256,40,0.0319,STOPPED,3.9,1

71,20251001_231041,baseline_CASIAB.csv,gaitgl_OUMVLP.csv,TCN,42,256,1,[512],[3],5,1,gelu,True,False,True,last,,False,16,AdamW,,0.0002,5e-07,minmax,[0.0],[False],0.07433,0.38636,118,0.33808,0.39259,94,0.26871,STOPPED,12.219,1
72,20251001_231041,baseline_OUMVLP.csv,gaitgl_OUMVLP.csv,TCN,42,256,1,[512],[3],5,1,gelu,True,False,True,last,,False,16,AdamW,,0.0002,5e-07,minmax,[0.0],[False],0.07046,0.52273,131,0.38424,0.4418,104,0.25337,STOPPED,13.303,1
73,20251001_231041,gaitgl.csv,gaitgl_OUMVLP.csv,TCN,42,128,1,[512],[3],5,1,gelu,True,False,True,last,,False,16,AdamW,,0.0002,5e-07,minmax,[0.0],[False],0.08203,0.45455,81,0.34102,0.37184,60,0.27787,STOPPED,9.125,1
74,20251001_231041,gaitgl_GREW.csv,gaitgl_OUMVLP.csv,TCN,42,256,1,[512],[3],5,1,gelu,True,False,True,last,,False,16,AdamW,,0.0002,5e-07,minmax,[0.0],[False],0.05328,0.54545,44,0.40349,0.43889,28,0.32088,STOPPED,5.363,1
75,20251001_231041,gaitgl_GREW_BNNeck.csv,gaitgl_OUMVLP.csv,TCN,42,256,1,[512],[3],5,1,gelu,True,False,True,last,,False,16,AdamW,,0.0002,5e-07,minmax,[0.0],[False],0.089,0.47727,192,0.46313,0.56629,155,0.26685,STOPPED,23.456,1
76,20251001_231041,gaitgl_OUMVLP.csv,gaitgl_OUMVLP.csv,TCN,42,256,1,[512],[3],5,1,gelu,True,False,True,last,,False,16,AdamW,,0.0002,5e-07,minmax,[0.0],[False],0.09081,0.45455,163,0.38611,0.45946,122,0.27945,STOPPED,19.883,1
77,20251001_231041,gaitpart.csv,gaitgl_OUMVLP.csv,TCN,42,128,1,[512],[3],5,1,gelu,True,False,True,last,,False,16,AdamW,,0.0002,5e-07,minmax,[0.0],[False],0.07892,0.5,414,0.25,0.58333,330,0.20736,STOPPED,7.741,1
78,20251001_231041,gaitpart_GREW.csv,gaitgl_OUMVLP.csv,TCN,42,256,1,[512],[3],5,1,gelu,True,False,True,last,,False,16,AdamW,,0.0002,5e-07,minmax,[0.0],[False],0.05738,0.56818,126,0.50164,0.50164,126,0.05738,STOPPED,11.714,1
79,20251001_231041,gaitpart_OUMVLP.csv,gaitgl_OUMVLP.csv,TCN,42,256,1,[512],[3],5,1,gelu,True,False,True,last,,False,16,AdamW,,0.0002,5e-07,minmax,[0.0],[False],0.09699,0.45455,303,0.40827,0.4762,261,0.19208,STOPPED,28.447,1
80,20251001_231041,gaitset.csv,gaitgl_OUMVLP.csv,TCN,42,256,1,[512],[3],5,1,gelu,True,False,True,last,,False,16,AdamW,,0.0002,5e-07,minmax,[0.0],[False],0.05958,0.54545,100,0.51245,0.51421,96,0.09313,STOPPED,12.166,1
81,20251001_231041,gaitset_GREW.csv,gaitgl_OUMVLP.csv,TCN,42,256,1,[512],[3],5,1,gelu,True,False,True,last,,False,16,AdamW,,0.0002,5e-07,minmax,[0.0],[False],0.08125,0.43182,107,0.35228,0.39898,101,0.11616,STOPPED,13.126,1
82,20251001_231041,gaitset_OUMVLP.csv,gaitgl_OUMVLP.csv,TCN,42,256,1,[512],[3],5,1,gelu,True,False,True,last,,False,16,AdamW,,0.0002,5e-07,minmax,[0.0],[False],0.09036,0.5,320,0.42283,0.47179,319,0.09914,STOPPED,39.017,1
83,20251001_231041,gln_phase1.csv,gaitgl_OUMVLP.csv,TCN,42,256,1,[512],[3],5,1,gelu,True,False,True,last,,False,16,AdamW,,0.0002,5e-07,minmax,[0.0],[False],0.07464,0.52273,162,0.46283,0.62146,157,0.10686,STOPPED,23.493,1
84,20251001_231041,gln_phase2.csv,gaitgl_OUMVLP.csv,TCN,42,256,1,[512],[3],5,1,gelu,True,False,True,last,,False,16,AdamW,,0.0002,5e-07,minmax,[0.0],[False],0.08006,0.5,171,0.47985,0.47985,171,0.08006,STOPPED,29.869,1

85,20251001_231504,baseline_CASIAB.csv,gaitpart.csv,TCN,42,256,5,"[896, 896, 896, 896, 896]","[3, 6, 9, 12, 15]",7,3,silu,True,True,True,max,64.0,True,32,RMSprop,,0.0005,5e-07,minmax,"[0.25, 0.0, 0.0, 0.25, 0.25]","[False, True, False, False, False]",,0.47727,119,0.21538,0.21538,119,,STOPPED,445.235,5
86,20251001_231504,baseline_OUMVLP.csv,gaitpart.csv,TCN,42,256,5,"[896, 896, 896, 896, 896]","[3, 6, 9, 12, 15]",7,3,silu,True,True,True,max,64.0,True,32,RMSprop,,0.0005,5e-07,minmax,"[0.25, 0.0, 0.0, 0.25, 0.25]","[False, True, False, False, False]",1.00873,0.47727,89,0.21538,0.21538,89,,STOPPED,334.173,5
87,20251001_231504,gaitgl.csv,gaitpart.csv,TCN,42,128,5,"[896, 896, 896, 896, 896]","[3, 6, 9, 12, 15]",7,3,silu,True,True,True,max,64.0,True,32,RMSprop,,0.0005,5e-07,minmax,"[0.25, 0.0, 0.0, 0.25, 0.25]","[False, True, False, False, False]",,0.47727,138,0.21538,0.21538,138,,STOPPED,664.005,5
88,20251001_231504,gaitgl_GREW.csv,gaitpart.csv,TCN,42,256,5,"[896, 896, 896, 896, 896]","[3, 6, 9, 12, 15]",7,3,silu,True,True,True,max,64.0,True,32,RMSprop,,0.0005,5e-07,minmax,"[0.25, 0.0, 0.0, 0.25, 0.25]","[False, True, False, False, False]",,0.47727,124,0.21538,0.21538,124,,STOPPED,575.924,5
89,20251001_231504,gaitgl_GREW_BNNeck.csv,gaitpart.csv,TCN,42,256,5,"[896, 896, 896, 896, 896]","[3, 6, 9, 12, 15]",7,3,silu,True,True,True,max,64.0,True,32,RMSprop,,0.0005,5e-07,minmax,"[0.25, 0.0, 0.0, 0.25, 0.25]","[False, True, False, False, False]",1.02821,0.47727,77,0.21538,0.21538,77,,STOPPED,400.096,5
90,20251001_231504,gaitgl_OUMVLP.csv,gaitpart.csv,TCN,42,256,5,"[896, 896, 896, 896, 896]","[3, 6, 9, 12, 15]",7,3,silu,True,True,True,max,64.0,True,32,RMSprop,,0.0005,5e-07,minmax,"[0.25, 0.0, 0.0, 0.25, 0.25]","[False, True, False, False, False]",,0.47727,139,0.21538,0.21538,139,,STOPPED,855.777,5
91,20251001_231504,gaitpart.csv,gaitpart.csv,TCN,42,128,5,"[896, 896, 896, 896, 896]","[3, 6, 9, 12, 15]",7,3,silu,True,True,True,max,64.0,True,32,RMSprop,,0.0005,5e-07,minmax,"[0.25, 0.0, 0.0, 0.25, 0.25]","[False, True, False, False, False]",0.90109,0.66667,138,0.45238,0.45238,138,,STOPPED,89.029,5
92,20251001_231504,gaitpart_GREW.csv,gaitpart.csv,TCN,42,256,5,"[896, 896, 896, 896, 896]","[3, 6, 9, 12, 15]",7,3,silu,True,True,True,max,64.0,True,32,RMSprop,,0.0005,5e-07,minmax,"[0.25, 0.0, 0.0, 0.25, 0.25]","[False, True, False, False, False]",,0.47727,128,0.21538,0.21538,128,,STOPPED,326.307,5
93,20251001_231504,gaitpart_OUMVLP.csv,gaitpart.csv,TCN,42,256,5,"[896, 896, 896, 896, 896]","[3, 6, 9, 12, 15]",7,3,silu,True,True,True,max,64.0,True,32,RMSprop,,0.0005,5e-07,minmax,"[0.25, 0.0, 0.0, 0.25, 0.25]","[False, True, False, False, False]",1.01008,0.47727,88,0.21538,0.21538,88,,STOPPED,972.603,5
94,20251001_231504,gaitset.csv,gaitpart.csv,TCN,42,256,5,"[896, 896, 896, 896, 896]","[3, 6, 9, 12, 15]",7,3,silu,True,True,True,max,64.0,True,32,RMSprop,,0.0005,5e-07,minmax,"[0.25, 0.0, 0.0, 0.25, 0.25]","[False, True, False, False, False]",,0.47727,117,0.21538,0.21538,117,,STOPPED,865.592,5
95,20251001_231504,gaitset_GREW.csv,gaitpart.csv,TCN,42,256,5,"[896, 896, 896, 896, 896]","[3, 6, 9, 12, 15]",7,3,silu,True,True,True,max,64.0,True,32,RMSprop,,0.0005,5e-07,minmax,"[0.25, 0.0, 0.0, 0.25, 0.25]","[False, True, False, False, False]",1.01094,0.47727,100,0.21538,0.21538,100,,STOPPED,485.732,5
96,20251001_231504,gaitset_OUMVLP.csv,gaitpart.csv,TCN,42,256,5,"[896, 896, 896, 896, 896]","[3, 6, 9, 12, 15]",7,3,silu,True,True,True,max,64.0,True,32,RMSprop,,0.0005,5e-07,minmax,"[0.25, 0.0, 0.0, 0.25, 0.25]","[False, True, False, False, False]",1.0122,0.47727,66,0.21538,0.21538,66,,STOPPED,321.05,5
97,20251001_231504,gln_phase1.csv,gaitpart.csv,TCN,42,256,5,"[896, 896, 896, 896, 896]","[3, 6, 9, 12, 15]",7,3,silu,True,True,True,max,64.0,True,32,RMSprop,,0.0005,5e-07,minmax,"[0.25, 0.0, 0.0, 0.25, 0.25]","[False, True, False, False, False]",1.0069,0.47727,297,0.21538,0.21538,297,,STOPPED,5255.177,5
98,20251001_231504,gln_phase2.csv,gaitpart.csv,TCN,42,256,5,"[896, 896, 896, 896, 896]","[3, 6, 9, 12, 15]",7,3,silu,True,True,True,max,64.0,True,32,RMSprop,,0.0005,5e-07,minmax,"[0.25, 0.0, 0.0, 0.25, 0.25]","[False, True, False, False, False]",,0.47727,117,0.21538,0.21538,117,,STOPPED,2113.116,5

99,20251002_030352,baseline_CASIAB.csv,gaitpart_GREW.csv,TCN,42,256,1,[192],[2],9,3,gelu,True,True,True,last,64.0,False,16,Adam,,0.0005,0.0,L2,[0.3],[False],0.02776,0.43182,89,0.3549,0.44434,64,0.19926,STOPPED,15.074,1
100,20251002_030352,baseline_OUMVLP.csv,gaitpart_GREW.csv,TCN,42,256,1,[192],[2],9,3,gelu,True,True,True,last,64.0,False,16,Adam,,0.0005,0.0,L2,[0.3],[False],0.06333,0.45455,101,0.42915,0.54327,59,0.30561,STOPPED,17.179,1
101,20251002_030352,gaitgl.csv,gaitpart_GREW.csv,TCN,42,128,1,[192],[2],9,3,gelu,True,True,True,last,64.0,False,16,Adam,,0.0005,0.0,L2,[0.3],[False],0.09793,0.5,40,0.41503,0.46255,34,0.07383,STOPPED,7.909,1
102,20251002_030352,gaitgl_GREW.csv,gaitpart_GREW.csv,TCN,42,256,1,[192],[2],9,3,gelu,True,True,True,last,64.0,False,16,Adam,,0.0005,0.0,L2,[0.3],[False],0.00484,0.5,37,0.42469,0.4518,30,0.06305,STOPPED,7.764,1
103,20251002_030352,gaitgl_GREW_BNNeck.csv,gaitpart_GREW.csv,TCN,42,256,1,[192],[2],9,3,gelu,True,True,True,last,64.0,False,16,Adam,,0.0005,0.0,L2,[0.3],[False],0.02889,0.38636,83,0.32609,0.36435,70,0.04959,STOPPED,17.73,1
104,20251002_030352,gaitgl_OUMVLP.csv,gaitpart_GREW.csv,TCN,42,256,1,[192],[2],9,3,gelu,True,True,True,last,64.0,False,16,Adam,,0.0005,0.0,L2,[0.3],[False],0.00813,0.47727,76,0.45071,0.51129,55,0.21231,STOPPED,15.734,1
105,20251002_030352,gaitpart.csv,gaitpart_GREW.csv,TCN,42,128,1,[192],[2],9,3,gelu,True,True,True,last,64.0,False,16,Adam,,0.0005,0.0,L2,[0.3],[False],0.09422,0.66667,228,0.45238,0.45238,169,0.32391,STOPPED,7.016,1
106,20251002_030352,gaitpart_GREW.csv,gaitpart_GREW.csv,TCN,42,256,1,[192],[2],9,3,gelu,True,True,True,last,64.0,False,16,Adam,,0.0005,0.0,L2,[0.3],[False],0.09529,0.34091,101,0.31177,0.38788,73,0.3456,STOPPED,17.108,1
107,20251002_030352,gaitpart_OUMVLP.csv,gaitpart_GREW.csv,TCN,42,256,1,[192],[2],9,3,gelu,True,True,True,last,64.0,False,16,Adam,,0.0005,0.0,L2,[0.3],[False],0.06761,0.5,308,0.45475,0.51576,221,0.21235,STOPPED,51.551,1
108,20251002_030352,gaitset.csv,gaitpart_GREW.csv,TCN,42,256,1,[192],[2],9,3,gelu,True,True,True,last,64.0,False,16,Adam,,0.0005,0.0,L2,[0.3],[False],0.0464,0.40909,81,0.34762,0.45424,53,0.29582,STOPPED,17.268,1
109,20251002_030352,gaitset_GREW.csv,gaitpart_GREW.csv,TCN,42,256,1,[192],[2],9,3,gelu,True,True,True,last,64.0,False,16,Adam,,0.0005,0.0,L2,[0.3],[False],0.0151,0.36364,82,0.26713,0.38803,74,0.09185,STOPPED,16.832,1
110,20251002_030352,gaitset_OUMVLP.csv,gaitpart_GREW.csv,TCN,42,256,1,[192],[2],9,3,gelu,True,True,True,last,64.0,False,16,Adam,,0.0005,0.0,L2,[0.3],[False],0.06071,0.38636,186,0.33333,0.4375,155,0.12103,STOPPED,38.644,1
111,20251002_030352,gln_phase1.csv,gaitpart_GREW.csv,TCN,42,256,1,[192],[2],9,3,gelu,True,True,True,last,64.0,False,16,Adam,,0.0005,0.0,L2,[0.3],[False],0.03271,0.38636,91,0.30455,0.38179,52,0.30497,STOPPED,23.799,1
112,20251002_030352,gln_phase2.csv,gaitpart_GREW.csv,TCN,42,256,1,[192],[2],9,3,gelu,True,True,True,last,64.0,False,16,Adam,,0.0005,0.0,L2,[0.3],[False],0.01248,0.47727,91,0.43597,0.48025,53,0.32561,STOPPED,23.965,1

113,20251002_030845,baseline_CASIAB.csv,gaitpart_OUMVLP.csv,TCN,42,256,3,"[96, 128, 192]","[3, 4, 5]",3,1,mish,False,True,True,attention,128.0,False,16,AdamW,,0.0002,0.0,L2,"[0.2, 0.0, 0.2]","[True, False, True]",0.03543,0.43182,33,0.36111,0.43669,22,0.29306,STOPPED,7.169,3
114,20251002_030845,baseline_OUMVLP.csv,gaitpart_OUMVLP.csv,TCN,42,256,3,"[96, 128, 192]","[3, 4, 5]",3,1,mish,False,True,True,attention,128.0,False,16,AdamW,,0.0002,0.0,L2,"[0.2, 0.0, 0.2]","[True, False, True]",0.05773,0.56818,51,0.47475,0.58213,40,0.28684,STOPPED,11.093,3
115,20251002_030845,gaitgl.csv,gaitpart_OUMVLP.csv,TCN,42,128,3,"[96, 128, 192]","[3, 4, 5]",3,1,mish,False,True,True,attention,128.0,False,16,AdamW,,0.0002,0.0,L2,"[0.2, 0.0, 0.2]","[True, False, True]",0.03841,0.40909,26,0.34904,0.44327,20,0.14388,STOPPED,5.651,3
116,20251002_030845,gaitgl_GREW.csv,gaitpart_OUMVLP.csv,TCN,42,256,3,"[96, 128, 192]","[3, 4, 5]",3,1,mish,False,True,True,attention,128.0,False,16,AdamW,,0.0002,0.0,L2,"[0.2, 0.0, 0.2]","[True, False, True]",0.02451,0.5,25,0.37056,0.42287,20,0.19521,STOPPED,5.866,3
117,20251002_030845,gaitgl_GREW_BNNeck.csv,gaitpart_OUMVLP.csv,TCN,42,256,3,"[96, 128, 192]","[3, 4, 5]",3,1,mish,False,True,True,attention,128.0,False,16,AdamW,,0.0002,0.0,L2,"[0.2, 0.0, 0.2]","[True, False, True]",0.03655,0.47727,35,0.34848,0.40352,25,0.26663,STOPPED,7.77,3
118,20251002_030845,gaitgl_OUMVLP.csv,gaitpart_OUMVLP.csv,TCN,42,256,3,"[96, 128, 192]","[3, 4, 5]",3,1,mish,False,True,True,attention,128.0,False,16,AdamW,,0.0002,0.0,L2,"[0.2, 0.0, 0.2]","[True, False, True]",0.07572,0.52273,62,0.46667,0.49495,49,0.17667,STOPPED,13.991,3
119,20251002_030845,gaitpart.csv,gaitpart_OUMVLP.csv,TCN,42,128,3,"[96, 128, 192]","[3, 4, 5]",3,1,mish,False,True,True,attention,128.0,False,16,AdamW,,0.0002,0.0,L2,"[0.2, 0.0, 0.2]","[True, False, True]",0.0932,0.5,211,0.38889,0.53333,197,0.25748,STOPPED,8.341,3
120,20251002_030845,gaitpart_GREW.csv,gaitpart_OUMVLP.csv,TCN,42,256,3,"[96, 128, 192]","[3, 4, 5]",3,1,mish,False,True,True,attention,128.0,False,16,AdamW,,0.0002,0.0,L2,"[0.2, 0.0, 0.2]","[True, False, True]",0.02813,0.5,47,0.36649,0.4749,35,0.30082,STOPPED,9.919,3
121,20251002_030845,gaitpart_OUMVLP.csv,gaitpart_OUMVLP.csv,TCN,42,256,3,"[96, 128, 192]","[3, 4, 5]",3,1,mish,False,True,True,attention,128.0,False,16,AdamW,,0.0002,0.0,L2,"[0.2, 0.0, 0.2]","[True, False, True]",0.05801,0.52273,127,0.46212,0.61311,124,0.06705,STOPPED,26.71,3
122,20251002_030845,gaitset.csv,gaitpart_OUMVLP.csv,TCN,42,256,3,"[96, 128, 192]","[3, 4, 5]",3,1,mish,False,True,True,attention,128.0,False,16,AdamW,,0.0002,0.0,L2,"[0.2, 0.0, 0.2]","[True, False, True]",0.05815,0.47727,31,0.35119,0.38321,26,0.11379,STOPPED,6.916,3
123,20251002_030845,gaitset_GREW.csv,gaitpart_OUMVLP.csv,TCN,42,256,3,"[96, 128, 192]","[3, 4, 5]",3,1,mish,False,True,True,attention,128.0,False,16,AdamW,,0.0002,0.0,L2,"[0.2, 0.0, 0.2]","[True, False, True]",0.01895,0.43182,48,0.37868,0.44362,39,0.19486,STOPPED,11.077,3
124,20251002_030845,gaitset_OUMVLP.csv,gaitpart_OUMVLP.csv,TCN,42,256,3,"[96, 128, 192]","[3, 4, 5]",3,1,mish,False,True,True,attention,128.0,False,16,AdamW,,0.0002,0.0,L2,"[0.2, 0.0, 0.2]","[True, False, True]",0.0518,0.52273,136,0.43545,0.43545,136,0.0518,STOPPED,30.468,3
125,20251002_030845,gln_phase1.csv,gaitpart_OUMVLP.csv,TCN,42,256,3,"[96, 128, 192]","[3, 4, 5]",3,1,mish,False,True,True,attention,128.0,False,16,AdamW,,0.0002,0.0,L2,"[0.2, 0.0, 0.2]","[True, False, True]",0.07968,0.40909,38,0.32143,0.46205,26,0.23456,STOPPED,9.167,3
126,20251002_030845,gln_phase2.csv,gaitpart_OUMVLP.csv,TCN,42,256,3,"[96, 128, 192]","[3, 4, 5]",3,1,mish,False,True,True,attention,128.0,False,16,AdamW,,0.0002,0.0,L2,"[0.2, 0.0, 0.2]","[True, False, True]",0.01064,0.47727,38,0.35004,0.49956,27,0.10536,STOPPED,9.111,3

127,20251002_031143,baseline_CASIAB.csv,gaitset.csv,TCN,42,256,5,"[640, 512, 384, 256, 192]","[2, 4, 6, 8, 10]",7,2,elu,True,True,False,last,128.0,True,128,Adam,,0.0001,1e-05,L2,"[0.1, 0.1, 0.0, 0.0, 0.1]","[True, True, True, True, False]",0.0328,0.43182,134,0.37407,0.39994,116,0.12965,STOPPED,241.557,5
128,20251002_031143,baseline_OUMVLP.csv,gaitset.csv,TCN,42,256,5,"[640, 512, 384, 256, 192]","[2, 4, 6, 8, 10]",7,2,elu,True,True,False,last,128.0,True,128,Adam,,0.0001,1e-05,L2,"[0.1, 0.1, 0.0, 0.0, 0.1]","[True, True, True, True, False]",0.02725,0.45455,176,0.33881,0.46296,157,0.19991,STOPPED,316.134,5
129,20251002_031143,gaitgl.csv,gaitset.csv,TCN,42,128,5,"[640, 512, 384, 256, 192]","[2, 4, 6, 8, 10]",7,2,elu,True,True,False,last,128.0,True,128,Adam,,0.0001,1e-05,L2,"[0.1, 0.1, 0.0, 0.0, 0.1]","[True, True, True, True, False]",0.09269,0.45455,43,0.2963,0.45222,39,0.0998,STOPPED,109.663,5
130,20251002_031143,gaitgl_GREW.csv,gaitset.csv,TCN,42,256,5,"[640, 512, 384, 256, 192]","[2, 4, 6, 8, 10]",7,2,elu,True,True,False,last,128.0,True,128,Adam,,0.0001,1e-05,L2,"[0.1, 0.1, 0.0, 0.0, 0.1]","[True, True, True, True, False]",0.01,0.45455,44,0.31951,0.41032,36,0.1115,STOPPED,135.048,5
131,20251002_031143,gaitgl_GREW_BNNeck.csv,gaitset.csv,TCN,42,256,5,"[640, 512, 384, 256, 192]","[2, 4, 6, 8, 10]",7,2,elu,True,True,False,last,128.0,True,128,Adam,,0.0001,1e-05,L2,"[0.1, 0.1, 0.0, 0.0, 0.1]","[True, True, True, True, False]",0.03786,0.40909,172,0.34831,0.44017,169,0.04049,STOPPED,532.48,5
132,20251002_031143,gaitgl_OUMVLP.csv,gaitset.csv,TCN,42,256,5,"[640, 512, 384, 256, 192]","[2, 4, 6, 8, 10]",7,2,elu,True,True,False,last,128.0,True,128,Adam,,0.0001,1e-05,L2,"[0.1, 0.1, 0.0, 0.0, 0.1]","[True, True, True, True, False]",0.03998,0.47727,179,0.34603,0.45528,169,0.22625,STOPPED,559.702,5
133,20251002_031143,gaitpart.csv,gaitset.csv,TCN,42,128,5,"[640, 512, 384, 256, 192]","[2, 4, 6, 8, 10]",7,2,elu,True,True,False,last,128.0,True,128,Adam,,0.0001,1e-05,L2,"[0.1, 0.1, 0.0, 0.0, 0.1]","[True, True, True, True, False]",0.03721,0.33333,60,0.19048,0.25,43,0.3388,STOPPED,13.199,5
134,20251002_031143,gaitpart_GREW.csv,gaitset.csv,TCN,42,256,5,"[640, 512, 384, 256, 192]","[2, 4, 6, 8, 10]",7,2,elu,True,True,False,last,128.0,True,128,Adam,,0.0001,1e-05,L2,"[0.1, 0.1, 0.0, 0.0, 0.1]","[True, True, True, True, False]",1.01236,0.47727,142,0.21538,0.21538,142,,STOPPED,202.066,5
135,20251002_031143,gaitpart_OUMVLP.csv,gaitset.csv,TCN,42,256,5,"[640, 512, 384, 256, 192]","[2, 4, 6, 8, 10]",7,2,elu,True,True,False,last,128.0,True,128,Adam,,0.0001,1e-05,L2,"[0.1, 0.1, 0.0, 0.0, 0.1]","[True, True, True, True, False]",1.00607,0.47727,129,0.21538,0.21538,129,,STOPPED,188.469,5
136,20251002_031143,gaitset.csv,gaitset.csv,TCN,42,256,5,"[640, 512, 384, 256, 192]","[2, 4, 6, 8, 10]",7,2,elu,True,True,False,last,128.0,True,128,Adam,,0.0001,1e-05,L2,"[0.1, 0.1, 0.0, 0.0, 0.1]","[True, True, True, True, False]",0.04329,0.40909,110,0.35154,0.48314,100,0.23645,STOPPED,303.131,5
137,20251002_031143,gaitset_GREW.csv,gaitset.csv,TCN,42,256,5,"[640, 512, 384, 256, 192]","[2, 4, 6, 8, 10]",7,2,elu,True,True,False,last,128.0,True,128,Adam,,0.0001,1e-05,L2,"[0.1, 0.1, 0.0, 0.0, 0.1]","[True, True, True, True, False]",0.04638,0.38636,164,0.2602,0.35529,161,0.09592,STOPPED,452.024,5
138,20251002_031143,gaitset_OUMVLP.csv,gaitset.csv,TCN,42,256,5,"[640, 512, 384, 256, 192]","[2, 4, 6, 8, 10]",7,2,elu,True,True,False,last,128.0,True,128,Adam,,0.0001,1e-05,L2,"[0.1, 0.1, 0.0, 0.0, 0.1]","[True, True, True, True, False]",1.00756,0.47727,102,0.21538,0.21538,102,,STOPPED,277.287,5
139,20251002_031143,gln_phase1.csv,gaitset.csv,TCN,42,256,5,"[640, 512, 384, 256, 192]","[2, 4, 6, 8, 10]",7,2,elu,True,True,False,last,128.0,True,128,Adam,,0.0001,1e-05,L2,"[0.1, 0.1, 0.0, 0.0, 0.1]","[True, True, True, True, False]",0.01955,0.5,124,0.40684,0.49508,114,0.24244,STOPPED,1902.761,5
140,20251002_031143,gln_phase2.csv,gaitset.csv,TCN,42,256,5,"[640, 512, 384, 256, 192]","[2, 4, 6, 8, 10]",7,2,elu,True,True,False,last,128.0,True,128,Adam,,0.0001,1e-05,L2,"[0.1, 0.1, 0.0, 0.0, 0.1]","[True, True, True, True, False]",0.0337,0.47727,109,0.42047,0.43889,107,0.05968,STOPPED,1528.234,5

141,20251002_050441,baseline_CASIAB.csv,gaitset_GREW.csv,TCN,42,256,2,"[128, 128]","[2, 5]",5,2,tanh,True,False,False,attention,64.0,True,96,Adam,,0.001,2e-06,L2,"[0.2, 0.0]","[True, True]",0.07408,0.47727,212,0.35873,0.37392,203,0.09975,STOPPED,14.21,2
142,20251002_050441,baseline_OUMVLP.csv,gaitset_GREW.csv,TCN,42,256,2,"[128, 128]","[2, 5]",5,2,tanh,True,False,False,attention,64.0,True,96,Adam,,0.001,2e-06,L2,"[0.2, 0.0]","[True, True]",0.17631,0.54545,368,0.40278,0.52556,352,0.17316,STOPPED,24.561,2
143,20251002_050441,gaitgl.csv,gaitset_GREW.csv,TCN,42,128,2,"[128, 128]","[2, 5]",5,2,tanh,True,False,False,attention,64.0,True,96,Adam,,0.001,2e-06,L2,"[0.2, 0.0]","[True, True]",0.03618,0.47727,119,0.40538,0.51258,83,0.26289,STOPPED,9.948,2
144,20251002_050441,gaitgl_GREW.csv,gaitset_GREW.csv,TCN,42,256,2,"[128, 128]","[2, 5]",5,2,tanh,True,False,False,attention,64.0,True,96,Adam,,0.001,2e-06,L2,"[0.2, 0.0]","[True, True]",0.07432,0.45455,82,0.37834,0.40278,63,0.3342,STOPPED,7.479,2
145,20251002_050441,gaitgl_GREW_BNNeck.csv,gaitset_GREW.csv,TCN,42,256,2,"[128, 128]","[2, 5]",5,2,tanh,True,False,False,attention,64.0,True,96,Adam,,0.001,2e-06,L2,"[0.2, 0.0]","[True, True]",0.03734,0.52273,222,0.44003,0.52799,221,0.06718,STOPPED,21.35,2
146,20251002_050441,gaitgl_OUMVLP.csv,gaitset_GREW.csv,TCN,42,256,2,"[128, 128]","[2, 5]",5,2,tanh,True,False,False,attention,64.0,True,96,Adam,,0.001,2e-06,L2,"[0.2, 0.0]","[True, True]",0.06724,0.52273,275,0.47465,0.58709,259,0.21764,STOPPED,25.357,2
147,20251002_050441,gaitpart.csv,gaitset_GREW.csv,TCN,42,128,2,"[128, 128]","[2, 5]",5,2,tanh,True,False,False,attention,64.0,True,96,Adam,,0.001,2e-06,L2,"[0.2, 0.0]","[True, True]",0.01255,0.5,111,0.22222,0.6,78,0.10925,STOPPED,1.722,2
148,20251002_050441,gaitpart_GREW.csv,gaitset_GREW.csv,TCN,42,256,2,"[128, 128]","[2, 5]",5,2,tanh,True,False,False,attention,64.0,True,96,Adam,,0.001,2e-06,L2,"[0.2, 0.0]","[True, True]",0.03215,0.47727,361,0.42911,0.55,354,0.14884,STOPPED,20.638,2
149,20251002_050441,gaitpart_OUMVLP.csv,gaitset_GREW.csv,TCN,42,256,2,"[128, 128]","[2, 5]",5,2,tanh,True,False,False,attention,64.0,True,96,Adam,,0.001,2e-06,L2,"[0.2, 0.0]","[True, True]",1.01183,0.47727,87,0.21538,0.21538,87,,STOPPED,5.277,2
150,20251002_050441,gaitset.csv,gaitset_GREW.csv,TCN,42,256,2,"[128, 128]","[2, 5]",5,2,tanh,True,False,False,attention,64.0,True,96,Adam,,0.001,2e-06,L2,"[0.2, 0.0]","[True, True]",0.0633,0.43182,227,0.4046,0.48179,178,0.32494,STOPPED,20.418,2
151,20251002_050441,gaitset_GREW.csv,gaitset_GREW.csv,TCN,42,256,2,"[128, 128]","[2, 5]",5,2,tanh,True,False,False,attention,64.0,True,96,Adam,,0.001,2e-06,L2,"[0.2, 0.0]","[True, True]",0.03925,0.47727,324,0.38374,0.41667,309,0.1078,STOPPED,29.773,2
152,20251002_050441,gaitset_OUMVLP.csv,gaitset_GREW.csv,TCN,42,256,2,"[128, 128]","[2, 5]",5,2,tanh,True,False,False,attention,64.0,True,96,Adam,,0.001,2e-06,L2,"[0.2, 0.0]","[True, True]",1.00506,0.47727,130,0.21538,0.21538,130,,STOPPED,12.036,2
153,20251002_050441,gln_phase1.csv,gaitset_GREW.csv,TCN,42,256,2,"[128, 128]","[2, 5]",5,2,tanh,True,False,False,attention,64.0,True,96,Adam,,0.001,2e-06,L2,"[0.2, 0.0]","[True, True]",0.06678,0.5,185,0.42342,0.51468,162,0.13582,STOPPED,24.283,2
154,20251002_050441,gln_phase2.csv,gaitset_GREW.csv,TCN,42,256,2,"[128, 128]","[2, 5]",5,2,tanh,True,False,False,attention,64.0,True,96,Adam,,0.001,2e-06,L2,"[0.2, 0.0]","[True, True]",0.04334,0.59091,158,0.5584,0.5584,158,0.04334,STOPPED,20.392,2

155,20251002_050854,baseline_CASIAB.csv,gaitset_OUMVLP.csv,TCN,42,256,2,"[96, 128]","[1, 2]",9,2,silu,False,False,False,max,,False,32,AdamW,,0.0001,1e-07,L2,"[0.0, 0.0]","[True, False]",0.0752,0.52273,42,0.38194,0.40688,21,0.32655,STOPPED,4.475,2
156,20251002_050854,baseline_OUMVLP.csv,gaitset_OUMVLP.csv,TCN,42,256,2,"[96, 128]","[1, 2]",9,2,silu,False,False,False,max,,False,32,AdamW,,0.0001,1e-07,L2,"[0.0, 0.0]","[True, False]",0.07157,0.52273,57,0.50373,0.56085,45,0.17121,STOPPED,6.304,2
157,20251002_050854,gaitgl.csv,gaitset_OUMVLP.csv,TCN,42,128,2,"[96, 128]","[1, 2]",9,2,silu,False,False,False,max,,False,32,AdamW,,0.0001,1e-07,L2,"[0.0, 0.0]","[True, False]",0.0745,0.43182,30,0.30747,0.34126,15,0.26369,STOPPED,3.486,2
158,20251002_050854,gaitgl_GREW.csv,gaitset_OUMVLP.csv,TCN,42,256,2,"[96, 128]","[1, 2]",9,2,silu,False,False,False,max,,False,32,AdamW,,0.0001,1e-07,L2,"[0.0, 0.0]","[True, False]",0.06987,0.36364,28,0.22,0.30741,14,0.26033,STOPPED,3.541,2
159,20251002_050854,gaitgl_GREW_BNNeck.csv,gaitset_OUMVLP.csv,TCN,42,256,2,"[96, 128]","[1, 2]",9,2,silu,False,False,False,max,,False,32,AdamW,,0.0001,1e-07,L2,"[0.0, 0.0]","[True, False]",0.07484,0.43182,44,0.30667,0.42514,26,0.24698,STOPPED,5.763,2
160,20251002_050854,gaitgl_OUMVLP.csv,gaitset_OUMVLP.csv,TCN,42,256,2,"[96, 128]","[1, 2]",9,2,silu,False,False,False,max,,False,32,AdamW,,0.0001,1e-07,L2,"[0.0, 0.0]","[True, False]",0.07429,0.47727,62,0.34444,0.34444,41,0.29031,STOPPED,7.895,2
161,20251002_050854,gaitpart.csv,gaitset_OUMVLP.csv,TCN,42,128,2,"[96, 128]","[1, 2]",9,2,silu,False,False,False,max,,False,32,AdamW,,0.0001,1e-07,L2,"[0.0, 0.0]","[True, False]",0.08807,0.5,83,0.25,0.45238,49,0.28838,STOPPED,1.588,2
162,20251002_050854,gaitpart_GREW.csv,gaitset_OUMVLP.csv,TCN,42,256,2,"[96, 128]","[1, 2]",9,2,silu,False,False,False,max,,False,32,AdamW,,0.0001,1e-07,L2,"[0.0, 0.0]","[True, False]",0.06488,0.45455,61,0.32313,0.45818,51,0.13837,STOPPED,6.367,2
163,20251002_050854,gaitpart_OUMVLP.csv,gaitset_OUMVLP.csv,TCN,42,256,2,"[96, 128]","[1, 2]",9,2,silu,False,False,False,max,,False,32,AdamW,,0.0001,1e-07,L2,"[0.0, 0.0]","[True, False]",0.0677,0.59091,113,0.4894,0.52251,112,0.06601,STOPPED,12.074,2
164,20251002_050854,gaitset.csv,gaitset_OUMVLP.csv,TCN,42,256,2,"[96, 128]","[1, 2]",9,2,silu,False,False,False,max,,False,32,AdamW,,0.0001,1e-07,L2,"[0.0, 0.0]","[True, False]",0.07646,0.38636,40,0.27826,0.33856,35,0.10183,STOPPED,5.027,2
165,20251002_050854,gaitset_GREW.csv,gaitset_OUMVLP.csv,TCN,42,256,2,"[96, 128]","[1, 2]",9,2,silu,False,False,False,max,,False,32,AdamW,,0.0001,1e-07,L2,"[0.0, 0.0]","[True, False]",0.07345,0.47727,46,0.3498,0.42381,38,0.12962,STOPPED,5.753,2
166,20251002_050854,gaitset_OUMVLP.csv,gaitset_OUMVLP.csv,TCN,42,256,2,"[96, 128]","[1, 2]",9,2,silu,False,False,False,max,,False,32,AdamW,,0.0001,1e-07,L2,"[0.0, 0.0]","[True, False]",0.09493,0.52273,131,0.43965,0.55011,117,0.17332,STOPPED,16.217,2
167,20251002_050854,gln_phase1.csv,gaitset_OUMVLP.csv,TCN,42,256,2,"[96, 128]","[1, 2]",9,2,silu,False,False,False,max,,False,32,AdamW,,0.0001,1e-07,L2,"[0.0, 0.0]","[True, False]",0.07511,0.52273,41,0.37805,0.54907,38,0.0939,STOPPED,6.728,2
168,20251002_050854,gln_phase2.csv,gaitset_OUMVLP.csv,TCN,42,256,2,"[96, 128]","[1, 2]",9,2,silu,False,False,False,max,,False,32,AdamW,,0.0001,1e-07,L2,"[0.0, 0.0]","[True, False]",0.07672,0.54545,40,0.43485,0.4594,32,0.13272,STOPPED,6.437,2

169,20251002_051040,baseline_CASIAB.csv,gln_phase1.csv,TCN,42,256,1,[896],[3],7,1,mish,True,True,False,max,512.0,False,96,RMSprop,,0.0001,1e-05,L2,[0.0],[False],0.08137,0.52273,200,0.47475,0.49042,160,0.1873,STOPPED,135.833,1
170,20251002_051040,baseline_OUMVLP.csv,gln_phase1.csv,TCN,42,256,1,[896],[3],7,1,mish,True,True,False,max,512.0,False,96,RMSprop,,0.0001,1e-05,L2,[0.0],[False],0.07447,0.56818,308,0.47862,0.57645,231,0.27722,STOPPED,208.758,1
171,20251002_051040,gaitgl.csv,gln_phase1.csv,TCN,42,128,1,[896],[3],7,1,mish,True,True,False,max,512.0,False,96,RMSprop,,0.0001,1e-05,L2,[0.0],[False],0.07948,0.5,70,0.3622,0.42569,67,0.08996,STOPPED,41.353,1
172,20251002_051040,gaitgl_GREW.csv,gln_phase1.csv,TCN,42,256,1,[896],[3],7,1,mish,True,True,False,max,512.0,False,96,RMSprop,,0.0001,1e-05,L2,[0.0],[False],0.05698,0.5,71,0.36142,0.49734,50,0.29496,STOPPED,60.499,1
173,20251002_051040,gaitgl_GREW_BNNeck.csv,gln_phase1.csv,TCN,42,256,1,[896],[3],7,1,mish,True,True,False,max,512.0,False,96,RMSprop,,0.0001,1e-05,L2,[0.0],[False],0.0796,0.56818,187,0.45048,0.4594,181,0.11362,STOPPED,158.822,1
174,20251002_051040,gaitgl_OUMVLP.csv,gln_phase1.csv,TCN,42,256,1,[896],[3],7,1,mish,True,True,False,max,512.0,False,96,RMSprop,,0.0001,1e-05,L2,[0.0],[False],0.07124,0.54545,272,0.49042,0.52256,242,0.119,STOPPED,235.31,1
175,20251002_051040,gaitpart.csv,gln_phase1.csv,TCN,42,128,1,[896],[3],7,1,mish,True,True,False,max,512.0,False,96,RMSprop,,0.0001,1e-05,L2,[0.0],[False],0.07461,0.66667,195,0.45238,0.45238,161,0.16739,STOPPED,14.791,1
176,20251002_051040,gaitpart_GREW.csv,gln_phase1.csv,TCN,42,256,1,[896],[3],7,1,mish,True,True,False,max,512.0,False,96,RMSprop,,0.0001,1e-05,L2,[0.0],[False],0.08609,0.27273,365,0.27216,0.58455,339,0.12978,STOPPED,177.455,1
177,20251002_051040,gaitpart_OUMVLP.csv,gln_phase1.csv,TCN,42,256,1,[896],[3],7,1,mish,True,True,False,max,512.0,False,96,RMSprop,,0.0001,1e-05,L2,[0.0],[False],0.08943,0.52273,630,0.4285,0.49727,583,0.19229,STOPPED,305.518,1
178,20251002_051040,gaitset.csv,gln_phase1.csv,TCN,42,256,1,[896],[3],7,1,mish,True,True,False,max,512.0,False,96,RMSprop,,0.0001,1e-05,L2,[0.0],[False],0.0618,0.31818,171,0.22727,0.32581,153,0.09896,STOPPED,143.86,1
179,20251002_051040,gaitset_GREW.csv,gln_phase1.csv,TCN,42,256,1,[896],[3],7,1,mish,True,True,False,max,512.0,False,96,RMSprop,,0.0001,1e-05,L2,[0.0],[False],0.08489,0.47727,243,0.43607,0.46199,205,0.16374,STOPPED,205.497,1
180,20251002_051040,gaitset_OUMVLP.csv,gln_phase1.csv,TCN,42,256,1,[896],[3],7,1,mish,True,True,False,max,512.0,False,96,RMSprop,,0.0001,1e-05,L2,[0.0],[False],0.09356,0.59091,734,0.50856,0.50856,734,0.09356,STOPPED,619.452,1
181,20251002_051040,gln_phase1.csv,gln_phase1.csv,TCN,42,256,1,[896],[3],7,1,mish,True,True,False,max,512.0,False,96,RMSprop,,0.0001,1e-05,L2,[0.0],[False],0.08482,0.56818,178,0.39773,0.4529,132,0.25291,STOPPED,198.908,1
182,20251002_051040,gln_phase2.csv,gln_phase1.csv,TCN,42,256,1,[896],[3],7,1,mish,True,True,False,max,512.0,False,96,RMSprop,,0.0001,1e-05,L2,[0.0],[False],0.08111,0.52273,155,0.38674,0.49483,125,0.23536,STOPPED,124.648,1

183,20251002_055446,baseline_CASIAB.csv,gln_phase2.csv,TCN,42,256,3,"[128, 192, 256]","[1, 2, 4]",2,2,gelu,False,True,False,last,256.0,False,64,AdamW,,0.0005,5e-07,L2,"[0.3, 0.3, 0.3]","[True, True, False]",0.03402,0.36364,156,0.30702,0.43186,99,0.28468,STOPPED,14.977,3
184,20251002_055446,baseline_OUMVLP.csv,gln_phase2.csv,TCN,42,256,3,"[128, 192, 256]","[1, 2, 4]",2,2,gelu,False,True,False,last,256.0,False,64,AdamW,,0.0005,5e-07,L2,"[0.3, 0.3, 0.3]","[True, True, False]",0.02562,0.56818,114,0.48133,0.54603,108,0.14252,STOPPED,10.828,3
185,20251002_055446,gaitgl.csv,gln_phase2.csv,TCN,42,128,3,"[128, 192, 256]","[1, 2, 4]",2,2,gelu,False,True,False,last,256.0,False,64,AdamW,,0.0005,5e-07,L2,"[0.3, 0.3, 0.3]","[True, True, False]",0.0306,0.38636,37,0.26517,0.39459,26,0.30672,STOPPED,4.212,3
186,20251002_055446,gaitgl_GREW.csv,gln_phase2.csv,TCN,42,256,3,"[128, 192, 256]","[1, 2, 4]",2,2,gelu,False,True,False,last,256.0,False,64,AdamW,,0.0005,5e-07,L2,"[0.3, 0.3, 0.3]","[True, True, False]",0.02883,0.38636,28,0.22424,0.40517,22,0.2105,STOPPED,3.577,3
187,20251002_055446,gaitgl_GREW_BNNeck.csv,gln_phase2.csv,TCN,42,256,3,"[128, 192, 256]","[1, 2, 4]",2,2,gelu,False,True,False,last,256.0,False,64,AdamW,,0.0005,5e-07,L2,"[0.3, 0.3, 0.3]","[True, True, False]",0.00591,0.40909,49,0.36788,0.45296,43,0.10546,STOPPED,6.04,3
188,20251002_055446,gaitgl_OUMVLP.csv,gln_phase2.csv,TCN,42,256,3,"[128, 192, 256]","[1, 2, 4]",2,2,gelu,False,True,False,last,256.0,False,64,AdamW,,0.0005,5e-07,L2,"[0.3, 0.3, 0.3]","[True, True, False]",0.05927,0.52273,157,0.38655,0.43946,123,0.34164,STOPPED,19.481,3
189,20251002_055446,gaitpart.csv,gln_phase2.csv,TCN,42,128,3,"[128, 192, 256]","[1, 2, 4]",2,2,gelu,False,True,False,last,256.0,False,64,AdamW,,0.0005,5e-07,L2,"[0.3, 0.3, 0.3]","[True, True, False]",0.03048,0.33333,142,0.16667,0.19048,103,0.2511,STOPPED,2.708,3
190,20251002_055446,gaitpart_GREW.csv,gln_phase2.csv,TCN,42,256,3,"[128, 192, 256]","[1, 2, 4]",2,2,gelu,False,True,False,last,256.0,False,64,AdamW,,0.0005,5e-07,L2,"[0.3, 0.3, 0.3]","[True, True, False]",0.02682,0.47727,150,0.40664,0.46218,144,0.18645,STOPPED,13.016,3
191,20251002_055446,gaitpart_OUMVLP.csv,gln_phase2.csv,TCN,42,256,3,"[128, 192, 256]","[1, 2, 4]",2,2,gelu,False,True,False,last,256.0,False,64,AdamW,,0.0005,5e-07,L2,"[0.3, 0.3, 0.3]","[True, True, False]",0.36641,0.47727,686,0.40663,0.40663,686,,STOPPED,59.128,3
192,20251002_055446,gaitset.csv,gln_phase2.csv,TCN,42,256,3,"[128, 192, 256]","[1, 2, 4]",2,2,gelu,False,True,False,last,256.0,False,64,AdamW,,0.0005,5e-07,L2,"[0.3, 0.3, 0.3]","[True, True, False]",0.01581,0.45455,89,0.4177,0.51053,85,0.07765,STOPPED,10.729,3
193,20251002_055446,gaitset_GREW.csv,gln_phase2.csv,TCN,42,256,3,"[128, 192, 256]","[1, 2, 4]",2,2,gelu,False,True,False,last,256.0,False,64,AdamW,,0.0005,5e-07,L2,"[0.3, 0.3, 0.3]","[True, True, False]",0.04972,0.40909,196,0.30156,0.38343,176,0.3337,STOPPED,23.463,3
194,20251002_055446,gaitset_OUMVLP.csv,gln_phase2.csv,TCN,42,256,3,"[128, 192, 256]","[1, 2, 4]",2,2,gelu,False,True,False,last,256.0,False,64,AdamW,,0.0005,5e-07,L2,"[0.3, 0.3, 0.3]","[True, True, False]",0.0775,0.45455,575,0.3584,0.40389,537,0.2932,STOPPED,69.009,3
195,20251002_055446,gln_phase1.csv,gln_phase2.csv,TCN,42,256,3,"[128, 192, 256]","[1, 2, 4]",2,2,gelu,False,True,False,last,256.0,False,64,AdamW,,0.0005,5e-07,L2,"[0.3, 0.3, 0.3]","[True, True, False]",0.01611,0.52273,102,0.43647,0.54167,99,0.04296,STOPPED,15.865,3
196,20251002_055446,gln_phase2.csv,gln_phase2.csv,TCN,42,256,3,"[128, 192, 256]","[1, 2, 4]",2,2,gelu,False,True,False,last,256.0,False,64,AdamW,,0.0005,5e-07,L2,"[0.3, 0.3, 0.3]","[True, True, False]",0.04517,0.56818,97,0.50309,0.53212,71,0.19065,STOPPED,15.086,3
