number,value,state,datetime_start,datetime_complete,duration,activation,batch_size,bidirectional,dropout,fc_hidden,lr,momentum_sgd,norm,norm_post_lstm,num_layers,optimizer,pooling,weight_decay,layer_sizes,dropout_layers,norm_layers,native_mode
0,0.23945696256053334,COMPLETE,2025-11-22 07:11:39.718603,2025-11-22 07:14:59.492550,0 days 00:03:19.773947,,16,False,0.5,,0.001,0.5,minmax,True,2,SGD,attention,1e-05,"[128, 128]",[],[],True
1,0.3221227518586562,COMPLETE,2025-11-22 07:14:59.494660,2025-11-22 07:20:02.659206,0 days 00:05:03.164546,silu,32,False,0.1,1024.0,2e-05,,minmax,True,4,AdamW,last,0.0,"[64, 128, 192, 256]",[2],"[2, 3]",False
2,0.4000548835745935,COMPLETE,2025-11-22 07:20:02.661723,2025-11-22 07:22:08.434359,0 days 00:02:05.772636,tanh,48,False,0.0,1024.0,5e-05,,minmax,False,1,AdamW,last,2e-06,[896],[],[],True
3,0.3799769111763854,COMPLETE,2025-11-22 07:22:08.438402,2025-11-22 07:29:41.756554,0 days 00:07:33.318152,,48,True,0.2,,5e-05,,L2,True,3,RMSprop,mean,2e-06,"[640, 512, 448]","[1, 2, 3]","[1, 2, 3]",False
4,0.23650793650793653,PRUNED,2025-11-22 07:29:41.759571,2025-11-22 07:30:45.526342,0 days 00:01:03.766771,tanh,32,False,0.0,768.0,5e-05,,L2,True,1,AdamW,last,5e-07,[512],[],[],True
5,0.1806853582554517,PRUNED,2025-11-22 07:30:45.527352,2025-11-22 07:33:51.169619,0 days 00:03:05.642267,relu,16,True,0.0,256.0,0.01,0.7000000000000001,L2,True,3,SGD,attention,2e-07,"[448, 384, 256]","[2, 3]","[1, 2, 3]",False
6,0.1761006289308176,PRUNED,2025-11-22 07:33:51.171121,2025-11-22 07:34:09.711340,0 days 00:00:18.540219,,32,True,0.0,,0.002,0.1,minmax,True,2,SGD,attention,2e-06,"[384, 384]",[],[],True
7,0.17777777777777778,PRUNED,2025-11-22 07:34:09.712360,2025-11-22 07:38:21.062204,0 days 00:04:11.349844,gelu,16,True,0.4,768.0,1e-05,0.9,minmax,False,2,SGD,max,0.0,"[768, 896]","[1, 2, 3]","[1, 2, 3]",False
8,0.37776822401837207,COMPLETE,2025-11-22 07:38:21.063214,2025-11-22 07:40:35.518647,0 days 00:02:14.455433,gelu,64,False,0.2,256.0,0.001,,L2,False,4,Adam,attention,0.0,"[64, 128, 192, 256]",[1],"[1, 3]",False
9,0.1761006289308176,PRUNED,2025-11-22 07:40:35.522175,2025-11-22 07:40:43.006333,0 days 00:00:07.484158,leakyrelu,96,False,0.0,768.0,0.001,0.9,minmax,False,1,SGD,mean,1e-05,[128],[],[],True
10,0.17777777777777778,PRUNED,2025-11-22 07:40:43.007340,2025-11-22 07:42:17.353419,0 days 00:01:34.346079,tanh,48,False,0.0,1024.0,0.0002,,minmax,False,1,AdamW,last,1e-06,[1024],[],[],True
11,0.21758419036095988,COMPLETE,2025-11-22 07:42:17.355446,2025-11-22 07:48:24.214021,0 days 00:06:06.858575,elu,48,True,0.2,128.0,5e-05,,L2,False,3,RMSprop,mean,2e-06,"[1024, 896, 768]","[1, 2, 3]","[2, 3]",False
12,0.21839080459770113,PRUNED,2025-11-22 07:48:24.217045,2025-11-22 07:49:01.168565,0 days 00:00:36.951520,tanh,48,True,0.30000000000000004,512.0,5e-05,,L2,True,3,RMSprop,mean,1e-07,"[448, 384, 256]","[1, 3]",[3],False
13,0.21637426900584797,PRUNED,2025-11-22 07:49:01.169565,2025-11-22 07:51:41.217130,0 days 00:02:40.047565,,128,True,0.1,,0.0001,,L2,False,3,RMSprop,max,2e-06,"[640, 512, 448]","[1, 2, 3]","[1, 2, 3]",False
14,0.17777777777777778,PRUNED,2025-11-22 07:51:41.218148,2025-11-22 07:53:02.958096,0 days 00:01:21.739948,relu,48,False,0.2,1024.0,5e-05,,minmax,True,2,Adam,mean,2e-06,"[1024, 1024]",[],[],True
15,0.4333716917346317,COMPLETE,2025-11-22 07:53:02.960126,2025-11-22 08:01:40.468206,0 days 00:08:37.508080,elu,48,True,0.1,128.0,5e-05,,L2,False,4,RMSprop,last,2e-06,"[896, 768, 640, 512]","[1, 2, 3]","[1, 2]",False
16,0.21758419036095988,COMPLETE,2025-11-22 08:01:40.471735,2025-11-22 08:04:55.022519,0 days 00:03:14.550784,elu,128,True,0.0,128.0,2e-05,,L2,False,4,AdamW,last,2e-07,"[640, 640, 640, 640]",[],[],True
17,0.1761006289308176,PRUNED,2025-11-22 08:04:55.025655,2025-11-22 08:05:06.425135,0 days 00:00:11.399480,elu,96,False,0.0,128.0,0.01,,minmax,False,1,AdamW,last,1e-06,[896],[],[],True
18,0.17777777777777778,PRUNED,2025-11-22 08:05:06.426135,2025-11-22 08:06:31.611880,0 days 00:01:25.185745,silu,64,False,0.1,512.0,0.002,,L2,False,4,RMSprop,last,5e-07,"[768, 768, 768, 768]",[],[],True
19,0.21637426900584797,PRUNED,2025-11-22 08:06:31.612886,2025-11-22 08:08:55.069338,0 days 00:02:23.456452,leakyrelu,48,True,0.0,128.0,0.0001,,minmax,False,2,Adam,last,1e-07,"[256, 192]","[1, 2, 3]","[1, 2, 3]",False
20,0.4375265192482239,COMPLETE,2025-11-22 08:08:55.071864,2025-11-22 08:12:40.534548,0 days 00:03:45.462684,tanh,48,False,0.30000000000000004,1024.0,0.0002,,L2,False,4,AdamW,last,2e-06,"[256, 256, 256, 256]",[],[],True
21,0.3367221115486302,COMPLETE,2025-11-22 08:12:40.537582,2025-11-22 08:15:24.646957,0 days 00:02:44.109375,tanh,48,False,0.30000000000000004,1024.0,0.0002,,L2,False,4,AdamW,last,2e-06,"[192, 192, 192, 192]",[],[],True
22,0.45161668698014895,COMPLETE,2025-11-22 08:15:24.650206,2025-11-22 08:19:31.381440,0 days 00:04:06.731234,tanh,48,False,0.4,1024.0,0.0002,,L2,False,4,AdamW,last,2e-06,"[384, 384, 384, 384]",[],[],True
23,0.36587012912414746,COMPLETE,2025-11-22 08:19:31.385443,2025-11-22 08:22:56.974490,0 days 00:03:25.589047,elu,48,False,0.4,1024.0,0.0002,,L2,False,4,AdamW,last,2e-06,"[384, 384, 384, 384]",[],[],True
24,0.21758419036095988,COMPLETE,2025-11-22 08:22:56.978555,2025-11-22 08:24:53.763803,0 days 00:01:56.785248,tanh,48,False,0.4,1024.0,0.0002,,L2,False,4,RMSprop,max,2e-06,"[256, 256, 256, 256]",[],[],True
25,0.21637426900584797,PRUNED,2025-11-22 08:24:53.767813,2025-11-22 08:28:35.764711,0 days 00:03:41.996898,tanh,48,False,0.4,128.0,0.0002,,L2,False,4,AdamW,last,2e-06,"[1024, 896, 768, 640]","[1, 3]",[1],False
26,0.21839080459770113,PRUNED,2025-11-22 08:28:35.766711,2025-11-22 08:29:17.589059,0 days 00:00:41.822348,elu,64,True,0.30000000000000004,1024.0,1e-05,,L2,False,3,AdamW,last,2e-06,"[64, 64, 64]",[],[],True
27,0.1761006289308176,PRUNED,2025-11-22 08:29:17.590059,2025-11-22 08:29:34.736150,0 days 00:00:17.146091,tanh,96,False,0.5,512.0,0.0002,,L2,False,4,RMSprop,last,2e-07,"[448, 448, 448, 448]",[],[],True
28,0.4441724666720435,COMPLETE,2025-11-22 08:29:34.737161,2025-11-22 08:33:18.804813,0 days 00:03:44.067652,gelu,128,True,0.4,256.0,0.0002,,L2,False,4,Adam,last,5e-07,"[256, 384, 448, 512]","[1, 2, 3]","[1, 2]",False
29,0.41309904547345544,COMPLETE,2025-11-22 08:33:18.807822,2025-11-22 08:34:46.752460,0 days 00:01:27.944638,gelu,128,False,0.5,256.0,0.0002,,L2,False,3,Adam,max,5e-07,"[256, 384, 448]","[1, 3]","[1, 3]",False
30,0.26333333333333336,PRUNED,2025-11-22 08:34:46.756462,2025-11-22 08:35:04.331306,0 days 00:00:17.574844,gelu,128,False,0.4,256.0,0.0002,,L2,False,4,Adam,attention,1e-05,"[192, 256, 384, 448]","[1, 3]",[1],False
31,0.41077026562293967,COMPLETE,2025-11-22 08:35:04.332311,2025-11-22 08:39:39.224002,0 days 00:04:34.891691,gelu,128,True,0.30000000000000004,256.0,0.0002,,L2,False,4,Adam,last,5e-07,"[448, 512, 640, 768]","[1, 2, 3]","[1, 2]",False
32,0.4041057877579484,COMPLETE,2025-11-22 08:39:39.227002,2025-11-22 08:54:29.605796,0 days 00:14:50.378794,silu,16,True,0.4,1024.0,2e-05,,L2,False,4,Adam,last,5e-07,"[384, 448, 512, 640]","[1, 2, 3]","[1, 2]",False
33,0.21839080459770113,PRUNED,2025-11-22 08:54:29.609072,2025-11-22 08:55:15.947391,0 days 00:00:46.338319,relu,128,True,0.30000000000000004,256.0,0.0002,,L2,False,4,AdamW,last,1e-06,"[192, 256, 384, 448]","[1, 2, 3]","[1, 2]",False
34,0.3735808043497009,COMPLETE,2025-11-22 08:55:15.948399,2025-11-22 08:59:11.896585,0 days 00:03:55.948186,leakyrelu,48,True,0.5,1024.0,0.0002,,L2,False,4,AdamW,last,1e-07,"[192, 192, 192, 192]",[],[],True
35,0.1806853582554517,PRUNED,2025-11-22 08:59:11.899657,2025-11-22 09:01:17.959531,0 days 00:02:06.059874,silu,32,True,0.4,128.0,0.002,,L2,False,3,RMSprop,last,2e-06,"[768, 640, 512]","[1, 2, 3]","[1, 2, 3]",False
36,0.21758419036095988,COMPLETE,2025-11-22 09:01:17.961035,2025-11-22 09:03:21.229089,0 days 00:02:03.268054,tanh,48,False,0.30000000000000004,1024.0,0.01,,L2,True,4,AdamW,last,5e-07,"[448, 448, 448, 448]",[],[],True
37,0.4154920258538093,COMPLETE,2025-11-22 09:03:21.232739,2025-11-22 09:09:15.093660,0 days 00:05:53.860921,,48,True,0.2,,5e-05,,L2,False,4,Adam,last,1e-05,"[384, 448, 512, 640]","[2, 3]",[2],False
38,0.0898876404494382,PRUNED,2025-11-22 09:09:15.096714,2025-11-22 09:11:46.429187,0 days 00:02:31.332473,gelu,32,True,0.4,768.0,1e-05,0.0,L2,True,3,SGD,last,0.0,"[512, 448, 384]","[1, 3]","[1, 3]",False
39,0.21758419036095988,COMPLETE,2025-11-22 09:11:46.430692,2025-11-22 09:16:27.582659,0 days 00:04:41.151967,tanh,16,False,0.30000000000000004,256.0,0.001,,L2,False,4,AdamW,attention,2e-06,"[256, 256, 256, 256]",[],[],True
40,0.39617407315291053,COMPLETE,2025-11-22 09:16:27.585703,2025-11-22 09:18:51.141222,0 days 00:02:23.555519,elu,128,True,0.5,128.0,0.0001,,L2,False,3,RMSprop,last,2e-06,"[256, 384, 448]","[1, 2, 3]","[1, 2, 3]",False
41,0.4050807750302835,COMPLETE,2025-11-22 09:18:51.144297,2025-11-22 09:24:45.935822,0 days 00:05:54.791525,,48,True,0.2,,5e-05,,L2,False,4,Adam,last,1e-05,"[384, 448, 512, 640]","[2, 3]",[2],False
42,0.4099664391008653,COMPLETE,2025-11-22 09:24:45.938822,2025-11-22 09:30:41.061137,0 days 00:05:55.122315,,48,True,0.2,,5e-05,,L2,False,4,Adam,last,1e-05,"[192, 256, 384, 448]","[2, 3]",[2],False
43,0.3057644110275689,PRUNED,2025-11-22 09:30:41.064191,2025-11-22 09:32:24.458693,0 days 00:01:43.394502,,48,True,0.1,,5e-05,,L2,False,4,Adam,last,1e-05,"[128, 192, 256, 384]","[2, 3]",[2],False
44,0.4235434478662885,COMPLETE,2025-11-22 09:32:24.460198,2025-11-22 09:38:35.402066,0 days 00:06:10.941868,,48,True,0.2,,5e-05,,L2,False,4,Adam,last,1e-05,"[384, 448, 512, 640]","[2, 3]",[2],False
45,0.1761006289308176,PRUNED,2025-11-22 09:38:35.405067,2025-11-22 09:39:22.351788,0 days 00:00:46.946721,tanh,48,True,0.2,768.0,5e-05,0.30000000000000004,L2,False,4,SGD,attention,0.0,"[128, 192, 256, 384]","[2, 3]",[2],False
46,0.21839080459770113,PRUNED,2025-11-22 09:39:22.352789,2025-11-22 09:39:48.867834,0 days 00:00:26.515045,,64,False,0.30000000000000004,,0.0002,,minmax,True,4,Adam,mean,2e-07,"[512, 448, 384, 256]","[2, 3]","[2, 3]",False
47,0.08888888888888889,PRUNED,2025-11-22 09:39:48.868857,2025-11-22 09:40:18.087253,0 days 00:00:29.218396,gelu,96,True,0.1,1024.0,2e-05,,L2,False,3,AdamW,max,5e-07,"[512, 512, 512]",[],[],True
48,0.1761006289308176,PRUNED,2025-11-22 09:40:18.088263,2025-11-22 09:41:20.886573,0 days 00:01:02.798310,relu,48,True,0.4,256.0,0.001,,L2,False,4,RMSprop,last,2e-06,"[64, 128, 192, 256]",[1],[],False
49,0.08239700374531835,PRUNED,2025-11-22 09:41:20.887577,2025-11-22 09:43:06.312085,0 days 00:01:45.424508,leakyrelu,32,False,0.0,512.0,5e-05,0.4,L2,True,4,SGD,last,1e-06,"[896, 768, 640, 512]","[2, 3]","[1, 2]",False
