number,value,datetime_start,datetime_complete,duration,params_activation,params_architecture_pattern,params_batch_size,params_bidirectional,params_dropout,params_dropout_layer_1,params_dropout_layer_2,params_dropout_layer_3,params_dropout_layer_4,params_fc_hidden,params_first_size_idx,params_lr,params_momentum_sgd,params_norm,params_norm_layer_1,params_norm_layer_2,params_norm_layer_3,params_norm_layer_4,params_norm_post_lstm,params_num_layers,params_optimizer,params_pooling,params_size_idx,params_weight_decay,system_attrs_completed_rung_0,system_attrs_completed_rung_1,system_attrs_completed_rung_2,system_attrs_completed_rung_3,state
0,0.3663328864309256,2025-09-12 09:32:02.281629,2025-09-12 09:32:10.944853,0 days 00:00:08.663224,,uniform,16,False,0.5,False,,,,,,0.001,,L2,True,,,,True,2,RMSprop,max,1.0,1e-05,0.2484848484848484,0.24,0.24,0.1818181818181818,COMPLETE
1,0.1030668677727501,2025-09-12 09:32:10.946853,2025-09-12 09:32:24.842165,0 days 00:00:13.895312,silu,decreasing,96,False,0.1,False,True,False,True,64.0,7.0,0.0001,0.3,minmax,False,False,True,False,False,5,SGD,last,,2e-07,0.0392156862745098,0.0392156862745098,,,COMPLETE
2,0.2369230769230769,2025-09-12 09:32:24.844166,2025-09-12 09:32:37.708881,0 days 00:00:12.864715,relu,decreasing,16,True,0.4,False,False,,,512.0,2.0,1e-05,,minmax,False,False,,,True,3,Adam,mean,,5e-07,0.1818181818181818,0.24,,,COMPLETE
3,0.2307692307692307,2025-09-12 09:32:37.710881,2025-09-12 09:32:39.440701,0 days 00:00:01.729820,tanh,increasing,96,True,0.4,,,,,128.0,8.0,0.0002,,minmax,,,,,True,1,Adam,mean,,1e-06,0.2307692307692307,,,,PRUNED
4,0.2369230769230769,2025-09-12 09:32:39.441701,2025-09-12 09:32:52.257091,0 days 00:00:12.815390,leakyrelu,uniform,128,False,0.3,True,False,,,768.0,,0.001,0.0,L2,False,False,,,True,3,SGD,last,7.0,2e-07,0.1818181818181818,0.1818181818181818,0.1818181818181818,,COMPLETE
5,0.1587301587301587,2025-09-12 09:32:52.259092,2025-09-12 09:32:59.027096,0 days 00:00:06.768004,gelu,increasing,128,True,0.0,False,False,True,False,128.0,4.0,2e-05,,minmax,True,False,False,True,True,5,AdamW,last,,1e-06,0.1587301587301587,,,,PRUNED
6,0.2307692307692307,2025-09-12 09:32:59.029097,2025-09-12 09:33:17.453113,0 days 00:00:18.424016,silu,uniform,16,True,0.5,True,,,,768.0,,0.0001,,L2,True,,,,True,2,AdamW,mean,9.0,2e-07,0.2307692307692307,0.2307692307692307,,,PRUNED
7,0.3221496005809731,2025-09-12 09:33:17.454113,2025-09-12 09:33:28.957147,0 days 00:00:11.503034,,increasing,64,False,0.2,True,,,,,7.0,0.001,,L2,True,,,,False,2,AdamW,max,,2e-07,0.2457516339869281,0.24,0.24,0.24,COMPLETE
8,0.0392156862745098,2025-09-12 09:33:28.959147,2025-09-12 09:33:30.205429,0 days 00:00:01.246282,relu,increasing,64,False,0.5,False,,,,64.0,0.0,5e-05,0.9,minmax,False,,,,False,2,SGD,max,,2e-06,0.0392156862745098,,,,PRUNED
9,0.2369230769230769,2025-09-12 09:33:30.206429,2025-09-12 09:33:50.701045,0 days 00:00:20.494616,silu,uniform,16,True,0.4,False,False,True,False,1024.0,,0.002,0.9,L2,True,True,False,False,True,5,SGD,mean,2.0,5e-07,0.24,0.24,,,COMPLETE
10,0.302782446311858,2025-09-12 09:33:50.703046,2025-09-12 09:33:54.113218,0 days 00:00:03.410172,,uniform,32,False,0.2,,,,,,,0.01,,L2,,,,,False,1,RMSprop,max,0.0,1e-05,0.2267206477732793,0.24,0.24,,COMPLETE
11,0.3481704932685325,2025-09-12 09:33:54.115218,2025-09-12 09:34:03.687740,0 days 00:00:09.572522,,increasing,64,False,0.2,True,,,,,6.0,0.001,,L2,True,,,,False,2,RMSprop,max,,0.0,0.24,0.24,0.24,,COMPLETE
12,0.3048832866479924,2025-09-12 09:34:03.689741,2025-09-12 09:34:10.967343,0 days 00:00:07.277602,elu,increasing,64,False,0.1,True,,,,256.0,5.0,0.001,,L2,True,,,,False,2,RMSprop,max,,0.0,0.2307692307692307,0.24,0.24,,COMPLETE
13,0.1818181818181818,2025-09-12 09:34:10.969344,2025-09-12 09:34:14.116576,0 days 00:00:03.147232,,uniform,32,False,0.3,True,True,False,,,,0.001,,L2,True,True,True,,False,4,RMSprop,max,4.0,1e-05,0.2307692307692307,0.1818181818181818,,,PRUNED
14,0.2369230769230769,2025-09-12 09:34:14.117576,2025-09-12 09:34:21.233668,0 days 00:00:07.116092,,decreasing,64,False,0.1,,,,,,9.0,0.001,,L2,,,,,True,1,RMSprop,max,,0.0,0.24,0.24,0.24,,COMPLETE
15,0.2369230769230769,2025-09-12 09:34:21.235668,2025-09-12 09:34:37.968692,0 days 00:00:16.733024,,increasing,16,False,0.3,True,True,,,,5.0,0.002,,L2,True,True,,,False,3,RMSprop,max,,1e-07,0.24,0.24,,,COMPLETE
16,0.1818181818181818,2025-09-12 09:34:37.969692,2025-09-12 09:34:40.071686,0 days 00:00:02.101994,leakyrelu,uniform,64,False,0.2,False,True,True,,1024.0,,2e-05,,L2,True,True,True,,True,4,RMSprop,max,0.0,1e-05,0.2307692307692307,0.1818181818181818,,,PRUNED
17,0.3186554621848739,2025-09-12 09:34:40.072686,2025-09-12 09:34:50.383063,0 days 00:00:10.310377,gelu,uniform,16,False,0.0,False,,,,256.0,,0.0002,,L2,True,,,,False,2,RMSprop,max,4.0,0.0,0.24,0.3216374269005848,,,COMPLETE
18,0.2369230769230769,2025-09-12 09:34:50.385063,2025-09-12 09:34:58.844685,0 days 00:00:08.459622,tanh,increasing,96,False,0.5,True,False,False,,512.0,2.0,1e-05,,L2,True,False,False,,False,4,RMSprop,max,,1e-07,0.24,0.24,0.24,,COMPLETE
19,0.2369230769230769,2025-09-12 09:34:58.846685,2025-09-12 09:35:02.104939,0 days 00:00:03.258254,,decreasing,32,False,0.4,,,,,,3.0,0.01,,L2,,,,,True,1,Adam,last,,2e-06,0.24,0.24,0.24,,COMPLETE
20,0.30328683662017,2025-09-12 09:35:02.105939,2025-09-12 09:35:15.758539,0 days 00:00:13.652600,,increasing,128,False,0.3,True,True,,,,5.0,5e-05,,L2,True,True,,,True,3,RMSprop,max,,1e-05,0.24,0.24,0.24,,COMPLETE
21,0.3221496005809731,2025-09-12 09:35:15.760540,2025-09-12 09:35:27.196353,0 days 00:00:11.435813,,increasing,64,False,0.2,True,,,,,7.0,0.001,,L2,True,,,,False,2,AdamW,max,,2e-07,0.24,0.24,,,COMPLETE
22,0.2193362193362193,2025-09-12 09:35:27.198354,2025-09-12 09:35:28.810372,0 days 00:00:01.612018,,increasing,64,False,0.2,True,,,,,6.0,0.001,,L2,True,,,,False,2,AdamW,max,,0.0,0.2193362193362193,,,,PRUNED
23,0.3648148148148148,2025-09-12 09:35:28.811373,2025-09-12 09:35:40.387262,0 days 00:00:11.575889,,increasing,64,False,0.1,True,,,,,7.0,0.001,,L2,True,,,,False,2,AdamW,max,,0.0,0.2433862433862433,0.24,0.24,0.4861111111111111,COMPLETE
24,0.3910904712762297,2025-09-12 09:35:40.389263,2025-09-12 09:35:58.553123,0 days 00:00:18.163860,,increasing,64,False,0.1,True,True,,,,6.0,0.001,,L2,True,True,,,False,3,AdamW,max,,0.0,0.24,0.24,0.299719887955182,,COMPLETE
25,0.2355735492577597,2025-09-12 09:35:58.555123,2025-09-12 09:36:08.528214,0 days 00:00:09.973091,,uniform,16,False,0.1,False,True,,,,,0.001,,L2,True,True,,,False,3,AdamW,max,2.0,0.0,0.24,0.24,0.24,,COMPLETE
26,0.2369230769230769,2025-09-12 09:36:08.530215,2025-09-12 09:36:23.680507,0 days 00:00:15.150292,elu,increasing,64,True,0.0,True,True,,,64.0,4.0,0.001,,minmax,False,True,,,False,3,AdamW,max,,0.0,0.2307692307692307,0.24,0.24,0.24,COMPLETE
27,0.3617724867724867,2025-09-12 09:36:23.682508,2025-09-12 09:36:31.812319,0 days 00:00:08.129811,leakyrelu,increasing,64,False,0.1,False,True,True,,128.0,0.0,0.001,,L2,True,True,False,,False,4,AdamW,max,,1e-05,0.24,0.24,0.3518518518518518,,COMPLETE
28,0.2307692307692307,2025-09-12 09:36:31.814321,2025-09-12 09:36:36.559927,0 days 00:00:04.745606,elu,decreasing,16,False,0.0,,,,,768.0,9.0,5e-05,,L2,,,,,True,1,AdamW,mean,,0.0,0.2307692307692307,0.2307692307692307,,,PRUNED
29,0.2222222222222222,2025-09-12 09:36:36.560927,2025-09-12 09:36:40.654847,0 days 00:00:04.093920,relu,uniform,96,False,0.1,True,True,,,512.0,,0.0001,,minmax,True,True,,,False,3,AdamW,last,6.0,2e-06,0.2222222222222222,,,,PRUNED
30,0.1818181818181818,2025-09-12 09:36:40.655848,2025-09-12 09:36:45.681794,0 days 00:00:05.025946,tanh,decreasing,32,False,0.0,True,,,,1024.0,8.0,0.0002,,L2,True,,,,False,2,Adam,last,,1e-07,0.2780026990553306,0.2433862433862433,0.1818181818181818,,PRUNED
31,0.3688682490540075,2025-09-12 09:36:45.682794,2025-09-12 09:36:54.606989,0 days 00:00:08.924195,leakyrelu,increasing,64,False,0.1,False,True,True,,128.0,0.0,0.001,,L2,True,True,False,,False,4,AdamW,max,,1e-05,0.2916666666666667,0.24,0.24,0.2571428571428571,COMPLETE
32,0.1818181818181818,2025-09-12 09:36:54.608989,2025-09-12 09:36:57.078546,0 days 00:00:02.469557,leakyrelu,increasing,64,False,0.1,False,True,True,,128.0,1.0,1e-05,,L2,True,True,False,,False,4,AdamW,max,,1e-05,0.1818181818181818,,,,PRUNED
33,0.3513246500088605,2025-09-12 09:36:57.079546,2025-09-12 09:37:07.514268,0 days 00:00:10.434722,leakyrelu,increasing,64,False,0.1,False,True,True,True,128.0,1.0,0.001,,L2,True,True,False,True,False,5,AdamW,max,,5e-07,0.24,0.24,0.24,,COMPLETE
34,0.2369230769230769,2025-09-12 09:37:07.516269,2025-09-12 09:37:33.832257,0 days 00:00:26.315988,gelu,increasing,96,True,0.0,False,True,,,128.0,6.0,0.001,,minmax,True,True,,,False,3,AdamW,mean,,1e-05,0.24,0.24,,,COMPLETE
35,0.1818181818181818,2025-09-12 09:37:33.834257,2025-09-12 09:37:36.266805,0 days 00:00:02.432548,leakyrelu,increasing,128,False,0.1,False,True,,,64.0,3.0,2e-05,,L2,False,True,,,True,3,Adam,max,,1e-05,0.2307692307692307,0.1818181818181818,,,PRUNED
36,0.1818181818181818,2025-09-12 09:37:36.267805,2025-09-12 09:37:43.752519,0 days 00:00:07.484714,leakyrelu,increasing,64,True,0.1,False,True,False,,256.0,4.0,0.0001,0.4,minmax,True,True,True,,True,4,SGD,max,,1e-06,0.1818181818181818,,,,PRUNED
37,0.2307692307692307,2025-09-12 09:37:43.753519,2025-09-12 09:37:47.520367,0 days 00:00:03.766848,gelu,uniform,16,False,0.3,False,False,,,128.0,,0.001,,L2,False,False,,,False,3,AdamW,last,2.0,5e-07,0.2307692307692307,0.2307692307692307,,,PRUNED
38,0.2369230769230769,2025-09-12 09:37:47.521367,2025-09-12 09:38:02.213456,0 days 00:00:14.692089,tanh,decreasing,64,False,0.2,False,True,True,True,768.0,7.0,0.01,,L2,True,True,False,True,True,5,AdamW,mean,,1e-06,0.24,0.24,0.24,,COMPLETE
39,0.0392156862745098,2025-09-12 09:38:02.215456,2025-09-12 09:38:06.583537,0 days 00:00:04.368081,silu,increasing,128,True,0.4,True,,,,512.0,6.0,0.002,0.0,minmax,False,,,,False,2,SGD,max,,1e-05,0.0392156862745098,,,,PRUNED
40,0.1818181818181818,2025-09-12 09:38:06.584538,2025-09-12 09:38:09.981322,0 days 00:00:03.396784,,uniform,16,False,0.5,,,,,,,0.001,,L2,,,,,True,1,AdamW,max,1.0,0.0,0.24,0.1818181818181818,,,PRUNED
41,0.3778804473604132,2025-09-12 09:38:09.982322,2025-09-12 09:38:18.006634,0 days 00:00:08.024312,leakyrelu,increasing,64,False,0.1,False,True,True,,128.0,0.0,0.001,,L2,True,True,False,,False,4,AdamW,max,,1e-05,0.24,0.2407407407407407,,,COMPLETE
42,0.3721139971139971,2025-09-12 09:38:18.007634,2025-09-12 09:38:27.989756,0 days 00:00:09.982122,leakyrelu,increasing,64,False,0.0,False,True,True,,128.0,1.0,0.001,,L2,True,True,False,,False,4,AdamW,max,,1e-05,0.2769726247987117,0.2787878787878788,0.24,0.299719887955182,COMPLETE
43,0.4082291165624498,2025-09-12 09:38:27.991756,2025-09-12 09:38:38.816471,0 days 00:00:10.824715,leakyrelu,increasing,64,False,0.0,False,True,True,,128.0,1.0,0.001,,L2,True,True,False,,False,4,AdamW,max,,1e-05,0.3787878787878787,0.24,0.24,,COMPLETE
44,0.2193362193362193,2025-09-12 09:38:38.819472,2025-09-12 09:38:41.734128,0 days 00:00:02.914656,leakyrelu,increasing,64,False,0.0,False,True,True,,128.0,1.0,0.001,,L2,True,True,False,,False,4,AdamW,max,,1e-05,0.2193362193362193,,,,PRUNED
45,0.1818181818181818,2025-09-12 09:38:41.735128,2025-09-12 09:38:44.260709,0 days 00:00:02.525581,leakyrelu,increasing,64,False,0.0,False,True,True,,128.0,0.0,0.001,,L2,True,True,False,,False,4,AdamW,max,,1e-05,0.1818181818181818,,,,PRUNED
46,0.1818181818181818,2025-09-12 09:38:44.262709,2025-09-12 09:38:47.438852,0 days 00:00:03.176143,leakyrelu,increasing,64,False,0.0,False,True,True,False,128.0,1.0,1e-05,,L2,True,True,False,False,False,5,AdamW,max,,1e-05,0.1818181818181818,,,,PRUNED
47,0.3480753164963692,2025-09-12 09:38:47.439853,2025-09-12 09:38:58.762222,0 days 00:00:11.322369,leakyrelu,increasing,64,False,0.0,False,True,True,,128.0,2.0,0.001,,L2,True,True,False,,False,4,AdamW,max,,1e-05,0.3055555555555555,0.24,0.24,,COMPLETE
48,0.1818181818181818,2025-09-12 09:38:58.765223,2025-09-12 09:39:01.811908,0 days 00:00:03.046685,leakyrelu,increasing,64,True,0.0,False,True,True,,128.0,0.0,0.0002,,L2,True,True,False,,False,4,AdamW,mean,,1e-05,0.2307692307692307,0.1818181818181818,,,PRUNED
49,0.1818181818181818,2025-09-12 09:39:01.812909,2025-09-12 09:39:04.617045,0 days 00:00:02.804136,leakyrelu,increasing,64,False,0.1,False,True,True,False,128.0,0.0,2e-05,,L2,True,True,False,True,False,5,AdamW,max,,2e-07,0.2307692307692307,0.1818181818181818,,,PRUNED
