number,value,state,datetime_start,datetime_complete,duration,hidden_layers,norm_layers,dropout_layers,activation,base_dim,batch_size,dropout,lr,momentum_sgd,norm,num_layers,optimizer,pattern,pca_frac,pooling,use_pca,weight_decay
0,0.419338186396587,COMPLETE,2025-11-27 03:03:04.389473,2025-11-27 03:03:35.779198,0 days 00:00:31.389725,"[512, 256, 128, 64, 64, 64]",[],"[1, 2, 4, 5]",tanh,512,48,0.1,0.0005,,L2,6,AdamW,decreasing,,max,False,1e-05
1,0.44390180398691326,COMPLETE,2025-11-27 03:03:35.779198,2025-11-27 03:04:02.665133,0 days 00:00:26.885935,[896],[],[],tanh,896,16,,0.0001,,minmax,1,AdamW,decreasing,,mean,False,0.0
2,0.3309143686502177,PRUNED,2025-11-27 03:04:02.667138,2025-11-27 03:04:04.103247,0 days 00:00:01.436109,[1024],[],[],elu,1024,96,,0.0005,,minmax,1,AdamW,increasing,0.5,mean,True,1e-06
3,0.21758419036095988,COMPLETE,2025-11-27 03:04:04.104250,2025-11-27 03:04:40.092267,0 days 00:00:35.988017,"[64, 64, 96, 192]","[1, 2, 3]","[1, 2, 3]",silu,192,16,0.4,0.0005,0.7,L2,4,SGD,increasing,,max,False,1e-05
4,0.4212246815152188,COMPLETE,2025-11-27 03:04:40.092267,2025-11-27 03:04:50.404744,0 days 00:00:10.312477,"[96, 192, 384]",[1],[],tanh,384,128,,5e-05,,minmax,3,Adam,increasing,,mean,False,1e-05
5,0.28055407423811607,COMPLETE,2025-11-27 03:04:50.404744,2025-11-27 03:04:58.127671,0 days 00:00:07.722927,[256],[],[],silu,256,64,,1e-05,0.7,minmax,1,SGD,decreasing,0.6,mean,True,0.0
6,0.21637426900584797,PRUNED,2025-11-27 03:04:58.129677,2025-11-27 03:05:08.545586,0 days 00:00:10.415909,"[192, 192, 192, 192, 192]","[1, 2, 4]","[1, 4]",elu,192,96,0.4,0.0005,,minmax,5,Adam,uniform,,mean,False,1e-06
7,0.28518518518518515,PRUNED,2025-11-27 03:05:08.545586,2025-11-27 03:05:10.857766,0 days 00:00:02.312180,[512],[],[],relu,512,32,,0.0005,0.0,minmax,1,SGD,decreasing,0.9,max,True,0.0
8,0.1761006289308176,PRUNED,2025-11-27 03:05:10.857766,2025-11-27 03:05:12.264587,0 days 00:00:01.406821,"[512, 256]",[],[1],leakyrelu,512,128,0.1,2e-05,,L2,2,RMSprop,decreasing,0.9,max,True,1e-05
9,0.21238938053097345,PRUNED,2025-11-27 03:05:12.280257,2025-11-27 03:05:44.795775,0 days 00:00:32.515518,"[512, 512, 512, 512, 512]",[4],"[2, 3]",tanh,512,16,0.5,1e-05,,minmax,5,RMSprop,uniform,0.7,max,True,1e-06
10,0.4281345688997743,COMPLETE,2025-11-27 03:05:44.795775,2025-11-27 03:06:16.248831,0 days 00:00:31.453056,"[896, 448, 224]",[2],[],gelu,896,16,,0.0001,,L2,3,AdamW,decreasing,,mean,False,0.0001
11,0.21637426900584797,PRUNED,2025-11-27 03:06:16.248831,2025-11-27 03:06:34.835148,0 days 00:00:18.586317,"[896, 448, 224]",[2],[],gelu,896,16,,0.0001,,L2,3,AdamW,decreasing,,mean,False,0.0001
12,0.32717244616558117,PRUNED,2025-11-27 03:06:34.836150,2025-11-27 03:06:39.988947,0 days 00:00:05.152797,"[896, 448]",[],[],gelu,896,16,,0.0001,,L2,2,AdamW,decreasing,,mean,False,0.0001
13,0.4549757190847551,COMPLETE,2025-11-27 03:06:39.989949,2025-11-27 03:07:12.388855,0 days 00:00:32.398906,"[896, 448]",[],[],leakyrelu,896,16,,0.0002,,L2,2,AdamW,decreasing,,mean,False,1e-07
14,0.21839080459770113,PRUNED,2025-11-27 03:07:12.388855,2025-11-27 03:07:15.608417,0 days 00:00:03.219562,"[640, 320]",[1],[],leakyrelu,640,32,,0.0002,,minmax,2,AdamW,decreasing,,mean,False,1e-07
15,0.21238938053097345,PRUNED,2025-11-27 03:07:15.608417,2025-11-27 03:07:24.065598,0 days 00:00:08.457181,"[128, 128]",[],[],leakyrelu,128,48,,0.0002,,L2,2,AdamW,uniform,,mean,False,1e-07
16,0.41635641108793997,COMPLETE,2025-11-27 03:07:24.066601,2025-11-27 03:07:33.498643,0 days 00:00:09.432042,[768],[],[],relu,768,64,,0.001,,L2,1,AdamW,decreasing,,mean,False,1e-07
17,0.2964396284829722,PRUNED,2025-11-27 03:07:33.498643,2025-11-27 03:07:38.545848,0 days 00:00:05.047205,"[896, 448]",[],[],tanh,896,16,,0.0002,,minmax,2,RMSprop,decreasing,,mean,False,0.0
18,0.3886878109452736,PRUNED,2025-11-27 03:07:38.545848,2025-11-27 03:07:56.889045,0 days 00:00:18.343197,"[896, 896, 896, 896]","[1, 3]","[1, 2, 3]",leakyrelu,896,16,0.2,5e-05,,minmax,4,Adam,uniform,,mean,False,1e-07
19,0.21839080459770113,PRUNED,2025-11-27 03:07:56.889045,2025-11-27 03:07:59.077250,0 days 00:00:02.188205,[256],[],[],tanh,256,16,,2e-05,,L2,1,AdamW,increasing,,mean,False,0.0
20,0.21839080459770113,PRUNED,2025-11-27 03:07:59.077250,2025-11-27 03:08:04.311776,0 days 00:00:05.234526,"[128, 64, 64]",[2],[],leakyrelu,128,48,,0.001,,L2,3,AdamW,decreasing,,mean,False,0.0
21,0.21839080459770113,PRUNED,2025-11-27 03:08:04.311776,2025-11-27 03:08:10.842607,0 days 00:00:06.530831,"[896, 448, 224]",[2],[],gelu,896,16,,0.0001,,L2,3,AdamW,decreasing,,mean,False,0.0001
22,0.3365474900686169,PRUNED,2025-11-27 03:08:10.842607,2025-11-27 03:08:15.936280,0 days 00:00:05.093673,"[896, 448]",[],[],gelu,896,16,,0.0001,,L2,2,AdamW,decreasing,,mean,False,0.0001
23,0.21839080459770113,PRUNED,2025-11-27 03:08:15.936280,2025-11-27 03:08:30.701986,0 days 00:00:14.765706,"[896, 448, 224, 112]","[2, 3]",[],gelu,896,16,,0.0001,,L2,4,AdamW,decreasing,,mean,False,1e-07
24,0.1761006289308176,PRUNED,2025-11-27 03:08:30.717873,2025-11-27 03:08:43.410662,0 days 00:00:12.692789,"[384, 192, 96]",[2],[],elu,384,16,,0.0002,,L2,3,AdamW,decreasing,,mean,False,0.0001
25,0.41654067972222875,COMPLETE,2025-11-27 03:08:43.411664,2025-11-27 03:09:03.577243,0 days 00:00:20.165579,"[1024, 512]",[],[],relu,1024,32,,0.0001,,L2,2,AdamW,decreasing,,mean,False,0.0001
26,0.21839080459770113,PRUNED,2025-11-27 03:09:03.592908,2025-11-27 03:09:05.124184,0 days 00:00:01.531276,[640],[],[],silu,640,64,,0.0001,,minmax,1,Adam,decreasing,0.8,max,True,1e-07
27,0.21839080459770113,PRUNED,2025-11-27 03:09:05.124184,2025-11-27 03:09:05.945706,0 days 00:00:00.821522,"[768, 384, 192]",[2],[],gelu,768,128,,0.0002,0.8,L2,3,SGD,decreasing,,mean,False,0.0
28,0.4567323999709284,COMPLETE,2025-11-27 03:09:05.945706,2025-11-27 03:09:17.873225,0 days 00:00:11.927519,"[896, 896]",[1],[1],tanh,896,96,0.3,0.0001,,minmax,2,RMSprop,uniform,,mean,False,1e-07
29,0.19487179487179487,PRUNED,2025-11-27 03:09:17.873225,2025-11-27 03:09:18.631890,0 days 00:00:00.758665,[896],[],[],tanh,896,96,,0.001,,minmax,1,RMSprop,uniform,,max,False,1e-07
30,0.3715943605784487,PRUNED,2025-11-27 03:09:18.632892,2025-11-27 03:09:26.342624,0 days 00:00:07.709732,"[896, 896, 896, 896, 896, 896]","[1, 5]","[1, 2]",tanh,896,96,0.3,1e-05,,minmax,6,RMSprop,uniform,,mean,False,1e-07
31,0.468474060819218,COMPLETE,2025-11-27 03:09:26.342624,2025-11-27 03:09:35.264095,0 days 00:00:08.921471,"[896, 896]",[1],[1],tanh,896,96,0.3,0.0001,,minmax,2,RMSprop,uniform,,mean,False,1e-07
32,0.23511904761904764,PRUNED,2025-11-27 03:09:35.264095,2025-11-27 03:09:37.029715,0 days 00:00:01.765620,"[896, 896]",[1],[1],tanh,896,96,0.3,0.0001,,minmax,2,RMSprop,uniform,,mean,False,1e-07
33,0.08888888888888889,PRUNED,2025-11-27 03:09:37.029715,2025-11-27 03:09:39.107692,0 days 00:00:02.077977,"[1024, 1024]",[1],[1],tanh,1024,96,0.3,0.0001,,minmax,2,RMSprop,uniform,,mean,False,1e-07
34,0.33614382098842926,COMPLETE,2025-11-27 03:09:39.107692,2025-11-27 03:09:51.139249,0 days 00:00:12.031557,[192],[],[],tanh,192,96,,5e-05,,minmax,1,RMSprop,uniform,,mean,False,1e-07
35,0.2828282828282828,PRUNED,2025-11-27 03:09:51.139249,2025-11-27 03:09:51.998036,0 days 00:00:00.858787,[896],[],[],tanh,896,96,,0.0001,,minmax,1,RMSprop,increasing,0.7,mean,True,1e-05
36,0.2521625163826999,PRUNED,2025-11-27 03:09:51.998036,2025-11-27 03:09:52.961818,0 days 00:00:00.963782,"[256, 256]",[1],[1],tanh,256,96,0.3,0.0002,,minmax,2,RMSprop,uniform,,mean,False,1e-06
37,0.08888888888888889,PRUNED,2025-11-27 03:09:52.962820,2025-11-27 03:09:56.498477,0 days 00:00:03.535657,[384],[],[],elu,384,48,,2e-05,0.9,minmax,1,SGD,increasing,,max,False,1e-07
38,0.18238993710691823,PRUNED,2025-11-27 03:09:56.498477,2025-11-27 03:10:03.170237,0 days 00:00:06.671760,"[896, 896]",[1],[1],silu,896,96,0.3,0.0005,,minmax,2,Adam,uniform,0.8,mean,True,0.0
39,0.38106293305550015,COMPLETE,2025-11-27 03:10:03.170237,2025-11-27 03:10:11.482394,0 days 00:00:08.312157,[192],[],[],leakyrelu,192,96,,0.0001,,minmax,1,RMSprop,uniform,,max,False,1e-05
40,0.22576832151300233,PRUNED,2025-11-27 03:10:11.482394,2025-11-27 03:10:13.296171,0 days 00:00:01.813777,"[64, 64, 64, 64, 128]","[1, 3]","[1, 2, 3, 4]",tanh,128,128,0.5,5e-05,0.0,minmax,5,SGD,increasing,0.6,mean,True,1e-07
41,0.22168604226072972,PRUNED,2025-11-27 03:10:13.296171,2025-11-27 03:10:26.735093,0 days 00:00:13.438922,"[896, 448, 224]","[1, 2]",[1],tanh,896,16,0.2,0.0001,,L2,3,AdamW,decreasing,,mean,False,1e-06
42,0.24444444444444444,PRUNED,2025-11-27 03:10:26.735093,2025-11-27 03:10:34.330038,0 days 00:00:07.594945,"[896, 896, 896]","[1, 2]",[1],relu,896,16,0.3,0.0001,,minmax,3,AdamW,uniform,,mean,False,0.0001
43,0.3321048450933475,COMPLETE,2025-11-27 03:10:34.331040,2025-11-27 03:10:51.545482,0 days 00:00:17.214442,"[896, 448]",[1],[1],leakyrelu,896,64,0.3,1e-05,,L2,2,AdamW,decreasing,,mean,False,0.0
44,0.4957167534543442,COMPLETE,2025-11-27 03:10:51.545482,2025-11-27 03:11:21.388791,0 days 00:00:29.843309,"[512, 256, 128, 64]",[2],"[1, 3]",gelu,512,32,0.3,0.0001,,minmax,4,RMSprop,decreasing,,mean,False,1e-07
45,0.471526953390865,COMPLETE,2025-11-27 03:11:21.404534,2025-11-27 03:11:48.311475,0 days 00:00:26.906941,"[512, 512, 512, 512]","[1, 2]","[1, 3]",silu,512,32,0.3,0.0001,,minmax,4,RMSprop,uniform,,mean,False,1e-07
46,0.21839080459770113,PRUNED,2025-11-27 03:11:48.311475,2025-11-27 03:11:56.983825,0 days 00:00:08.672350,"[512, 512, 512, 512]","[1, 2]","[1, 3]",silu,512,32,0.3,0.0001,,minmax,4,RMSprop,uniform,,mean,False,1e-07
47,0.21839080459770113,PRUNED,2025-11-27 03:11:56.983825,2025-11-27 03:11:59.499580,0 days 00:00:02.515755,"[512, 512, 512, 512, 512]","[1, 2, 4]","[1, 3]",silu,512,32,0.3,0.0005,,minmax,5,RMSprop,uniform,,mean,False,1e-07
48,0.2222222222222222,PRUNED,2025-11-27 03:11:59.499580,2025-11-27 03:12:01.702261,0 days 00:00:02.202681,"[512, 512, 512, 512]","[1, 2]","[1, 3]",silu,512,32,0.3,0.0001,,minmax,4,RMSprop,uniform,,mean,False,1e-07
49,0.1761006289308176,PRUNED,2025-11-27 03:12:01.702261,2025-11-27 03:12:08.390653,0 days 00:00:06.688392,"[512, 512, 512, 512, 512]","[1, 2, 4]","[1, 3]",elu,512,32,0.3,0.0002,,minmax,5,RMSprop,uniform,,max,False,1e-07
